rgb_r_median	rgb_g_median	rgb_b_median	rgb_r_std	rgb_g_std	rgb_b_std	rgb_r_skew	rgb_g_skew	rgb_b_skew	hsv_h_median	hsv_s_median	hsv_v_median	hsv_h_std	hsv_s_std	hsv_v_std	hsv_h_skew	hsv_s_skew	hsv_v_skew	Lab_L_median	Lab_a_median	Lab_b_median	Lab_L_std	Lab_a_std	Lab_b_std	Lab_L_skew	Lab_a_skew	Lab_b_skew	CIECAM02_J	CIECAM02_M	CIECAM02_h_cam	yuv_y	yuv_u	yuv_v	cmyk_c	cmyk_m	cmyk_y	cmyk_k	rg_ratio_median	rb_ratio_median	bg_ratio_median	orange_intensity	saturation	yellow_component	SampleName	BatchID	Concentration
159.0	86.0	27.0	2.923973278855045	3.5535695548024275	2.063951241451349	-1.7763870649818168	-0.1217855746309734	0.3443995705485292	0.0739348370927318	0.8271604938271604	0.6235294117647059	0.0027228517143382	0.0122732888942397	0.0114665618778608	0.4700462955704364	-0.543782322155803	-1.7763870649497857	44.45487597872521	25.81176926504441	45.09931861156999	1.1200497627765638	1.6141008148721765	0.7515092385703678	-0.967789760533448	-0.6491295904119114	-1.9709595046883368	44.45487597872521	51.963409932565	1.050969664511045	101.0	92.0	178.0	0.0	0.45962655544281	0.8271591663360596	0.3764705657958984	1.8505747318267824	5.78571367263794	0.3181818127632141	118.0	-3.76470504152264	0.5403726674511015	batch-2025-04-02_1	batch-2025-04-02	12.02
122.0	38.0	7.0	2.803419195775785	2.719366140627438	1.624577762268438	-1.599191890080441	0.3260648433513205	0.2679013775413587	0.0445402298850574	0.9411764705882352	0.4784313725490196	0.0021890532929406	0.0125785952057005	0.0109938007677504	0.3529748755667961	-0.2060621433498891	-1.5991918901024076	28.201224912909588	35.002345400723335	36.9885591767652	0.952646305145838	0.8632510982404569	0.7392786720557819	-0.6912812684695143	-0.6391634088863486	-2.0850647929596304	28.201224912909588	50.9246275737447	0.8129809539109311	60.0	102.0	181.0	0.0	0.6890741586685181	0.9411744475364684	0.5215686559677124	3.216216325759888	16.999998092651367	0.1944444477558136	82.2	0.870370372770919	0.3109243671350893	batch-2025-04-02_2	batch-2025-04-02	136.74
97.0	24.0	6.0	4.95559517866216	2.443732899394439	1.311600100220408	-0.8052815681604377	0.3852844894099045	0.3846466224535083	0.0336879432624113	0.9375	0.3803921568627451	0.0023175696956532	0.0129211175841815	0.0194337065829876	0.291312786878834	-0.3483348124240699	-0.8052815681671434	21.01249049660916	31.66872845770072	28.586195657804225	1.379117639825094	1.2323690203009514	1.6656452206165149	-0.5289109299999867	-1.1266416454385066	-0.8583550240938251	21.01249049660916	42.66238324699932	0.7342845341102772	44.0	110.0	174.0	0.0	0.7499979734420776	0.9374974966049194	0.6196078062057495	3.999999761581421	15.99999713897705	0.2499999850988388	64.39999999999999	0.8571428605442176	0.2499999975	batch-2025-04-02_3	batch-2025-04-02	342.27
76.0	15.0	3.0	3.915148758769336	1.6825514628280844	1.3370365717480892	-0.3764349513666066	0.086795506234879	0.4310618618482273	0.0273972602739726	0.96	0.2980392156862745	0.0016948512742783	0.0158914343073722	0.0153535245442007	0.3901618160321757	-0.2720601886607766	-0.3764349513857821	14.872949310208313	27.82005473860972	21.59236862021264	1.1274374123465478	0.9639206104625704	1.2390588566109968	-0.3084829962726552	-0.4970868448319641	-0.8591926969788031	14.872949310208313	35.216272208886394	0.6600243945902469	32.0	114.0	167.0	0.0	0.7974658012390137	0.9599967002868652	0.7019608020782471	4.937499523162842	24.99999237060547	0.199999988079071	49.2	0.9042553222046174	0.2025316430059285	batch-2025-04-02_4	batch-2025-04-02	593.77
110.0	31.0	10.0	4.095882631771385	2.6150915396153653	1.7035754819181173	-1.5159761659676734	0.1451312623005058	-0.1042750090925584	0.0352564102564102	0.90990990990991	0.4313725490196078	0.0024434270066628	0.0140728904219713	0.0160622848304749	0.2530937676131492	-0.0787727702456401	-1.5159761659658988	24.736956465970124	33.95355895326585	31.78177012694581	1.1550638095634922	1.2671952177440575	1.0295770823217734	-1.213003633609722	-0.7502203421431085	-1.5589025375547885	24.736956465970124	46.5072583366825	0.7523717956954187	52.0	107.0	179.0	0.0	0.7222204804420471	0.9099078178405762	0.5686274766921997	3.5999996662139893	11.099998474121094	0.3333333134651184	74.6	0.8013245072584535	0.2777777752057613	batch-2025-04-02_5	batch-2025-04-02	333.3
60.0	14.0	3.0	3.824062029600371	3.166127573983152	1.7072455023565134	-0.1759068373533535	0.5226217230757174	1.516328294395004	0.0344827586206896	0.9491525423728812	0.2352941176470588	0.0049573462906819	0.0257878798266138	0.0149963216847074	-0.3410108449625492	-1.4681174040537093	-0.175906837358243	11.161710252076125	21.78871282812588	16.367645656707523	1.4306680184938372	0.7319730052037746	1.735892138156832	0.1334209118875942	-2.105274094455494	-0.412036683139475	11.161710252076125	27.251565662362843	0.6442676273410567	27.0	116.0	158.0	0.0	0.7666634321212769	0.9491484761238098	0.7647058963775635	4.285714149475098	19.66666030883789	0.2307692170143127	39.6	0.8800000047999998	0.2333333294444445	batch-2025-04-02_7	batch-2025-04-02	383.43
75.0	15.0	3.0	5.826292733456048	2.3265387002179407	1.504210272913614	-0.5226757390453307	0.1256793871392098	0.2814337401095871	0.0273972602739725	0.9571428571428572	0.2941176470588235	0.0021429912416602	0.0175435466806937	0.0228482067978685	0.0570992770681897	-0.0898313587160868	-0.5226757390583897	14.872949310208313	27.11939490042378	21.46568464945521	1.657606562292865	1.4455033899631249	1.9836224118094223	-0.4289579585893264	-0.7303865367716268	-0.8384459537590746	14.872949310208313	34.58666212913568	0.6695519802019207	32.0	114.0	166.0	0.0	0.7974658012390137	0.9571393132209778	0.7058823108673096	4.937499523162842	23.33332633972168	0.2142857015132904	49.2	0.8977272762138429	0.2025316430059285	batch-2025-04-02_8	batch-2025-04-02	588.5
82.0	17.0	4.0	4.638131073595451	1.8396815565177231	1.274887148276137	-1.0794913722078527	0.0386526577229206	-0.3592869434719209	0.0269607843137254	0.948051948051948	0.3215686274509804	0.0023579274484877	0.0144015624928378	0.0181887493082211	0.4692935949312155	0.3421424851679432	-1.0794913722224146	16.482199740654494	29.305538083577527	22.79059042008398	1.2792998570364147	1.2649931531196246	1.5083447708219984	-0.9727969856589762	-1.0493757286907834	-0.8585529954726319	16.482199740654494	37.12446058953633	0.6609877620656214	35.0	114.0	169.0	0.0	0.7926804423332214	0.948048770427704	0.6784313917160034	4.82352876663208	19.24999618530273	0.2499999701976776	53.39999999999999	0.8762886636199383	0.2073170706424747	batch-2025-04-02_9	batch-2025-04-02	447.28
87.0	20.0	5.0	5.118209146003413	2.293001367164383	1.5012636376702375	-1.0951481582136022	-0.1168896010350691	-0.0362582271466756	0.0308641975308641	0.9347826086956522	0.3411764705882353	0.0022107364299075	0.0157428078782192	0.0200714084157002	0.0514582901111986	0.0656730492456078	-1.0951481582289786	18.214607729052496	29.51249715316473	25.09444925925191	1.4391837783877226	1.3012397298732277	1.6397062975168422	-0.952818390830108	-1.1345794544962815	-1.1552852326578693	18.214607729052496	38.73911294597135	0.7046676715694082	39.0	112.0	170.0	0.0	0.7640427947044373	0.9347800016403198	0.6588234901428223	4.238094806671143	15.333331108093262	0.2727272510528564	57.2	0.85000000375	0.2359550535285949	batch-2025-04-02_12	batch-2025-04-02	389.23
75.0	15.0	3.0	5.082043187666522	2.166999210454513	1.4905697003580614	-0.5912195106465711	0.196056894184549	0.5880957417174115	0.0273972602739726	0.958904109589041	0.2941176470588235	0.0020532199605783	0.0178360897670137	0.019929581128106	0.1882461413544205	-0.4165915168309315	-0.5912195106572673	14.80881325287204	27.032355105247152	21.46568464945521	1.4650332175434353	1.258439733718271	1.7175606980439513	-0.4461299512138047	-0.9207354257220028	-0.9371669113834712	14.80881325287204	34.51845651250993	0.6711169384777345	32.0	114.0	166.0	0.0	0.7972944974899292	0.95890074968338	0.7058823108673096	4.933332920074463	24.33332633972168	0.2142857015132904	48.8	0.9000000033333332	0.202702699963477	batch-2025-04-02_13	batch-2025-04-02	653.93
95.0	22.0	5.0	5.0407881643602055	2.121865359743929	1.1744301541531743	-1.1494499471989617	-0.1491652700183155	-0.1341647624861231	0.0329457364341085	0.9473684210526316	0.3725490196078431	0.0022934272598998	0.0118792027076936	0.0197677967229888	-0.0414995409500368	0.1986217490082655	-1.149449947196876	20.10888832145533	31.77098145082763	28.28608827920825	1.380239524455505	1.2313968608076569	1.7117321284103575	-0.9924942175854964	-1.3890434563966712	-1.064520601894076	20.10888832145533	42.53819521897933	0.7274367978114629	42.0	110.0	174.0	0.0	0.7659553289413452	0.9473658800125122	0.6274509429931641	4.272727012634277	18.99999618530273	0.2272727042436599	62.2	0.8780487834622248	0.234042550701675	batch-2025-04-02_14	batch-2025-04-02	349.13
109.0	31.0	9.0	5.591574193831179	3.236234477083474	1.9757238231690104	-1.2176528592092224	-0.1642620115188986	-0.3699912784878967	0.0378006872852233	0.9174311926605504	0.4274509803921568	0.0023653308043559	0.0158480977487507	0.0219277419365973	0.3350564975348051	0.4182223210104725	-1.217652859207198	24.3235251663108	32.58688387216269	31.541185584243248	1.6399512182392708	1.203582734927089	1.4448460718415157	-0.9779641817032496	-0.9974499981536128	-1.5971970029206477	24.3235251663108	45.35142102026673	0.7690932032100949	52.0	107.0	177.0	0.0	0.7155946493148804	0.9174290299415588	0.5725489854812622	3.5161287784576416	12.111109733581545	0.2903225719928741	73.19999999999999	0.8175675712655222	0.2844036671155627	batch-2025-04-02_15	batch-2025-04-02	152.68
142.0	56.0	17.0	4.4569566053836205	3.891672122286259	2.238026762705379	-1.1358856391147305	0.2106548655915366	0.414464445415048	0.0519125683060109	0.8787878787878788	0.5568627450980392	0.0027515868475355	0.0151047308591581	0.0174782611975859	0.537645309128778	-0.617546578473156	-1.1358856391191503	35.22469158576889	33.9621600021798	39.94117315508769	1.405317632238041	1.59093139601211	1.1824713111250742	-0.7057195169180308	-0.4904605423321575	-0.9603266316737408	35.22469158576889	52.428290311799785	0.866125500521404	77.0	98.0	183.0	0.0	0.604315459728241	0.8787861466407776	0.4431372284889221	2.527272701263428	8.249999046325684	0.3050847351551056	99.8	0.7594339656683873	0.3956834503907666	batch-2025-04-02_16	batch-2025-04-02	70.59
114.0	38.0	9.0	5.338531292653871	3.4760393794728874	1.4482822949721197	-1.2651539810111052	-0.2890137808091454	-0.2616927918415095	0.0455974842767295	0.9210526315789476	0.4470588235294118	0.0029280829294189	0.0112825235701601	0.0209354168339391	0.3153740921369239	0.0803403801638278	-1.2651539810115755	26.882171837432274	31.912906399802683	34.51034501302308	1.6004214549681943	1.246850569065652	1.5252426674274877	-1.0692008094977423	-0.7186688633008136	-1.3350033441002274	26.882171837432274	47.00422861616233	0.8244826076685018	58.0	104.0	178.0	0.0	0.6695637702941895	0.9210505485534668	0.5529412031173706	3.026315689086914	12.666665077209473	0.2368421107530594	78.39999999999999	0.8322981397708421	0.3304347797353497	batch-2025-04-02_17	batch-2025-04-02	87.26
104.0	34.0	10.0	5.199030722053912	3.5126682846069004	2.12115879232286	-1.1075081018604649	0.1201236873134927	-0.2310697718619625	0.0439560439560439	0.9029126213592232	0.4078431372549019	0.0028741887461885	0.0173734371409796	0.0203883557727597	0.575480141279851	0.1512944348869852	-1.107508101857036	24.2261788826371	29.718913192271824	30.5273385136308	1.6096742993369888	1.298082582390523	1.262398269825087	-0.7321020268286897	-0.6405437578933257	-1.1859523977055135	24.2261788826371	42.60436829781184	0.7988160405556624	52.0	107.0	173.0	0.0	0.6698096990585327	0.9029103517532348	0.5921568870544434	3.028571367263794	10.299999237060549	0.294117659330368	71.8	0.7945205521673859	0.3301886761302955	batch-2025-04-02_18	batch-2025-04-02	84.78
167.0	106.0	33.0	2.32684287480009	3.111437432907334	2.734150195615098	-1.665449653380343	0.2723910548398081	0.6177646335403133	0.0904392764857881	0.8023952095808383	0.6549019607843137	0.0023117813681516	0.0160145925618686	0.0091248740188248	0.607774556641064	-0.6559313792621277	-1.6654496534031589	50.13800900734499	18.02282504355696	48.18384803184424	0.9517751478041448	1.5125477638478853	0.739424391803306	-0.3603283088353969	-0.6443390033709417	-0.989322889795809	50.13800900734499	51.44419727925127	1.2128650437975883	116.0	87.0	172.0	0.0	0.3636357486248016	0.8023939728736877	0.3450980186462402	1.5714285373687744	5.060606002807617	0.3142857253551483	128.0	-0.999999882352948	0.6363636325068871	batch-2025-04-02_19	batch-2025-04-02	7.46
78.0	11.0	2.0	2.62875416978139	0.6800166380199705	0.7325900623369963	0.19115944838821	-0.0631225822431303	-0.1712359327443108	0.0189873417721519	0.974025974025974	0.3058823529411765	0.001430965920471	0.0091089019683251	0.0103088398814935	0.2962920604075514	0.2846884099003389	0.1911594483711301	14.744409773979848	30.090223032687	21.547936455844308	0.6577364614987469	0.8558702185925869	0.9021155360725892	0.2231555329344364	0.0469961140421623	0.0416913009984803	14.744409773979848	37.00993228394171	0.6214570066005372	30.0	115.0	170.0	0.0	0.8589715361595154	0.9740226864814758	0.6941176652908325	7.090908527374268	38.49998092651367	0.1818181723356247	49.2	0.9325842719353616	0.14102563921762	batch-2025-04-16_1	batch-2025-04-16	731.73
158.0	87.0	26.0	4.786598974516754	5.013976670860884	2.308048603954575	-6.231304513937414	-3.4259975544611225	-1.3287470796502605	0.0764411027568922	0.8364779874213837	0.6196078431372549	0.0034528013787402	0.0128310621911677	0.0187709763706466	-1.3732581406035145	0.6039779212019804	-6.2313045139471095	44.45823960045715	25.20068224711697	45.1862334473241	1.7966604252842728	1.631599271004467	1.2632518516975946	-5.221771076271204	-0.6453045442665777	-6.327154001337695	44.45823960045715	51.73847774022954	1.062055235855916	101.0	91.0	178.0	0.0	0.4528294205665588	0.8364766240119934	0.3803921341896057	1.8275861740112305	6.115384101867676	0.3012048304080963	117.6	-4.199998960000208	0.5471698078794351	batch-2025-04-16_2	batch-2025-04-16	6.57
62.0	8.0	2.0	1.9661533368454511	0.6649552101451071	0.8107284931710594	0.4159252254062148	0.0187209467433707	-0.4343899439923056	0.014367816091954	0.9666666666666668	0.2431372549019607	0.0025605469094474	0.0131957862785817	0.007710405242528	0.259455986012471	0.4018958620283474	0.4159252253658465	10.431332610241425	25.354745909087704	15.053053019954517	0.5207915024653326	0.6660622437048919	0.8810502659575193	0.4585260489195289	0.1959121350018477	0.4578962386447945	10.431332610241425	29.486565505937808	0.5357725308462239	23.0	118.0	162.0	0.0	0.8749964833259583	0.966662585735321	0.7568627595901489	7.999999046325684	29.99998664855957	0.2857142388820648	39.0	0.9130434820415876	0.124999998046875	batch-2025-04-16_3	batch-2025-04-16	977.44
132.0	66.0	19.0	3.3426119780430543	3.412899967494861	2.1911791051360305	-0.5331445004993655	0.7316020305962702	0.824038062507125	0.0695652173913043	0.8560606060606061	0.5176470588235295	0.0020863559473246	0.0140091983460361	0.0131082822668365	0.6166135765787063	-0.7889075439417862	-0.5331445004753137	35.845445987348434	25.254644034153035	39.0610409670293	1.267854295957317	0.9968485955950814	0.7394573127521883	0.2792202220344816	-1.3477462024406344	-1.8392202372657096	35.845445987348434	46.51410502976192	0.9968551491354654	81.0	98.0	174.0	0.0	0.5037584900856018	0.8560589551925659	0.4823529124259949	2.0151515007019043	6.947367668151856	0.2923077046871185	96.6	0.7361111147762345	0.4962405977726271	batch-2025-04-16_4	batch-2025-04-16	6.63
69.0	9.0	2.0	2.3683587077230075	0.9044060742761184	0.7045137489867758	-0.0482178178914635	0.406370381907569	-0.507227314576793	0.0185185185185185	0.9710144927536232	0.2705882352941176	0.0021888605317946	0.0102709509023336	0.0092876812067626	-0.1827406943174814	0.4296312789334445	-0.0482178179193783	12.38622646008578	27.58562382927656	18.41902078336957	0.6550847350950393	0.6627760160158392	0.9955243312778784	0.0728364043776885	-0.4740145029072869	-0.2095990500384875	12.38622646008578	33.1696694084905	0.5887201480871805	26.0	116.0	166.0	0.0	0.8695619702339172	0.9710108637809752	0.7294117212295532	7.666666030883789	34.49998474121094	0.199999988079071	43.6	0.9250000028125	0.1304347807183365	batch-2025-04-16_5	batch-2025-04-16	668.93
59.0	8.0	2.0	2.5292205143072146	0.6638838561700312	0.7787037604837164	-0.0488060877209431	-0.135118331926299	-0.2345445037398068	0.0161290322580645	0.9661016949152542	0.2313725490196078	0.0023791601465058	0.013305696909145	0.0099185118208148	-0.1450666405496911	0.183621018097018	-0.0488060877527718	9.89579794340128	24.301870242891795	14.554521642396828	0.6702163082226957	0.8326649896497018	1.0897155801248168	-0.1512410544802927	0.1253451269144025	-0.2222072603502021	9.89579794340128	28.32693060572125	0.539614268450187	23.0	118.0	160.0	0.0	0.8688488602638245	0.9660975337028505	0.7686274647712708	7.624999046325684	29.49998664855957	0.2857142388820648	37.8	0.9130434820415876	0.1311475388336469	batch-2025-04-16_6	batch-2025-04-16	808.03
54.0	7.0	2.0	2.3798069296465942	0.6873720890623113	0.6590501922447304	1.061727096660955	-0.2718871745972243	-0.1932776130397638	0.0133333333333333	0.9622641509433962	0.2117647058823529	0.0018448598986806	0.011495334552629	0.0093325761946909	0.545015929495501	0.2792977565996311	1.0617270966662815	8.507740444807432	22.877413839821088	12.428317285432955	0.6680154002088551	0.7399825067857123	0.9570870994773776	0.7880284330491273	1.1711615225833027	1.2403880693215052	8.507740444807432	26.0353439490595	0.497651577601164	21.0	119.0	158.0	0.0	0.8703662753105164	0.9622595310211182	0.7882353067398071	7.714284896850586	26.49998664855957	0.333333283662796	34.4	0.901639349099704	0.1296296272290809	batch-2025-04-16_7	batch-2025-04-16	967.94
64.0	8.0	2.0	2.5829161337241406	0.7834023714423299	0.7402695577858157	0.3536317264569854	0.1574282878191316	-0.0313503330007242	0.0161290322580645	0.96875	0.2509803921568627	0.0024465983709238	0.0116101070478903	0.0101290828773604	-0.1390117891725692	-0.0822027945812115	0.3536317264404411	11.052594908235267	26.155807443537167	16.39932359055148	0.695254715352133	0.7872033487290091	1.097208171198912	0.3780471718847003	0.1208711493027474	0.2998819771049092	11.052594908235267	30.871735896301853	0.5600261345775042	24.0	117.0	163.0	0.0	0.8749964833259583	0.9687460660934448	0.7490196228027344	7.999999046325684	31.999984741210938	0.2499999701976776	40.4	0.9189189222059896	0.124999998046875	batch-2025-04-16_8	batch-2025-04-16	903.32
61.0	8.0	2.0	2.3146225059727263	0.724112297737501	0.7732325571521285	0.417074316163327	0.2410300799885991	-0.2221191039430224	0.014367816091954	0.9661016949152542	0.2392156862745098	0.0024081843571987	0.0127061341909729	0.0090769510038191	0.1962649371004424	0.2086272544729506	0.4170743161192287	10.354122428569752	25.11440703458169	14.909852361750076	0.6193919862476109	0.7673280773777007	0.9751842408244	0.4369005475126755	0.1775625957771468	0.4854455589855799	10.354122428569752	29.20679951908169	0.5357574561151847	23.0	118.0	161.0	0.0	0.8749960064888	0.9660975337028505	0.7607843279838562	7.999999046325684	29.49998664855957	0.2857142388820648	38.8	0.9130434820415876	0.124999998046875	batch-2025-04-16_9	batch-2025-04-16	1108.51
78.0	11.0	2.0	2.8741950406889387	0.6901072055713299	0.900025268045241	0.1442061593953845	0.170319741536899	0.2355926866550212	0.0189873417721519	0.974025974025974	0.3058823529411765	0.0015708549766097	0.0109291687463945	0.0112713531007413	0.0580352653731021	-0.0854377439507294	0.1442061593882437	14.768506499856652	30.09493377910899	22.33146790731368	0.7209219146234842	0.9267089665911016	0.9362308614855424	0.2261708428611752	-0.0160545147130205	-0.3411820860552008	14.768506499856652	37.47531851851744	0.6383834263728027	30.0	114.0	170.0	0.0	0.8589715361595154	0.9740226864814758	0.6941176652908325	7.090908527374268	38.49998092651367	0.1818181723356247	49.6	0.9325842719353616	0.14102563921762	batch-2025-04-16_10	batch-2025-04-16	647.75
152.0	84.0	29.0	2.560591123925711	3.354225713840318	2.6252246732809548	-0.7802858626773884	0.1151148935253697	0.684039175992262	0.075	0.8104575163398693	0.596078431372549	0.0021540267628012	0.0155985698245881	0.0100415338193177	0.0994679761139797	-0.7516067950052712	-0.7802858625732293	42.91612402145041	24.01473946420208	42.46100445292596	1.0884536966254617	1.3025089325476935	0.6654721012351029	-0.1897010115583864	-0.2786462209917038	-0.915364977922448	42.91612402145041	48.78160114925404	1.056076584810646	98.0	94.0	175.0	0.0	0.4473677277565002	0.8104561567306519	0.4039215445518493	1.8095238208770752	5.275861740112305	0.3448275923728943	114.0	-6.909088752066704	0.5526315753116344	batch-2025-04-16_11	batch-2025-04-16	6.43
95.0	15.0	3.0	2.7326832848424023	0.8563957168079481	0.799676310995448	-0.3262116845227986	0.0471130840011686	-0.2519031923654319	0.0222222222222222	0.9677419354838708	0.3725490196078431	0.0015569864243002	0.0083801782805699	0.0107164050385959	0.4082004128531395	0.2898430519831997	-0.326211684560418	19.157627448677765	34.66807815230266	27.40120555598813	0.6859774579271429	0.795496631844586	0.9578678312550408	-0.33346005441989	-0.333179396733675	-0.121466154841776	19.157627448677765	44.18938457022999	0.668851937955959	38.0	111.0	178.0	0.0	0.8409066200256348	0.9677392244338988	0.6274509429931641	6.28571367263794	30.99999046325684	0.199999988079071	60.6	0.9189189211102994	0.1590909072830579	batch-2025-04-16_12	batch-2025-04-16	440.38
75.0	11.0	2.0	2.83322278965654	0.7266979961624195	0.6699002994319262	-0.3386683322549997	-0.712842011838446	-0.3594195508591922	0.0202702702702702	0.9736842105263156	0.2941176470588235	0.0013534518635903	0.0087776949704291	0.0111106776064989	-0.6752140793915119	0.4417112281843268	-0.3386683322937262	14.059377811407494	29.021840397648543	20.89893343176256	0.7325935397114951	0.8728575792097385	1.0192946496618869	-0.4699165625048029	-0.137995864322532	-0.2831823290772472	14.059377811407494	35.7635657988941	0.6240958556310952	29.0	115.0	168.0	0.0	0.8552602529525757	0.9736809134483336	0.7058823108673096	6.909090518951416	37.99998092651367	0.1818181723356247	47.6	0.9325842719353616	0.144736840200831	batch-2025-04-16_13	batch-2025-04-16	729.54
62.0	8.0	2.0	2.2740987488033664	0.7012782662243845	0.8492416825722848	0.4443819720275276	0.0369708036439181	0.059050915739509	0.0161290322580645	0.96875	0.2431372549019607	0.0027808563581266	0.0137247684554273	0.0089180343090293	-0.2942297185672943	-0.1258473285721962	0.444381971997976	10.559744244394077	25.910466702569813	16.047782565644138	0.6049236770310676	0.7376207058764622	1.005498920239908	0.4849903861943948	0.2444308744846365	0.208721331095184	10.559744244394077	30.477591932749064	0.5545298392758867	23.0	117.0	162.0	0.0	0.8709641695022583	0.9687460660934448	0.7568627595901489	7.749999046325684	31.999984741210938	0.2499999701976776	39.2	0.9189189222059896	0.1290322559833507	batch-2025-04-16_14	batch-2025-04-16	875.58
61.0	8.0	2.0	2.5003948103636624	0.7228961792660288	0.7841817858828456	0.6126682237563719	0.2750332050596509	-0.0655574416150949	0.014367816091954	0.9661016949152542	0.2392156862745098	0.0024895955956232	0.0129339947274056	0.0098054698445571	0.0117764420179016	0.0244090805470547	0.6126682236957519	10.354122428569752	25.11440703458169	14.909852361750076	0.6602321161319855	0.8326397122357301	1.0548409913947998	0.6521686143590107	0.3051529074782399	0.6614592124994444	10.354122428569752	29.20679951908169	0.5357574561151847	23.0	118.0	161.0	0.0	0.8709641695022583	0.9660975337028505	0.7607843279838562	7.749999046325684	29.49998664855957	0.2857142388820648	38.8	0.9130434820415876	0.1290322559833507	batch-2025-04-16_15	batch-2025-04-16	985.83
56.0	7.0	2.0	2.573979665712084	0.724621866448345	0.6899411425749054	0.6827647125531572	0.0979616097050566	0.0300849248815286	0.0125786163522012	0.9629629629629628	0.2196078431372549	0.0021505838897365	0.0119313857023387	0.0100940379047547	0.6568404505474544	0.1142116409164312	0.6827647125308558	8.987731142269304	23.72409398192886	12.802619121955544	0.7038202159692001	0.8268155001986035	1.0817240436044906	0.6118734943210159	0.5278386997840343	0.8970139005485486	8.987731142269304	26.95810994200548	0.4948593629934736	21.0	119.0	159.0	0.0	0.8749960064888	0.9629583954811096	0.7803921699523926	7.999999046325684	26.99998664855957	0.333333283662796	35.6	0.904761909297052	0.1249999977678571	batch-2025-04-16_16	batch-2025-04-16	1038.41
124.0	28.0	7.0	2.0589252217836616	2.017953200499688	1.1209963485218937	-0.5583302597382314	0.3899417599310565	0.1086730968717053	0.0310734463276836	0.943089430894309	0.4862745098039215	0.0019474611545583	0.0085221864564873	0.0080742165560091	-0.2524124589529622	-0.0306654576833192	-0.5583302598470319	27.1023092762098	40.070480599520174	36.6155277566279	0.6651079887036396	0.4924142396271561	0.5827168164533263	-0.047547109852905	-0.9472811922237984	-1.035047431375124	27.1023092762098	54.28020162428388	0.7403753731202621	54.0	104.0	189.0	0.0	0.7741919159889221	0.9430874586105348	0.5137255191802979	4.428571224212647	17.571426391601562	0.2580645084381103	81.39999999999999	0.8653846179733727	0.2258064497918834	batch-2025-04-25_1	batch-2025-04-25	139.01
172.0	117.0	42.0	2.401041693841865	3.067227406360494	3.02198343883935	-1.1553901005277578	0.2225446041849443	0.4899804457528615	0.0959595959595959	0.7528735632183907	0.6745098039215687	0.0019853133910841	0.0166709134174833	0.0094158497797724	0.4352685560591838	-0.5763435991264598	-1.1553901006380392	53.64818725026156	14.904692145300602	47.68892116289207	0.9913642205778288	1.264589389141299	0.8392425254133966	-0.2308573063051797	-0.4987057256836817	-0.5584385367599211	53.64818725026156	49.96381740446501	1.2678750801158267	125.0	88.0	169.0	0.0	0.3216370046138763	0.7528724670410156	0.3254901766777038	1.4741379022598269	4.046511650085449	0.3644067943096161	134.8	-0.7027026336742175	0.6783625691323827	batch-2025-04-25_2	batch-2025-04-25	5.59
121.0	24.0	7.0	3.354179938966549	1.5735983180900242	1.1524646957445344	-1.124699956840064	0.5075399072408582	-0.2348289929942914	0.0265486725663716	0.943089430894309	0.4745098039215686	0.0017067818605305	0.0092830388506428	0.0131536468194731	0.5061974327437812	0.2137743360451816	-1.1246999568039966	25.95270901146504	39.82584552206617	35.03582654172429	0.8440713941049377	0.9549905322477782	0.9496223439202344	-0.8630278024705622	-1.2740295740701908	-1.0128079803039367	25.95270901146504	53.04344552354485	0.7215003373701003	51.0	106.0	189.0	0.0	0.7983176112174988	0.9430874586105348	0.5254901647567749	4.958333015441895	17.571426391601562	0.2692307531833648	78.4	0.8653846179733727	0.201680670574112	batch-2025-04-25_3	batch-2025-04-25	198.18
164.0	97.0	32.0	2.246997270400948	3.250088112229528	2.753376001015806	-0.7899730163695279	0.2836656882173649	0.3841244368632038	0.0827067669172932	0.803680981595092	0.6431372549019608	0.0022551504907457	0.0154048460727782	0.0088117540015755	-0.1124450100657714	-0.4208047836394013	-0.7899730164310446	47.6789074554421	21.921483236410022	45.61036209881896	1.0006266153265484	1.4112285164370988	0.5837020749495128	0.034034174747321	-0.1506811517297928	-0.0032566968990556	47.6789074554421	50.604906462413176	1.1227684580266193	110.0	90.0	175.0	0.0	0.4074068069458008	0.8036797046661377	0.356862723827362	1.6875	5.09375	0.3333333432674408	124.4	-1.5714283510204274	0.5925925889346136	batch-2025-04-25_4	batch-2025-04-25	9.8
134.0	39.0	11.0	1.980224223415752	2.2773750491366456	1.6429247468274455	-0.0758934899967081	0.6591539916545024	0.3528316493906389	0.0365853658536585	0.9172932330827068	0.5254901960784314	0.0014406014542412	0.011248119226824	0.0077655851898674	0.9194573951445266	-0.3774906437728244	-0.0758934900687525	30.593313646923733	39.69370093198501	38.31146526016912	0.7030480437714483	0.6508326218182887	0.3427988235977476	0.3110535344874949	-0.9404383950285148	-0.3794867393522298	30.593313646923733	55.16664086256306	0.7676802211560354	64.0	102.0	189.0	0.0	0.7111097574234009	0.9172914624214172	0.4745097756385803	3.461538553237915	12.09090805053711	0.289473682641983	90.2	0.8196721341037355	0.2888888867489712	batch-2025-04-25_5	batch-2025-04-25	105.88
120.0	23.0	6.0	2.296466781229959	1.3439917204001273	0.9340344595398296	-0.5264340984093054	0.7784183388809839	0.1214898765199773	0.0248538011695906	0.95	0.4705882352941176	0.001388262446346	0.0074595336212334	0.00900575208326	0.3781640140934079	-0.0896448239512659	-0.5264340983162819	25.624418981382632	40.48355269261308	35.0616646418263	0.6091365588219456	0.607696798403252	0.6617569057742059	-0.2089521000532034	-0.8301891609143203	-0.810172681529311	25.624418981382632	53.5559367957603	0.7137509086801129	50.0	106.0	189.0	0.0	0.8050829768180847	0.9499979615211488	0.529411792755127	5.130434513092041	19.99999618530273	0.2608695328235626	77.8	0.8791946333048061	0.1949152525854639	batch-2025-04-25_6	batch-2025-04-25	194.7
102.0	17.0	3.0	2.016488982263638	0.9247716077950964	0.7799015442339287	0.6459757429758451	0.1945273701488956	-0.3036725251627412	0.0235690235690235	0.9705882352941176	0.4	0.0013281665801105	0.0075649457681407	0.0079077999304488	-0.0646622568599645	0.3476338016038902	0.645975742840593	20.95451708490192	36.39075029960578	30.2608428528866	0.5344470583259058	0.4972001137644249	0.7412069143392992	0.5700883726709519	0.8039275873139093	0.4875955605661933	20.95451708490192	47.328694441483975	0.6936867528975282	41.0	109.0	181.0	0.0	0.8333312273025513	0.9705857634544371	0.6000000238418579	5.999999523162842	33.9999885559082	0.1764705628156662	65.19999999999999	0.9262295100107496	0.1666666650326797	batch-2025-04-25_7	batch-2025-04-25	837.53
165.0	97.0	31.0	1.9951389952133576	3.24288462813336	2.387113550637828	-0.8669591651960726	0.3299779090108094	0.5242696399336337	0.0827067669172932	0.8143712574850299	0.6470588235294118	0.0024042045314326	0.0135174648966371	0.0078240744910345	0.2289217492226252	-0.5775307168853954	-0.8669591653271697	47.71854810875404	22.17459839364228	46.916940416395	0.946085636286768	1.5240459734964753	0.4565019940162125	0.0784862579254139	-0.2927183179731912	-1.0801817052662073	47.71854810875404	51.893276172880825	1.12927920722957	110.0	89.0	176.0	0.0	0.4110423624515533	0.8143700361251831	0.3529411554336548	1.6979166269302368	5.387096405029297	0.3163265287876129	124.8	-1.499999791666684	0.5889570516014905	batch-2025-04-25_10	batch-2025-04-25	9.84
119.0	23.0	6.0	2.25070040174744	1.231149186865444	0.9577032000311638	-0.5724821221940006	1.0995242119476307	0.1506683635384148	0.0248538011695906	0.9508196721311476	0.4666666666666667	0.0014456984293534	0.0077609621158693	0.0088262760852768	0.0504264808114517	-0.1393131039794578	-0.5724821222831044	25.28435987747907	40.46751186288147	35.05000587866497	0.5931481068772221	0.5861110690000588	0.6585181000142034	-0.133349467210121	-1.1594390982003466	-0.7091121241925228	25.28435987747907	53.53617868756512	0.7137824483928256	49.0	106.0	189.0	0.0	0.8083316087722778	0.9508176445961	0.5333333015441895	5.217391014099121	20.333330154418945	0.2399999797344207	76.8	0.8823529434832756	0.1916666650694444	batch-2025-04-25_11	batch-2025-04-25	194.45
104.0	17.0	3.0	2.1185030696010654	0.96889509653161	0.945000267446498	-0.1481513844480103	0.4316683782253418	-0.033806878738405	0.0242718446601941	0.9716981132075472	0.4078431372549019	0.001395681956422	0.0091111994731558	0.0083078551748976	0.3711601469590694	0.0235108758044265	-0.1481513844750997	21.304403073960408	37.33019708100413	31.13352606287244	0.5519730184374889	0.5603246681056699	0.782233759227528	0.0109018924229897	-0.3308131305573629	-0.3903168828881211	21.304403073960408	48.60905326391543	0.69513382850536	42.0	108.0	183.0	0.0	0.8333312273025513	0.9716957211494446	0.5921568870544434	5.999999523162842	35.33332061767578	0.166666641831398	66.19999999999999	0.9291338599417198	0.1666666650326797	batch-2025-04-25_12	batch-2025-04-25	773.35
95.0	15.0	3.0	2.393879939281501	0.7909196340719963	0.7943138461184432	-0.3520121032714123	0.0450877644221225	-0.0623056573238405	0.0205992509363295	0.9680851063829788	0.3725490196078431	0.001486055072563	0.0082924792173984	0.009387764467773	0.0059853570272634	0.1190779584760568	-0.3520121032560485	19.157627448677765	34.708184599889776	27.40120555598813	0.5985552697455254	0.708766393855109	0.8493643797706514	-0.3459965013417837	-0.3523386481394914	0.0732369977768052	19.157627448677765	44.220856438354296	0.6682895464053594	38.0	111.0	178.0	0.0	0.8453586101531982	0.9680824279785156	0.6274509429931641	6.466666221618652	31.33332252502441	0.2142857015132904	60.8	0.9189189211102994	0.1546391736635136	batch-2025-04-25_13	batch-2025-04-25	1008.07
122.0	24.0	6.0	1.9939720973580208	1.51321894218467	1.0045605107404865	-0.5547563993568172	0.8658575982713128	0.0523107690706212	0.0256410256410256	0.951219512195122	0.4784313725490196	0.0016243280465319	0.0080509409008258	0.0078194984210142	0.8056300811613526	-0.0212838078839917	-0.5547563992560237	26.04761933129501	40.78091762120514	35.82211824666477	0.5599232820831432	0.543203215213723	0.6210401044957109	-0.0320903685053794	-1.0287119159087934	-0.6313830057926572	26.04761933129501	54.279898652314685	0.7207546392745009	51.0	105.0	190.0	0.0	0.8048763871192932	0.951217532157898	0.5215686559677124	5.124999523162842	20.49999618530273	0.2499999850988388	78.8	0.8823529434832756	0.1951219496331548	batch-2025-04-25_14	batch-2025-04-25	180.94
105.0	17.0	3.0	2.2219586133501847	1.0432526957052106	0.9211200702986648	-0.2175577413046161	0.486873990340091	0.0887371544416829	0.0242718446601941	0.97196261682243	0.4117647058823529	0.0013312608082408	0.0088469722965633	0.0087135631896182	0.3787575746659437	-0.0999123581525035	-0.2175577412819166	21.61452654419008	37.37213919910584	31.579172415930813	0.5833406346547251	0.5733722117753527	0.8158922173470793	-0.0122345506439742	-0.6084223846470749	-0.4930325910770818	21.61452654419008	48.92771115423681	0.7015796825885195	42.0	108.0	183.0	0.0	0.8333312273025513	0.9719602465629578	0.5882352590560913	5.999999523162842	35.666656494140625	0.1578947156667709	66.80000000000001	0.9296875016479492	0.1666666650326797	batch-2025-04-25_15	batch-2025-04-25	764.79
94.0	15.0	3.0	2.5098649247732365	0.7794781975143834	0.754851025298286	0.0588973563558508	0.0652516956356293	-0.0981340051123982	0.0205992509363295	0.9677419354838708	0.3686274509803922	0.0013854669828439	0.0077883709525418	0.0098426075481245	-0.1217465879528187	0.1707067688559665	0.0588973563545521	18.80475997368993	34.66807815230266	27.340293829674835	0.6205569652978192	0.7639122109103579	0.8289330794083679	0.0457897347021913	0.0344700100143301	0.2702080272400001	18.80475997368993	44.15163994085748	0.6677695923276906	37.0	111.0	178.0	0.0	0.8453586101531982	0.9677392244338988	0.6313725709915161	6.466666221618652	30.99999046325684	0.2142857015132904	59.8	0.9189189211102994	0.1546391736635136	batch-2025-04-25_16	batch-2025-04-25	1055.75
115.0	22.0	6.0	3.44552369562576	1.1565544794811011	1.1208552940806191	-1.117550427577804	0.4435563082606273	-0.438710450276744	0.0249221183800623	0.9495798319327732	0.4509803921568627	0.0015379826242514	0.0091155521393606	0.0135118576299168	0.4730015512233687	0.4541500676082588	-1.1175504275685495	24.51775662580797	39.1588153891344	33.647565207490345	0.8431462187928382	0.992149685331452	0.8657873418549862	-0.9760146168330424	-1.2965259573636174	-0.8997254740259777	24.51775662580797	51.62917263594899	0.709844901047342	48.0	107.0	187.0	0.0	0.8070157170295715	0.9495777487754822	0.5490195751190186	5.181817531585693	19.833330154418945	0.2499999850988388	74.8	0.8791946333048061	0.1929824544475223	batch-2025-06-04_1_1	batch-2025-06-04_1	378.02
115.0	22.0	6.0	2.690069212431835	1.083463838724984	1.058483855814326	-0.3930919135623339	0.7282499890359309	-0.0341025426722754	0.0249221183800623	0.9495798319327732	0.4509803921568627	0.0013112567520111	0.0085648638179719	0.0105492910291421	0.0481962130362881	0.0787283911467579	-0.3930919135879051	24.42719045521254	39.1588153891344	33.647565207490345	0.6789455251964054	0.7349000204408708	0.6577943708385267	-0.230831835599667	-0.6056337763292947	0.0643999563377906	24.42719045521254	51.62917263594899	0.709844901047342	48.0	107.0	187.0	0.0	0.8070157170295715	0.9495777487754822	0.5490195751190186	5.181817531585693	19.833330154418945	0.2499999850988388	74.60000000000001	0.8791946333048061	0.1929824544475223	batch-2025-06-04_1_2	batch-2025-06-04_1	376.29
111.0	21.0	5.0	3.9017485214811263	1.0291067000762153	1.3020632452552665	-0.3637474077337542	-0.0240560882717652	-0.2704451549295563	0.0259938837920489	0.956896551724138	0.4352941176470588	0.0017812798626121	0.0109243953897558	0.0153009745940494	0.5867042542807569	0.3961455116912796	-0.3637474077277929	23.34088684249012	38.4459004658484	32.93943300370965	0.9380090950744528	1.170488761645675	0.8843838608317198	-0.2993328446255954	-0.5186119314831853	-0.8767330768083118	23.34088684249012	50.6270037552668	0.7084133742477452	46.0	108.0	186.0	0.0	0.8113187551498413	0.9568943977355956	0.5647058486938477	5.299999713897705	23.199995040893555	0.2173912823200225	71.4	0.8958333355034722	0.188679243503026	batch-2025-06-04_1_3	batch-2025-06-04_1	414.27
113.0	21.0	5.0	2.8328845964166773	1.0465959225383097	1.1110243186100366	-0.7654971314321402	0.1493868994069665	-0.2450945774462302	0.0249221183800623	0.9557522123893806	0.4431372549019607	0.0012744292069702	0.0091262312723404	0.011109351358504	0.9717573679700756	0.3650680581502649	-0.765497131352751	23.86598818165505	38.48517628956241	33.23144614105519	0.7172044734872964	0.7687190534368598	0.6149736137082039	-0.6016724991352552	-1.156943656512743	-1.296051137600656	23.86598818165505	50.84720057844432	0.7122719903205702	47.0	107.0	186.0	0.0	0.812498152256012	0.955750048160553	0.5568627119064331	5.333333015441895	22.59999656677246	0.238095223903656	73.0	0.8920863332643237	0.1874999983258928	batch-2025-06-04_1_4	batch-2025-06-04_1	411.39
111.0	20.0	4.0	2.819072238734325	1.0687721462086257	1.136692318168389	-1.000021231910347	-0.1750081162524378	-0.2210983694534796	0.0249221183800623	0.963963963963964	0.4352941176470588	0.0012644801800398	0.0096860682343717	0.0110551852499417	0.9878312449869444	0.3063006585316764	-1.0000212318862365	23.303330058159737	38.4459004658484	32.93943300370965	0.7124543717054926	0.7920577194969451	0.6277101336877751	-0.8985811622856696	-1.092991146585007	-2.117899551799277	23.303330058159737	50.6270037552668	0.7084133742477452	45.0	108.0	186.0	0.0	0.8141574263572693	0.9639617204666138	0.5647058486938477	5.380951881408691	27.7499942779541	0.199999988079071	71.39999999999999	0.9111111130864196	0.1858407063199937	batch-2025-06-04_1_5	batch-2025-06-04_1	417.15
111.0	20.0	4.0	2.9421430990238617	1.0325715955738024	1.1589174580287749	-0.7490847102136721	-0.1466890500781254	-0.1662674584820123	0.0249221183800623	0.963963963963964	0.4352941176470588	0.0014162652750737	0.0099038038436645	0.0115378160745973	0.8977053036866437	0.2452780653838077	-0.7490847101838071	23.303330058159737	38.4459004658484	32.93943300370965	0.731916000769946	0.8508809309743216	0.6579173831540734	-0.6474043529908879	-0.8692538347453694	-1.8023418039426795	23.303330058159737	50.6270037552668	0.7084133742477452	45.0	108.0	186.0	0.0	0.8141574263572693	0.9639617204666138	0.5647058486938477	5.380951881408691	27.7499942779541	0.199999988079071	71.39999999999999	0.9111111130864196	0.1858407063199937	batch-2025-06-04_1_6	batch-2025-06-04_1	397.58
107.0	20.0	3.0	2.5265988246315216	1.1331794526774472	1.0355299577847386	-0.4888573860511728	-0.0603856422296493	0.2254653753495079	0.0269841269841269	0.97196261682243	0.4196078431372549	0.0015822275900691	0.009456687756212	0.0099082306848241	-0.2389425741332932	-0.1866046290671397	-0.4888573860974915	22.291512430198992	37.09840352489721	32.2938755465286	0.654997889306413	0.6910435265642413	0.7739138080713183	-0.4292049114387814	-0.6120633769530269	-1.4844920890103923	22.291512430198992	49.18522076712458	0.7162712699261382	43.0	108.0	183.0	0.0	0.8155319690704346	0.9719602465629578	0.5803921222686768	5.421051979064941	35.666656494140625	0.1499999910593032	68.4	0.9312977114969988	0.1844660176265435	batch-2025-06-04_1_7	batch-2025-06-04_1	399.88
99.0	16.0	3.0	2.3331533981698427	0.9353796023391804	0.8359070485743332	-0.704346923208003	0.4786571408984903	-0.1511277758686749	0.0235690235690235	0.9693877551020408	0.388235294117647	0.0014603275598596	0.0083996999848281	0.0091496211692897	0.1858971530741517	0.1258546619344673	-0.7043469232544635	20.295137883299425	35.976103224061724	29.113024383821102	0.5987086906705461	0.6529989226938666	0.8216592391679963	-0.4689819201638063	-1.187936281105159	-0.5403514275735192	20.295137883299425	46.28010579029943	0.6803450895925096	40.0	110.0	181.0	0.0	0.8333311080932617	0.9693852066993712	0.611764669418335	5.999999523162842	32.666656494140625	0.1874999850988388	63.6	0.9230769250493096	0.1666666650326797	batch-2025-06-04_1_8	batch-2025-06-04_1	476.41
101.0	17.0	3.0	2.319727906172717	1.1006291678992528	0.8260542791259433	-1.5300288595148837	0.679187984895353	0.0189099184254967	0.0235690235690235	0.9705882352941176	0.396078431372549	0.0015644549112522	0.0082153780423075	0.0090969721810682	0.0788888648312757	-0.0747367151712262	-1.5300288595364928	20.731826593549343	36.05199545522844	29.95244083706263	0.6166052826490491	0.6056903350978047	0.8400645038833673	-1.015594493823467	-2.412299099127474	-1.3886131941117177	20.731826593549343	46.87104744297432	0.6932486003747945	41.0	109.0	181.0	0.0	0.8333312273025513	0.9705857634544371	0.6039215326309204	5.999999523162842	33.9999885559082	0.1764705628156662	64.6	0.9262295100107496	0.1666666650326797	batch-2025-06-04_1_9	batch-2025-06-04_1	499.42
146.0	69.0	23.0	2.92130904999917	3.6871286140321855	2.14907125485422	-1.8380012910156287	0.2582489601168676	-0.2130303508798975	0.0638888888888889	0.8424657534246575	0.5725490196078431	0.002906189526654	0.0129564075721634	0.0114561139215641	0.7195705951305787	-0.0132261863831669	-1.8380012909135823	38.44514333173488	28.894826005997576	40.76613698833466	1.1796210571465249	1.4901914381959849	0.5735516186498666	-0.6093961186760707	-0.9014623381551968	-1.5767681779033955	38.44514333173488	49.967878630861854	0.9541921659816084	86.0	97.0	180.0	0.0	0.5241369605064392	0.84246426820755	0.427450954914093	2.1014492511749268	6.347825527191162	0.3287671208381653	105.79999999999998	0.7088607631789776	0.4758620656837099	batch-2025-06-04_1_10	batch-2025-06-04_1	34.64
100.0	16.0	3.0	2.3213178584559526	0.951351394817239	0.8480869186728078	-1.2397132099023045	0.1672579309095744	-0.1072174974866818	0.0235690235690235	0.9702970297029704	0.392156862745098	0.0015135397957999	0.0084902753277879	0.0091032072880667	-0.0779521795376572	0.0760052263240341	-1.2397132099518664	20.39903654035657	36.05199545522844	29.90842434530212	0.599816003628951	0.6337037524887085	0.8383469052473905	-0.8985039963260315	-1.981420261069824	-1.0278743000480812	20.39903654035657	46.84293141043239	0.6925258371509214	40.0	109.0	181.0	0.0	0.8365364074707031	0.9702945351600648	0.6078431606292725	6.117646217346191	33.666656494140625	0.1764705628156662	64.0	0.92561983655488	0.1634615368897929	batch-2025-06-04_1_11	batch-2025-06-04_1	527.62
100.0	16.0	3.0	2.5034443038193253	1.0712403839277342	0.8678153859626611	-1.2931744341162177	0.5192191160861799	-0.043607389457777	0.0235690235690235	0.9702970297029704	0.392156862745098	0.0017542216324406	0.0087523530801031	0.0098174286424298	0.0984286769842009	-0.0023168988094479	-1.2931744341245186	20.39903654035657	36.05199545522844	29.90842434530212	0.6506605318498144	0.679685980847949	0.9278374992104934	-0.925717574205952	-1.9515155888548228	-0.916624018391341	20.39903654035657	46.84293141043239	0.6925258371509214	40.0	109.0	181.0	0.0	0.8367325067520142	0.9702945351600648	0.6078431606292725	6.124999046325684	33.666656494140625	0.1764705628156662	64.0	0.92561983655488	0.1632653044564765	batch-2025-06-04_1_12	batch-2025-06-04_1	491.94
88.0	14.0	3.0	2.410875160332277	1.0326603988939036	0.8174942051012581	0.1153405396198276	0.0387539725248284	0.1810096367730254	0.0232558139534883	0.9666666666666668	0.3450980392156862	0.0016355904467794	0.0089357524360727	0.0094544123934595	-0.1835683985708657	-0.221791519288652	0.1153405395961444	17.537938729214325	32.598266942909625	25.78190593579201	0.655249822468238	0.6139470840786221	0.8327145398071616	0.0550726818423676	0.2858903228236266	-0.5467946361805109	17.537938729214325	41.561444649617535	0.6691662821792064	35.0	112.0	174.0	0.0	0.8409066200256348	0.966663897037506	0.6549019813537598	6.28571367263794	29.99999046325684	0.199999988079071	56.4	0.9158878528255742	0.1590909072830579	batch-2025-06-04_1_13	batch-2025-06-04_1	613.35
88.0	14.0	3.0	2.447878737306526	1.0395613026216548	0.8688327469496174	-0.3114109976392095	-0.1959973417514879	0.0476158114753462	0.022633744855967	0.9666666666666668	0.3450980392156862	0.0019028310521625	0.0098158541141727	0.0095995244600268	-0.1021760164764598	-0.082391271540989	-0.3114109976735815	17.431535133116554	32.56966241850484	25.78190593579201	0.6652339299242552	0.6200340355272519	0.9223982206450576	-0.3270929398542706	-0.2440771425410318	-0.7422482989663438	17.431535133116554	41.53901279204158	0.6695934543563504	35.0	112.0	174.0	0.0	0.8409066200256348	0.966663897037506	0.6549019813537598	6.28571367263794	29.99999046325684	0.199999988079071	55.99999999999999	0.9158878528255742	0.1590909072830579	batch-2025-06-04_1_14	batch-2025-06-04_1	609.32
147.0	59.0	17.0	2.3762024204323144	3.441785423101128	2.392082009711271	-0.8709770068921096	0.8012904011160739	0.8284453962309847	0.0538461538461538	0.8859060402684564	0.5764705882352941	0.0023044883973454	0.0152356453702712	0.0093184408644395	1.064184301728156	-0.8455426712885357	-0.8709770069551086	36.67088980179518	35.02679910708939	41.64293247772902	0.9681190127345772	1.4569774155836526	0.4724195031874653	0.2022366554568417	-1.0256982852599952	-1.1264295570545662	36.67088980179518	54.41516774790919	0.8714788572800172	81.0	97.0	186.0	0.0	0.6027386784553528	0.8859044909477234	0.4235293865203857	2.5172414779663086	8.764704704284668	0.2881355881690979	103.4	0.7733333363555555	0.397260271251642	batch-2025-06-04_1_15	batch-2025-06-04_1	46.8
148.0	59.0	17.0	2.24611553111932	3.266286653395621	2.308262479656037	-0.6874924196337869	0.6648965204123747	0.4911561379558539	0.0538461538461538	0.8843537414965986	0.5803921568627451	0.0022425986276273	0.0146394714325372	0.0088082962004679	1.172599991016928	-0.5589992794118936	-0.6874924196516785	37.040687983417314	35.10740411956531	41.679916336693466	0.9065727553096632	1.423439589891655	0.4230170812017241	0.0594575676750176	-1.0354589235124576	-0.720441515702626	37.040687983417314	54.49536906791474	0.8707837670120123	81.0	97.0	186.0	0.0	0.5999990105628967	0.8843522071838379	0.4196078181266784	2.5	8.64705753326416	0.2881355881690979	104.6	0.7713004515071689	0.3999999973333333	batch-2025-06-04_1_16	batch-2025-06-04_1	47.1
175.0	125.0	51.0	2.574251655702143	2.7527744139516352	2.3790132140278315	-1.1627693250048503	-0.5010033859785757	0.463900612313906	0.0994623655913978	0.7102272727272727	0.6862745098039216	0.0018870684117074	0.0119993372783356	0.0100951045321673	0.0458806832276753	-0.6492838897112939	-1.1627693249620406	56.08270819492975	12.078474549473084	46.06464856518573	0.950455400680585	1.0143761691951318	0.7164896219407755	-0.8496428915562683	-0.0473142594950388	-0.6027002278905572	56.08270819492975	47.62185837277181	1.3143621028007295	131.0	89.0	166.0	0.0	0.2857138514518738	0.7102262377738953	0.313725471496582	1.399999976158142	3.450980424880981	0.4079999923706054	140.2	-0.6153845621301792	0.7142857102040817	batch-2025-06-04_1_17	batch-2025-06-04_1	4.86
104.0	20.0	3.0	1.995248395645844	1.191083249071895	0.966515637583478	-0.2797235360140414	-0.206514128516228	-0.1372985152659912	0.0272435897435897	0.970873786407767	0.4078431372549019	0.0015346324437078	0.0091022659209771	0.007824503512329	-0.5971413737741368	0.1713748389040396	-0.279723536029237	21.77406638928881	36.06425037405364	31.482340317658164	0.566467368157257	0.436583012380362	0.7163275376981761	-0.2120944552947732	-0.6384077906623423	-0.5267175952013307	21.77406638928881	47.87241279609032	0.7176685907435255	43.0	108.0	181.0	0.0	0.8076903223991394	0.9708713293075562	0.5921568870544434	5.1999993324279785	34.33332061767578	0.1578947156667709	67.2	0.928000001728	0.1923076904585799	batch-2025-06-04_1_18	batch-2025-06-04_1	430.38
171.0	117.0	42.0	2.6751889347459827	3.067227406360494	2.999652239246399	-0.7400069234356816	0.2225446041849443	0.450213136613959	0.0962059620596205	0.7514792899408285	0.6705882352941176	0.0020233420923937	0.0165055836904401	0.0104909369990032	0.3688785863337356	-0.5503522411014966	-0.7400069234806744	53.530999415388735	14.457652514441088	47.68892116289207	1.0176601233609148	1.2798664188796465	0.8498115687731763	-0.1729558624608933	-0.4458345561487291	-0.5423436515916296	53.530999415388735	49.83228790562259	1.2764376157310646	125.0	88.0	168.0	0.0	0.3176466226577759	0.7514781355857849	0.3294117450714111	1.465517282485962	4.023809432983398	0.3644067943096161	134.8	-0.7037036406035688	0.6823529371626298	batch-2025-06-04_1_19	batch-2025-06-04_1	5.59
165.0	97.0	31.0	1.660338971211159	3.245879197999138	2.3988839924467573	-1.2933827467439878	0.3244172043528018	0.4938794206907831	0.0827067669172932	0.8132530120481928	0.6470588235294118	0.0024337231331196	0.0137991323970593	0.0065111332204424	0.2427564886311903	-0.5378825165668459	-1.2933827469106818	47.67224833106795	22.17459839364228	46.7420217344262	0.9151547765268142	1.5383615943293008	0.4393203693649853	0.0835641448273007	-0.3150154396273414	-1.0080581607215342	47.67224833106795	51.735185413226205	1.1278344495533428	109.0	89.0	176.0	0.0	0.4110423624515533	0.8132517337799072	0.3529411554336548	1.6979166269302368	5.354838371276856	0.3163265287876129	124.4	-1.5714283510204274	0.5889570516014905	batch-2025-06-04_1_20	batch-2025-06-04_1	9.84
116.0	32.0	9.0	2.8985629829558226	2.556535564820958	1.288116420178775	-0.9540693519596822	0.3532436439141753	0.2121279709417796	0.0358255451713395	0.9245283018867924	0.4549019607843137	0.0022558384801821	0.0100337823313003	0.0113669136586532	0.1122823529800371	-0.1249643610129073	-0.9540693519888882	26.060143007934407	35.70064280437704	33.926204919915286	0.9597137544759556	0.6263740731792948	0.8145229317499292	-0.3560765712962795	-0.6960593267201534	-1.1685033423768725	26.060143007934407	49.249601794469385	0.7599187120647536	54.0	106.0	182.0	0.0	0.7241362929344177	0.924526035785675	0.545098066329956	3.625	13.249998092651367	0.2666666507720947	77.8	0.833333336419753	0.275862066587396	batch-2025-06-04_1_21	batch-2025-06-04_1	175.9
121.0	35.0	10.0	2.7500407513387253	2.891240775650407	1.527190356809208	-0.706041789985894	0.7324037131774591	0.4036311682853463	0.0386904761904761	0.9180327868852458	0.4745098039215686	0.0023961903327109	0.0114095109913131	0.0107844735346654	0.6353266796076923	-0.3646241339351761	-0.7060417900043773	27.546060658020394	36.14412550991739	35.23910321566491	0.9699401572844792	0.8279568864662986	0.637110509678265	0.0539127979413056	-0.5133624397009207	-1.0632841310105825	27.546060658020394	50.47962167371053	0.7727204823266515	58.0	104.0	183.0	0.0	0.7107422947883606	0.918030858039856	0.5254901647567749	3.4571428298950195	12.19999885559082	0.2750000059604645	81.4	0.8214285746173469	0.2892561959565604	batch-2025-06-04_1_22	batch-2025-06-04_1	188.34
109.0	29.0	8.0	3.2543392383174763	2.482814327822413	1.3220014075410225	-0.5665198477997926	0.4960933828735481	0.0242040296972608	0.0353535353535353	0.927927927927928	0.4274509803921568	0.0023385551207745	0.0109632342867676	0.0127621146600631	0.4798487093529386	-0.0824788528087528	-0.5665198477869282	24.00023469828785	34.16276560029474	31.87061269538799	1.0128963665946995	0.7991124993308382	0.8917176030927657	-0.137010989336533	-0.7053424438347895	-0.1047276986406956	24.00023469828785	46.72077168712122	0.7507000606398787	50.0	107.0	180.0	0.0	0.7358472347259521	0.9279257655143738	0.5725489854812622	3.785713911056519	13.874998092651367	0.2592592537403106	72.59999999999998	0.8400000031999999	0.2641509409042364	batch-2025-06-04_1_23	batch-2025-06-04_1	193.41
124.0	32.0	8.0	3.026511594601749	2.3058544648488355	1.3930411362381578	-1.4980198368295554	0.4296490112393781	0.3459712814951421	0.0341880341880341	0.9333333333333332	0.4862745098039215	0.0017949464036303	0.0105566317509542	0.0118686729200031	0.5311102074705635	-0.3664559864656793	-1.4980198368603503	27.522896055561155	38.62070246166368	36.07475530656767	0.8824898285503455	0.8671137479877112	0.7691001387489745	-0.8191239173711128	-1.1494389940713663	-2.010198992914264	27.522896055561155	52.84833610494362	0.7513269895272825	57.0	104.0	187.0	0.0	0.7438001036643982	0.933331310749054	0.5137255191802979	3.9032256603240967	14.999998092651367	0.2666666507720947	82.0	0.8471337608827944	0.2561983449900963	batch-2025-06-04_1_24	batch-2025-06-04_1	154.7
108.0	20.0	3.0	2.583193442181367	1.061468189119131	1.2199664722571997	-0.0050920101489423	0.0914442347289566	0.27172622500515	0.0269841269841269	0.9722222222222222	0.4235294117647059	0.0013825548717741	0.0106700573390306	0.0101301703614997	-0.104455264087792	-0.1801341316912351	-0.0050920101930689	22.64006628276781	37.40975136544111	32.4573306463037	0.6628223992949519	0.7202536387478342	0.5444496884414761	0.0263408737214125	-0.1191949228638887	-1.882816179262772	22.64006628276781	49.52744501695609	0.7146330610007867	44.0	108.0	184.0	0.0	0.8141574263572693	0.9722198843955994	0.5764706134796143	5.380951881408691	35.9999885559082	0.1499999910593032	69.39999999999999	0.9312977114969988	0.1858407063199937	batch-2025-06-04_2_1	batch-2025-06-04_2	326.95
108.0	20.0	3.0	2.7263592934257592	1.0789528652067462	1.1799696180991597	-1.2552413703568548	-0.4508717467932539	0.1367475992072967	0.0269841269841269	0.9714285714285714	0.4235294117647059	0.0013686104347758	0.0104356850101027	0.0106916050722604	-0.2644928849673514	-0.1118417147783678	-1.2552413703483918	22.64006628276781	37.40975136544111	32.4573306463037	0.6978084696346368	0.7573728677437291	0.6722108392670733	-1.235245039248137	-1.1366021420325243	-3.605042609785538	22.64006628276781	49.52744501695609	0.7146330610007867	44.0	108.0	184.0	0.0	0.812498152256012	0.9714261889457704	0.5764706134796143	5.333333015441895	34.9999885559082	0.1578947156667709	69.39999999999999	0.9302325597620336	0.1874999983258928	batch-2025-06-04_2_2	batch-2025-06-04_2	340.58
108.0	20.0	3.0	2.667802038135998	1.0485859913953088	1.0993581196618911	-0.3988247598501548	-0.2363541455461778	0.0466052834720118	0.0269841269841269	0.9702970297029704	0.4235294117647059	0.0013037990042916	0.0095988494500881	0.0104619687770023	-0.0839258946970101	0.0417081649298233	-0.3988247598361366	22.64006628276781	37.40975136544111	32.4573306463037	0.6811839549044699	0.7399300133052042	0.6253672758204797	-0.4559393202526557	-0.1443991447676731	-1.570590684472699	22.64006628276781	49.52744501695609	0.7146330610007867	45.0	108.0	184.0	0.0	0.812498152256012	0.9702945351600648	0.5764706134796143	5.333333015441895	33.666656494140625	0.166666641831398	69.39999999999999	0.92561983655488	0.1874999983258928	batch-2025-06-04_2_3	batch-2025-06-04_2	351.73
110.0	21.0	4.0	2.537665496863721	1.0287544749159931	1.105540525714833	-0.6046887442659081	-0.1641367057205624	-0.0738106862981799	0.0264026402640264	0.963963963963964	0.4313725490196078	0.0013673494298589	0.009493403396313	0.0099516293994641	0.3797518823310138	0.1456478716310673	-0.6046887442427875	22.989876638399537	37.43917130295249	32.500337129624675	0.6407826029112396	0.7357131074986921	0.5427434872420264	-0.5670764517264326	-0.5434762101850394	-1.85734057229735	22.989876638399537	49.57785252903842	0.7148993931967417	45.0	108.0	184.0	0.0	0.812498152256012	0.9639617204666138	0.5686274766921997	5.333333015441895	27.7499942779541	0.199999988079071	70.39999999999999	0.9111111130864196	0.1874999983258928	batch-2025-06-04_2_4	batch-2025-06-04_2	324.47
106.0	20.0	3.0	2.6812931106464584	1.1738900541458783	1.090420183870923	-0.0247395087971499	-0.3276909048214015	0.5810679347207379	0.0269841269841269	0.9722222222222222	0.4156862745098039	0.0016157364433907	0.0098375442004508	0.0105148749437109	-0.6247963892889237	-0.4742941787997889	-0.0247395088372851	22.195162317659552	36.70156003027336	32.264054332752714	0.7048051940728878	0.6904886898413488	0.7734596866452971	-0.1314123282634444	0.2946740913915154	-1.463135201968306	22.195162317659552	48.86689790279897	0.7211429983451465	44.0	108.0	182.0	0.0	0.812498152256012	0.9722198843955994	0.5843137502670288	5.333333015441895	35.9999885559082	0.1428571343421936	68.0	0.9312977114969988	0.1874999983258928	batch-2025-06-04_2_5	batch-2025-06-04_2	350.5
106.0	19.0	3.0	2.4397797539200807	1.2419561252126878	0.9341678217300254	-0.471681876378037	-0.1911276069673873	0.1356074062162617	0.0269841269841269	0.9722222222222222	0.4156862745098039	0.0018368684058257	0.0088150867376741	0.0095677637408584	-0.299195986674573	-0.1333770439639194	-0.4716818764459011	22.087207713738103	36.715843581033525	32.23196426945159	0.6609842166440457	0.5829683779076469	0.8767419792728172	-0.4344364335866847	-0.4041597836024169	-0.93358671549039	22.087207713738103	48.85644983555523	0.7204566628204294	43.0	108.0	182.0	0.0	0.8199979066848755	0.9722198843955994	0.5843137502670288	5.555554866790772	35.9999885559082	0.1499999910593032	68.0	0.9312977114969988	0.1799999982	batch-2025-06-04_2_6	batch-2025-06-04_2	309.6
103.0	18.0	3.0	2.081435525820599	1.1538727283879169	0.8958735609033825	-1.825033921913256	0.2408202238556052	0.095915521953703	0.0264026402640264	0.9714285714285714	0.403921568627451	0.001836417029135	0.0087003772491769	0.008162492258121	0.0419420309941722	-0.1264207286852227	-1.825033921982535	21.288016004188314	36.36754080213156	31.05712890874429	0.5692985214595134	0.5224866658828098	0.7961171078627939	-1.2107960844224577	-3.173071947644768	-1.444608780943	21.288016004188314	47.82408681876805	0.7067997510638783	42.0	109.0	181.0	0.0	0.8252406716346741	0.9714261889457704	0.5960783958435059	5.722221851348877	34.9999885559082	0.1578947156667709	65.8	0.9285714302721088	0.1747572798567254	batch-2025-06-04_2_7	batch-2025-06-04_2	414.93
94.0	16.0	3.0	2.650718762023075	0.923830105672082	0.8538791440435707	-0.3813130230121648	-0.1093335852205213	-0.3155725194635064	0.0222222222222222	0.967032967032967	0.3686274509803922	0.001655135952238	0.0089442516199021	0.0103949755373457	-0.0565561086148264	0.3491383513379502	-0.3813130230771464	19.05505145172667	34.0216915187021	27.22459476815915	0.6766884386803114	0.7575393885179299	0.922580285479354	-0.3979445404191618	-0.3441962504575911	-0.1669512817899973	19.05505145172667	43.573547641708096	0.6748707159818474	38.0	111.0	177.0	0.0	0.8315767049789429	0.9670302271842957	0.6313725709915161	5.937499523162842	30.333324432373047	0.199999988079071	60.4	0.918181820413223	0.1684210508587257	batch-2025-06-04_2_8	batch-2025-06-04_2	455.82
95.0	16.0	3.0	2.75219194140797	0.903641881215538	0.8744073877169015	-0.2242920332508451	0.0832008063052709	-0.1356160123707369	0.0228070175438596	0.9693877551020408	0.3725490196078431	0.0017516437270059	0.0091287770316182	0.0107929095741412	-0.065630246704064	0.1147315537072419	-0.2242920333301214	19.26067147633013	34.708184599889776	28.334972500856143	0.693363341267351	0.7891302597359424	0.9866347503715128	-0.1732776907798096	-0.4264836431443349	-0.1814264234424476	19.26067147633013	44.80545440952808	0.6846476037990352	38.0	110.0	178.0	0.0	0.8367325067520142	0.9693852066993712	0.6274509429931641	6.124999046325684	32.666656494140625	0.1874999850988388	60.8	0.9230769250493096	0.1632653044564765	batch-2025-06-04_2_9	batch-2025-06-04_2	501.67
125.0	35.0	9.0	2.114069613628802	2.7114552978081434	1.1735484966604972	-0.3244345219069161	0.5360132772568157	0.3120680302302133	0.0384615384615384	0.926829268292683	0.4901960784313725	0.0026715070896583	0.0086681518727282	0.0082904690730552	0.5348782319294476	-0.3195629189880956	-0.3244345219104589	28.492850202833047	37.64779145096752	36.601878390083904	0.7978770389822417	0.7881787493327421	0.5971310336185631	0.1367959210832173	-0.7455076901597303	-0.002419361836137	28.492850202833047	52.50765375464832	0.7713126611721614	59.0	103.0	186.0	0.0	0.7199985384941101	0.926827311515808	0.5098038911819458	3.5714285373687744	13.666665077209473	0.2702702581882477	83.99999999999999	0.8373494005298301	0.27999999776	batch-2025-06-04_2_10	batch-2025-06-04_2	137.45
84.0	12.0	3.0	2.1141851670316525	0.8570818267344903	0.7570030153978449	0.0334829832314993	0.5647321792773992	-0.2037290803650801	0.0189873417721519	0.9634146341463414	0.3294117647058823	0.001549700677915	0.008722153259395	0.008290922223656	0.0901110123610095	0.3400285196403326	0.0334829832001259	16.161988282837825	32.21094993786794	23.60563715503417	0.5623890405936393	0.6046511801931135	0.7312237133757851	0.239800018968782	-0.4537875405048925	0.6174133494201861	16.161988282837825	39.93458903500778	0.6324312748989467	32.0	114.0	174.0	0.0	0.8536558747291565	0.9634115695953368	0.6705882549285889	6.833333015441895	27.333324432373047	0.2499999850988388	53.2	0.9072164977149536	0.1463414616299821	batch-2025-06-04_2_11	batch-2025-06-04_2	699.32
95.0	16.0	3.0	2.8343307322919005	0.917607327195053	0.8886678248137921	-0.5200843563335783	0.0862723656874728	-0.2158857138219524	0.0228070175438596	0.9677419354838708	0.3725490196078431	0.0017575570515878	0.0091490110409339	0.0111150224795742	0.0721337779906313	0.2400376217790388	-0.5200843563935478	19.26067147633013	34.708184599889776	28.334972500856143	0.7154401503245399	0.8158473150976342	0.972651867456198	-0.4531228884945676	-0.6567524233736322	-0.4882157252354496	19.26067147633013	44.80545440952808	0.6846476037990352	38.0	110.0	178.0	0.0	0.8367325067520142	0.9677392244338988	0.6274509429931641	6.124999046325684	30.99999046325684	0.199999988079071	60.8	0.9189189211102994	0.1632653044564765	batch-2025-06-04_2_12	batch-2025-06-04_2	494.24
82.0	12.0	3.0	2.263592213065865	0.7651388031958569	0.8067331138340996	-0.148593010444075	0.5103273240072651	-0.6655111620416049	0.0189873417721519	0.9634146341463414	0.3215686274509804	0.0014800646309065	0.0095504059623298	0.008876832208103	1.5660889954440198	0.7201628458151045	-0.1485930105120948	15.819269485162444	31.19815632130657	23.07682974768404	0.588016818720121	0.6840529338797959	0.7388500044359951	-0.0520638302276583	-0.5571165538179409	0.7191285201440593	15.819269485162444	38.805476791971984	0.6368672028572739	32.0	114.0	172.0	0.0	0.8536558747291565	0.9634115695953368	0.6784313917160034	6.833333015441895	27.333324432373047	0.2499999850988388	52.2	0.9072164977149536	0.1463414616299821	batch-2025-06-04_2_13	batch-2025-06-04_2	611.96
82.0	12.0	3.0	2.1328122714493145	0.7048206058486512	0.821033900193627	-0.3208656202935203	-0.06199823709866	-0.4878848990340088	0.0189873417721519	0.9634146341463414	0.3215686274509804	0.0012241534866349	0.0097632879617695	0.0083639696919594	1.631122154279734	0.5236688181091447	-0.320865620355139	15.819269485162444	31.19815632130657	23.07682974768404	0.5529082083864808	0.6515576053363417	0.6753255486810595	-0.3009908351273419	-0.5929771623859833	0.5696433014890028	15.819269485162444	38.805476791971984	0.6368672028572739	32.0	114.0	172.0	0.0	0.8536558747291565	0.9634115695953368	0.6784313917160034	6.833333015441895	27.333324432373047	0.2499999850988388	52.2	0.9072164977149536	0.1463414616299821	batch-2025-06-04_2_14	batch-2025-06-04_2	634.26
125.0	28.0	7.0	2.2107674098705643	1.845239217556421	1.1768861190644555	-2.8228543689050256	0.7187273872473849	0.3732230420014991	0.0308123249299719	0.9444444444444444	0.4901960784313725	0.0013415263889299	0.0087387274105585	0.0086696761171281	0.6338794148074041	-0.3046250150162405	-2.8228543689262007	27.317172783159428	40.41372134292495	36.90310269256879	0.677094896945147	0.505665680309797	0.4986912699659798	-1.1629650197769317	-4.8999283463838506	-5.661457467998255	27.317172783159428	54.72757861555603	0.7400237045493612	55.0	104.0	190.0	0.0	0.7759984135627747	0.9444425106048584	0.5098038911819458	4.464285373687744	17.999998092651367	0.2413792908191681	82.0	0.870370372770919	0.223999998208	batch-2025-06-04_2_15	batch-2025-06-04_2	221.62
124.0	27.0	6.0	1.6092940992499676	1.8035685446727725	1.1788570988657263	0.1275199801980146	0.5278526817175494	0.2984712324396217	0.0296610169491525	0.951219512195122	0.4862745098039215	0.0015518062792516	0.0090575319272008	0.0063109572519593	-0.5624005840511023	-0.2234644583337291	0.1275199800387989	26.97129340704852	40.44007530205082	36.58455967887314	0.5435601968294488	0.4307050142201347	0.4000407188745489	0.3849113001512125	-0.7002941241277818	-1.45716787407916	26.97129340704852	54.532831370950944	0.7353842895898665	54.0	104.0	189.0	0.0	0.7822564244270325	0.951217532157898	0.5137255191802979	4.592592239379883	20.49999618530273	0.2222222089767456	81.0	0.8853503206620957	0.2177419337278876	batch-2025-06-04_2_16	batch-2025-06-04_2	235.87
130.0	36.0	11.0	2.312918542989232	2.6584293362999163	1.5183180679683874	-0.4254676635589309	0.9487980994135892	0.5188316995882817	0.0347222222222222	0.916030534351145	0.5098039215686274	0.0021775248571498	0.0108587913255205	0.0090702687960367	0.7349749265638541	-0.4711396863222129	-0.4254676634509019	29.39429764214423	39.45661382845447	37.36574317187047	0.7895921567746673	0.8871491917252601	0.5586273016993404	0.476574253893387	-0.8994925577721085	-0.9777961110741862	29.39429764214423	54.34172556695241	0.7581879255459244	61.0	103.0	189.0	0.0	0.7251894474029541	0.9160287380218506	0.4901960492134094	3.6388888359069824	11.909090042114258	0.3055555522441864	87.39999999999999	0.8146067446976392	0.2748091582075637	batch-2025-06-04_2_17	batch-2025-06-04_2	193.74
103.0	18.0	3.0	1.5614897304074915	1.2123465245689942	0.8902019437291258	-1.56681412366707	0.1341206282841963	0.0744277719809117	0.0264026402640264	0.970873786407767	0.403921568627451	0.0017644858655105	0.0086646776847705	0.0061234891388555	-0.0453458269101285	-0.0756006778289061	-1.5668141237283206	21.304403073960408	36.06425037405364	30.831879398321444	0.4660359688626048	0.3705914535618215	0.66382036700183	-0.8505507128629688	-2.03982130199555	-1.1252295297908264	21.304403073960408	47.44718055137804	0.7073407362291101	42.0	109.0	181.0	0.0	0.8199979066848755	0.9708713293075562	0.5960783958435059	5.555554866790772	34.33332061767578	0.1578947156667709	66.19999999999999	0.928000001728	0.1799999982	batch-2025-06-04_2_18	batch-2025-06-04_2	361.65
125.0	30.0	8.0	2.0143638388752656	2.1106935499834414	1.306663308083445	-0.9816543739836384	0.893754481409911	0.6886141424521652	0.0313390313390313	0.9365079365079364	0.4901960784313725	0.001608327240159	0.0098448705138888	0.0078994660348051	0.8538215581369012	-0.6433404105191738	-0.9816543739423058	27.587319748851563	39.712132477269705	36.6746406887121	0.6575471877364368	0.6273111258942048	0.4897829637187137	0.2171789459214144	-2.25872993576967	-2.108657477478369	27.587319748851563	54.05629228441733	0.7456544722698057	56.0	104.0	189.0	0.0	0.7599984407424927	0.9365060329437256	0.5098038911819458	4.166666507720947	15.749998092651367	0.2580645084381103	82.4	0.8545454571900826	0.23999999808	batch-2025-06-11_1_1	batch-2025-06-11_1	345.47
122.0	26.0	7.0	2.201732189544157	2.0903964656702527	1.1098552789627876	-0.6582685330020529	0.8629986843751138	0.3753712376916341	0.0272988505747126	0.943089430894309	0.4784313725490196	0.0019520352017558	0.0086383887729249	0.0086342438805665	0.6353507679097737	-0.3176900670254318	-0.6582685329284648	26.557716689885	39.82584552206617	35.80288358122584	0.6873136059430971	0.5967880838638622	0.6401566106221215	0.1001171158673537	-0.8989368789556887	-0.9911760976392212	26.557716689885	53.55319266185993	0.7322546818247561	53.0	105.0	189.0	0.0	0.7851223349571228	0.9430874586105348	0.5215686559677124	4.65384578704834	17.571426391601562	0.2592592537403106	80.00000000000001	0.8653846179733727	0.2148760312820162	batch-2025-06-11_1_2	batch-2025-06-11_1	368.27
122.0	26.0	7.0	2.423398404601052	1.91312964638316	1.0377897758459904	-1.330779843642874	0.4727265806480505	0.0867490508115337	0.0272988505747126	0.943089430894309	0.4784313725490196	0.0019951185343767	0.0082626254090837	0.0095035231552987	0.5096435145389321	-0.1150209856359398	-1.3307798437006495	26.557716689885	39.82251692417865	35.80288358122584	0.7013570317530198	0.6598296329732214	0.7540843568349207	-0.6984200318428904	-1.1407269742824095	-1.2025492560790243	26.557716689885	53.55071733326554	0.7322962373407981	53.0	105.0	189.0	0.0	0.7851223349571228	0.9430874586105348	0.5215686559677124	4.65384578704834	17.571426391601562	0.2592592537403106	80.00000000000001	0.8653846179733727	0.2148760312820162	batch-2025-06-11_1_3	batch-2025-06-11_1	361.67
119.0	25.0	7.0	2.613286890042488	1.7096228882092324	1.0233738470746605	-0.4739905512601716	0.6717446715155097	0.1784902745565454	0.0265486725663716	0.9421487603305784	0.4666666666666667	0.0017193415702379	0.0082838030433447	0.010248183882523	0.7657854101683426	-0.150874409748583	-0.4739905512167803	25.8014895414816	39.782397264238185	34.876539857997194	0.7245257182677916	0.6630194081456646	0.7927247042277701	-0.2020045497777446	-0.8265138712285368	-0.5101899814969523	25.8014895414816	52.90569123030275	0.7197822447398645	51.0	106.0	189.0	0.0	0.7916649580001831	0.9421467781066896	0.5333333015441895	4.799999713897705	17.28571128845215	0.2692307531833648	78.0	0.8645161316545265	0.2083333315972222	batch-2025-06-11_1_4	batch-2025-06-11_1	364.67
120.0	27.0	7.0	2.7589054510339386	2.049763981866984	1.15245126297781	-0.3511092925468218	0.7820833246238769	0.282715689657869	0.0289855072463768	0.9416666666666668	0.4705882352941176	0.001983360941756	0.0090979623966728	0.0108192370628785	0.216202040714542	-0.1566335260871455	-0.3511092925098942	26.210401102130056	39.14357921933959	35.24833604931337	0.8039756081015117	0.6768090187761453	0.8137111895504453	0.0514995321994387	-0.6309674241966776	-0.6838753013297209	26.210401102130056	52.675088878387655	0.7330848285904817	52.0	105.0	187.0	0.0	0.7786868810653687	0.9416646361351012	0.529411792755127	4.518517971038818	17.142854690551758	0.2592592537403106	79.0	0.8645161316545265	0.2213114735958076	batch-2025-06-11_1_5	batch-2025-06-11_1	347.27
120.0	25.0	7.0	2.4258330364970893	1.8201964357995937	0.9916499739775037	-0.4407239605544898	0.7480279088301284	0.2803847899651219	0.027027027027027	0.9416666666666668	0.4705882352941176	0.0018680666675623	0.0078480716519183	0.0095130707313615	0.7992499905312899	-0.2060860471211643	-0.4407239605198533	25.87710160557966	39.76709634145584	34.876539857997194	0.7036322525205971	0.609817892410659	0.7105481207812133	-0.0637909518753772	-0.9575038419563372	-0.5422746086251865	25.87710160557966	52.89418667393514	0.7199729403436192	51.0	106.0	189.0	0.0	0.7876088619232178	0.9416646361351012	0.529411792755127	4.708333015441895	17.142854690551758	0.2592592537403106	78.4	0.8645161316545265	0.2123893786514214	batch-2025-06-11_1_6	batch-2025-06-11_1	350.27
117.0	24.0	6.0	2.506049061239984	1.7520175345441416	1.044008848374315	-0.6766874988790481	0.6872473508359821	0.0807924579384571	0.027027027027027	0.9464285714285714	0.4588235294117647	0.0017881526497931	0.0086127546584416	0.0098276433774087	0.7586368317429895	-0.0854135266061217	-0.6766874988707297	25.174722807224363	39.13865914710307	34.33295008091438	0.7075359912092878	0.6494623291257379	0.77658585313136	-0.3095281749948195	-0.8826237725769424	-0.5711079892630935	25.174722807224363	52.06328938025021	0.7200821432160673	50.0	106.0	187.0	0.0	0.7916649580001831	0.9464263916015624	0.541176438331604	4.799999713897705	18.66666412353516	0.2499999850988388	76.39999999999999	0.872340428248076	0.2083333315972222	batch-2025-06-11_1_7	batch-2025-06-11_1	389.86
116.0	24.0	7.0	2.866328992994672	1.751905179826261	1.0600468221082855	-0.5341385420377287	0.9741159498843102	-0.0711687049946113	0.027027027027027	0.942622950819672	0.4549019607843137	0.0018020247428045	0.0085899839363359	0.0112405058548809	0.6002016150302917	0.1347763597952124	-0.5341385419926831	25.022065276361424	39.128692192347714	34.32908606150249	0.7881723683331463	0.7213744852184315	0.8252778214537181	-0.0817002110593348	-1.1933882073070874	-0.3079542538718003	25.022065276361424	52.0532487218765	0.7201526074070371	50.0	106.0	187.0	0.0	0.7946410179138184	0.9426209330558776	0.545098066329956	4.869565010070801	17.428569793701172	0.2608695328235626	75.8	0.8653846179733727	0.2053571410235969	batch-2025-06-11_1_8	batch-2025-06-11_1	371.27
125.0	31.0	8.0	2.5449475068525294	2.450264790609241	1.3663706932278017	-1.677138055926283	0.7259666485756864	0.4211342652197564	0.0333333333333333	0.936	0.4901960784313725	0.0019379462899382	0.0102112225020861	0.0099801863013815	0.8479991215488291	-0.3905993915147557	-1.6771380559792186	27.59331794431911	38.90048716955754	36.41439425382647	0.804396077516176	0.7948620168673449	0.5902837893398611	-0.3900214169875082	-1.4829723378964894	-2.652896031444893	27.59331794431911	53.28466956735324	0.7524008261227891	56.0	104.0	188.0	0.0	0.7520645260810852	0.9359980821609496	0.5098038911819458	4.0333333015441895	15.624998092651367	0.2580645084381103	82.6	0.852760738906244	0.2479338822484803	batch-2025-06-11_1_9	batch-2025-06-11_1	309.48
113.0	22.0	6.0	2.981116504662897	1.2027557483357028	1.151697002708891	-1.0247220902598349	0.7629412990347245	-0.0502951754201465	0.0262345679012345	0.9478260869565218	0.4431372549019607	0.001340210038016	0.0093568441293249	0.0116906529594634	0.6490267790100954	0.0622068606902828	-1.02472209017645	23.9954585644251	38.46836319029795	33.36204501353287	0.7582342651737234	0.8189416392175949	0.6779280035991663	-0.622629087641986	-1.8619341969942635	-1.565211495257905	23.9954585644251	50.91994711334316	0.714429021436505	47.0	107.0	186.0	0.0	0.8017223477363586	0.9478239417076112	0.5568627119064331	5.043478012084961	19.16666412353516	0.2499999850988388	73.4	0.87412587676659	0.1982758603596908	batch-2025-06-11_1_10	batch-2025-06-11_1	395.86
115.0	23.0	6.0	2.931102473370114	1.4309994392049654	0.9913784592709132	-0.3488319723659232	1.1613080373789928	-0.0787193215039016	0.0262345679012345	0.9473684210526316	0.4509803921568627	0.0015194818651799	0.0079298189517275	0.0114945195034134	0.7550079630751374	0.1167267391995088	-0.3488319724466113	24.68542354067958	39.13865914710307	33.531690054043004	0.7741699034806769	0.7316684648471997	0.7819156732438387	0.0205074692075328	-1.099186065972571	0.2398813286976912	24.68542354067958	51.53842137389854	0.7083945095055754	49.0	107.0	187.0	0.0	0.7999981045722961	0.9473662972450256	0.5490195751190186	4.999999523162842	18.99999618530273	0.2727272510528564	75.19999999999999	0.87412587676659	0.1999999980952381	batch-2025-06-11_1_11	batch-2025-06-11_1	386.26
124.0	32.0	8.0	3.798676092690002	2.1932259179183915	1.2218369653568155	-2.7931357606634464	0.5661304181977742	0.1579525068743245	0.0350877192982456	0.936	0.4862745098039215	0.0019671999033437	0.0094707150053298	0.0148967689909466	0.9729066515015148	-0.2933988790485896	-2.7931357606820924	27.727697143430326	38.59476511192991	36.39916972092789	0.9909316650690112	1.190038827363564	1.0119638109402027	-1.783913356600757	-2.7502266702651728	-3.279145432013248	27.727697143430326	53.05144154891511	0.7561295511209545	57.0	104.0	187.0	0.0	0.7394942045211792	0.9359980821609496	0.5137255191802979	3.8387093544006334	15.624998092651367	0.2424242496490478	82.60000000000001	0.8545454571900826	0.2605041994915613	batch-2025-06-11_1_12	batch-2025-06-11_1	296.88
122.0	28.0	7.0	2.4684896681848314	2.1196954562475177	1.2140349449706087	-0.5956799292250616	0.8171481003313223	0.3113796461295047	0.0313390313390313	0.944	0.4784313725490196	0.0018337892247968	0.009408606309569	0.009680351639939	0.2301398169807438	-0.1893888113140669	-0.595679929193304	26.61514087820752	38.92839100442233	36.0424874327702	0.7510124169914686	0.6643259842447599	0.6698732192996562	0.0479316045744332	-0.652716405756621	-1.0681161527675889	26.61514087820752	53.051677886138414	0.7469234984293759	54.0	104.0	188.0	0.0	0.7711847424507141	0.9439980387687684	0.5215686559677124	4.370369911193848	17.857139587402344	0.2307692170143127	80.00000000000001	0.8711656465429636	0.2288135573829359	batch-2025-06-11_1_13	batch-2025-06-11_1	349.67
119.0	26.0	6.0	2.9157612999337874	2.048216760609192	1.10538382740021	-0.7347110491666887	0.6912672851113045	0.1403623636433225	0.0309734513274336	0.9491525423728812	0.4666666666666667	0.002150915284424	0.0088572285861343	0.0114343580389484	0.2014197159506881	-0.1019818900589936	-0.7347110491707929	25.92230949068668	38.73398348027496	35.24833604931337	0.8322061597110814	0.738825731759721	0.8715018600639403	-0.261039596292986	-0.9428558655679492	-0.9493352944276472	25.92230949068668	52.37142990692099	0.7383183779464254	52.0	105.0	187.0	0.0	0.7786868810653687	0.9491504430770874	0.5333333015441895	4.518517971038818	19.66666412353516	0.2307692170143127	78.0	0.8807947043550721	0.2213114735958076	batch-2025-06-11_1_14	batch-2025-06-11_1	341.27
119.0	25.0	6.0	2.22208149154499	1.8202095881191191	0.898208496271156	-0.355323196493321	0.5342076219766827	0.0573323483710742	0.0289855072463768	0.9487179487179488	0.4666666666666667	0.0020899918766	0.0073499524187757	0.0087140450648825	0.6037208448483734	-0.0166088400023721	-0.3553231964365976	25.8014895414816	39.13865914710307	34.96408087460807	0.6627116794801429	0.5608050544550428	0.7370520025942264	-0.1133496332345627	-0.2375158949077313	-0.3590824468740884	25.8014895414816	52.48163098874928	0.7291226401365811	51.0	105.0	187.0	0.0	0.7881338596343994	0.94871586561203	0.5333333015441895	4.71999979019165	19.49999618530273	0.2499999850988388	78.0	0.877551022907122	0.2118644049841999	batch-2025-06-11_1_15	batch-2025-06-11_1	356.87
118.0	25.0	6.0	2.30725097826779	1.9180671331944683	0.9184721506906384	-0.3223616827659316	0.7252063851945547	0.1956766742389666	0.027027027027027	0.9487179487179488	0.4627450980392157	0.002097849557981	0.0074505205534709	0.0090480430520286	0.8751553061017499	-0.1883027210227073	-0.3223616827845317	25.45281127416501	39.128692192347714	34.33411674988119	0.6923186768761693	0.585968143911529	0.7189924130528602	0.0605443555605868	-0.6147636387896597	-0.3994051607029791	25.45281127416501	52.05656659517572	0.7202252513466639	50.0	106.0	187.0	0.0	0.7913026213645935	0.94871586561203	0.5372549295425415	4.791666507720947	19.49999618530273	0.2499999850988388	77.2	0.877551022907122	0.2086956503591682	batch-2025-06-11_1_16	batch-2025-06-11_1	359.27
117.0	24.0	6.0	2.413749867935953	1.7773310263162545	0.94142751172656	-0.6184454756091847	0.7049142718110062	0.2638599283593512	0.027027027027027	0.9495798319327732	0.4588235294117647	0.0018478556084914	0.0077519616989728	0.0094656857566102	0.7722681915077115	-0.2554916183892333	-0.6184454756618974	25.105177766575338	39.128692192347714	34.33411674988119	0.7019872421334803	0.5751254156713653	0.7616654578610903	-0.1728255563460642	-0.8072686859738514	-0.663988664133015	25.105177766575338	52.05656659517572	0.7202252513466639	50.0	106.0	187.0	0.0	0.7946410179138184	0.9495777487754822	0.541176438331604	4.869565010070801	19.833330154418945	0.2399999797344207	76.2	0.8791946333048061	0.2053571410235969	batch-2025-06-11_1_17	batch-2025-06-11_1	367.07
116.0	23.0	6.0	2.350826926800222	1.482596404220378	0.937353360404	-0.759887337307653	0.910037483638968	-0.07146610749445	0.027027027027027	0.9478260869565218	0.4549019607843137	0.0017525344074539	0.007723254955122	0.0092189291247046	0.8378771161638563	0.1130146841118443	-0.7598873374186331	24.758637055594384	38.72839332751801	33.97890584245005	0.6555353248691272	0.57326223575464	0.709192544404956	-0.2813983732708328	-1.07007412953102	-0.1267213843701367	24.758637055594384	51.52139838922297	0.7201674479411537	49.0	106.0	187.0	0.0	0.7982438206672668	0.9478239417076112	0.545098066329956	4.956521511077881	19.16666412353516	0.2608695328235626	75.2	0.87412587676659	0.201754384195137	batch-2025-06-11_1_18	batch-2025-06-11_1	359.27
106.0	20.0	3.0	1.9916833149067723	1.1654371756976667	1.0796010945151722	0.2474369768445056	-0.0982668902120301	0.117180962889556	0.0288461538461538	0.9714285714285714	0.4156862745098039	0.0013359095161236	0.0098846553097358	0.0078105228035588	-0.6719533151011091	-0.0356434730985776	0.2474369767601413	22.195162317659552	36.70156003027336	32.23196426945159	0.5675259899082418	0.4214229669692151	0.601750038659819	0.2122381235939205	0.1724021992858932	-0.7707928036013947	22.195162317659552	48.8457165913549	0.7206495816272291	44.0	108.0	182.0	0.0	0.8076903223991394	0.9714261889457704	0.5843137502670288	5.1999993324279785	34.9999885559082	0.1499999910593032	68.0	0.9302325597620336	0.1923076904585799	batch-2025-06-11_2_1	batch-2025-06-11_2	441.64
104.0	19.0	3.0	1.976030053397109	1.3222492292283192	0.9100774990299032	-0.656027745576506	0.2416202140095671	0.2883387835399255	0.0264026402640264	0.971153846153846	0.4078431372549019	0.0016403877419664	0.0086453853875549	0.0077491374642986	-0.348099542706617	-0.2944714995561369	-0.6560277455966008	21.63956213798772	36.36754080213156	31.09631462375965	0.578739272361528	0.4090503260705286	0.7125594795561259	-0.2420729699747946	-2.467355081850642	-1.0106560387933554	21.63956213798772	47.849543437472335	0.7074225061083932	43.0	108.0	181.0	0.0	0.8173056840896606	0.9711514115333556	0.5921568870544434	5.473683834075928	34.666656494140625	0.1578947156667709	66.8	0.9285714302721088	0.1826923059356509	batch-2025-06-11_2_2	batch-2025-06-11_2	493.91
104.0	19.0	3.0	1.767607726514301	1.313998255680605	0.8670094666258998	0.4049085997005371	0.1261275311338495	0.2288886646205497	0.0264026402640264	0.9714285714285714	0.4078431372549019	0.0016379187304165	0.0081656267113726	0.0069317950059345	-0.20967239342088	-0.1885743167501483	0.4049085997702755	21.63956213798772	36.39145567844068	31.13352606287244	0.5371400214056544	0.3244491886109051	0.6455937130685762	0.3519231700282976	-0.2161484586553055	-0.0902044695997054	21.63956213798772	47.891904237600215	0.7076885309335491	43.0	108.0	181.0	0.0	0.8173056840896606	0.9714261889457704	0.5921568870544434	5.473683834075928	34.9999885559082	0.1428571343421936	66.8	0.9302325597620336	0.1826923059356509	batch-2025-06-11_2_3	batch-2025-06-11_2	466.85
103.0	18.0	3.0	1.6451894791144062	1.263639948516243	0.8601478290883061	-0.4265717640596367	0.4082230880152209	-0.1188009414248708	0.0264026402640264	0.971153846153846	0.403921568627451	0.0018628913988846	0.0083214710832188	0.0064517234475042	0.3305452073544918	0.1506307628881905	-0.4265717640670098	21.288016004188314	36.36754080213156	30.87049158629533	0.4973332705451553	0.3435371457572094	0.6744806739255471	-0.0943006083528715	-1.4571296758663097	-0.1225194707132398	21.288016004188314	47.70309502300909	0.7038245259770278	42.0	109.0	181.0	0.0	0.8252406716346741	0.9711514115333556	0.5960783958435059	5.722221851348877	34.666656494140625	0.1578947156667709	65.8	0.9285714302721088	0.1747572798567254	batch-2025-06-11_2_4	batch-2025-06-11_2	478.54
104.0	19.0	3.0	1.9523688986188616	1.3614720720876303	0.949261053821818	0.3598563146321965	0.4043764866172826	0.3033607111349968	0.0264026402640264	0.971153846153846	0.4078431372549019	0.0016590886119994	0.0089713590386496	0.0076563486220281	-0.2326853617643989	-0.2700243288087307	0.3598563146436059	21.63956213798772	36.36754080213156	31.09631462375965	0.5811519801090883	0.3813486128183123	0.6918733003249058	0.4861511561487986	-0.7570731395755553	-0.5586904780753223	21.63956213798772	47.849543437472335	0.7074225061083932	43.0	108.0	181.0	0.0	0.8173056840896606	0.9711514115333556	0.5921568870544434	5.473683834075928	34.666656494140625	0.1578947156667709	66.8	0.9285714302721088	0.1826923059356509	batch-2025-06-11_2_5	batch-2025-06-11_2	453.94
103.0	18.0	3.0	2.07859387930721	1.3540300003794263	0.85381611321654	-0.9695039643722208	0.6228435895204703	-0.047417110462355	0.0264026402640264	0.9705882352941176	0.403921568627451	0.0019310755172484	0.0083489877695455	0.0081513485463109	0.4040411700612809	0.0288199274522712	-0.9695039644206898	21.288016004188314	36.36754080213156	30.87049158629533	0.597040757574648	0.4685535973240854	0.8289293762865295	-0.3755954214336322	-2.2655130762341016	-0.6988749375726296	21.288016004188314	47.70309502300909	0.7038245259770278	42.0	109.0	181.0	0.0	0.8252406716346741	0.9705857634544371	0.5960783958435059	5.722221851348877	33.9999885559082	0.1764705628156662	65.8	0.9262295100107496	0.1747572798567254	batch-2025-06-11_2_6	batch-2025-06-11_2	444.71
101.0	17.0	3.0	2.000500258954503	1.0100270851708169	0.8036602469890421	-0.8470015423516416	0.6281618422235492	0.122590766215206	0.0238095238095238	0.9702970297029704	0.396078431372549	0.0014447079357892	0.0079740545105798	0.0078450990547286	0.7072857706356794	-0.1672197141760297	-0.8470015423533764	20.731826593549343	36.05199545522844	29.95244083706263	0.5344559081934009	0.5270453648910347	0.7365386569615067	-0.4116950477616929	-1.8432950365373049	-0.633247978403365	20.731826593549343	46.87104744297432	0.6932486003747945	41.0	109.0	181.0	0.0	0.8316810727119446	0.9702945351600648	0.6039215326309204	5.941175937652588	33.666656494140625	0.1764705628156662	64.6	0.92561983655488	0.168316830016665	batch-2025-06-11_2_7	batch-2025-06-11_2	456.4
101.0	17.0	3.0	1.8727242840557807	1.0689261787193955	0.7679269318806603	-0.6289997319445106	0.8211855527549887	0.1176697926317233	0.0238095238095238	0.9702970297029704	0.396078431372549	0.0014281768478688	0.0075606360453137	0.0073440168002198	0.8698710173322833	-0.1153639312237202	-0.6289997319174515	20.731826593549343	36.05199545522844	29.95244083706263	0.5172048083321291	0.4596351564641116	0.705265045014323	-0.1374349718827581	-1.8320654948423856	-0.4523611804956891	20.731826593549343	46.87104744297432	0.6932486003747945	41.0	109.0	181.0	0.0	0.8316810727119446	0.9702945351600648	0.6039215326309204	5.941175937652588	33.666656494140625	0.1764705628156662	64.6	0.92561983655488	0.168316830016665	batch-2025-06-11_2_8	batch-2025-06-11_2	500.68
104.0	20.0	3.0	2.1215195655755625	1.2465909866721607	1.0361573445242882	0.2805622626892592	-0.015022015655255	0.2689845915238776	0.0269841269841269	0.971153846153846	0.4078431372549019	0.0014830647302695	0.0095143622920465	0.0083196845709004	-0.2750629664373243	-0.1511702999589344	0.2805622627780325	21.77406638928881	36.39145567844068	31.612517232546683	0.6046248717287869	0.4501618353935249	0.6594501655651508	0.3198456173721287	-0.5559369487057535	-0.7176154584600265	21.77406638928881	48.20466048188674	0.7152391042323832	43.0	108.0	181.0	0.0	0.8076903223991394	0.9711514115333556	0.5921568870544434	5.1999993324279785	34.666656494140625	0.1578947156667709	67.2	0.9285714302721088	0.1923076904585799	batch-2025-06-11_2_9	batch-2025-06-11_2	415.19
100.0	17.0	3.0	2.316914945662101	1.0143572302433883	0.8509518911874042	-1.329741347802183	0.6605616803724563	0.0060433797109466	0.0238095238095238	0.9702970297029704	0.392156862745098	0.0015768552851544	0.0085479537078033	0.0090859409633688	0.4050527404343797	-0.0726823975923508	-1.3297413478345548	20.63251997666504	36.05199545522844	29.90842434530212	0.6007474411852894	0.6413770498843703	0.852100009311875	-0.8485713248587574	-2.393936692733993	-0.9332554544275008	20.63251997666504	46.84293141043239	0.6925258371509214	41.0	109.0	181.0	0.0	0.8316810727119446	0.9702945351600648	0.6078431606292725	5.941175937652588	33.666656494140625	0.1764705628156662	64.2	0.92561983655488	0.168316830016665	batch-2025-06-11_2_10	batch-2025-06-11_2	481.61
101.0	17.0	3.0	2.2042317189413128	1.1453217905040307	0.8037550409582702	-0.8658298651977268	0.7882389053457296	-0.0379203110077534	0.0238095238095238	0.9702970297029704	0.396078431372549	0.001501065119698	0.007950447570987	0.008644045956631	0.4757750021736436	0.0096824658120069	-0.8658298652085642	20.731826593549343	36.05199545522844	29.95244083706263	0.6011911899204045	0.5370889372164971	0.8052985855308539	-0.3915566500376451	-1.992639790390338	-0.7083505804284017	20.731826593549343	46.87104744297432	0.6932486003747945	41.0	109.0	181.0	0.0	0.8316810727119446	0.9702945351600648	0.6039215326309204	5.941175937652588	33.666656494140625	0.1764705628156662	64.6	0.92561983655488	0.168316830016665	batch-2025-06-11_2_11	batch-2025-06-11_2	524.66
104.0	20.0	3.0	2.8213132357076307	1.2261911921969677	1.253102122646233	-1.5260994350661672	-0.2763286506429905	0.3479100865095273	0.0288461538461538	0.971153846153846	0.4078431372549019	0.0015232810668884	0.011498549770295	0.0110639734733679	-0.643583228168434	-0.3374945461237569	-1.5260994350177834	21.790034724689697	36.06425037405364	31.66801420737236	0.7476911723789634	0.7241305867916766	0.8145056692472651	-1.1339798529001035	-2.834947121083485	-3.574266357314618	21.790034724689697	47.99472136475808	0.7205829934962582	43.0	108.0	181.0	0.0	0.8058232665061951	0.9711514115333556	0.5921568870544434	5.149999618530273	34.666656494140625	0.1499999910593032	67.2	0.9285714302721088	0.1941747553963616	batch-2025-06-11_2_12	batch-2025-06-11_2	465.01
104.0	19.0	3.0	1.7152260428815815	1.3276284506555278	0.9058062827920632	-0.4956619560941976	0.4286000896537327	0.2442322464704101	0.0264026402640264	0.971153846153846	0.4078431372549019	0.0016531416571164	0.0086141030058014	0.0067263766387446	-0.0298415740553723	-0.2083936484717976	-0.4956619560738873	21.63956213798772	36.079851161118725	31.09631462375965	0.517824011429544	0.3878220251587138	0.6223954355238359	-0.0159811197171181	-1.4966335104577762	-1.1373202746339657	21.63956213798772	47.63125489621629	0.7113477300522726	43.0	108.0	181.0	0.0	0.8173056840896606	0.9711514115333556	0.5921568870544434	5.473683834075928	34.666656494140625	0.1578947156667709	66.8	0.9285714302721088	0.1826923059356509	batch-2025-06-11_2_13	batch-2025-06-11_2	428.11
103.0	19.0	3.0	2.004995994128917	1.397701342151246	0.9338673986903466	-0.8370889132262118	0.4046160389628565	0.3016036204554126	0.0264026402640264	0.971153846153846	0.403921568627451	0.0017577577485673	0.008900864783007	0.007862729388736	-0.0448425343257312	-0.2782186933636811	-0.8370889132341064	21.547722404618	36.36754080213156	31.09631462375965	0.5908195912624165	0.4341230653214558	0.7270798908638791	-0.2558911447612604	-2.906591539685826	-1.122749592484832	21.547722404618	47.849543437472335	0.7074225061083932	42.0	108.0	181.0	0.0	0.8173056840896606	0.9711514115333556	0.5960783958435059	5.473683834075928	34.666656494140625	0.1578947156667709	66.39999999999999	0.9285714302721088	0.1826923059356509	batch-2025-06-11_2_14	batch-2025-06-11_2	452.09
103.0	18.0	3.0	1.6890733994448126	1.232430141171643	0.8385279008602068	-1.213894386982301	0.4177943088942932	-0.0713490426131841	0.0264026402640264	0.9705882352941176	0.403921568627451	0.0019104071403689	0.0081784449770494	0.006623817252726	0.4125084576309434	0.0904257043169527	-1.213894386950089	21.288016004188314	36.06425037405364	30.87049158629533	0.4974743261729157	0.3903377382341736	0.7021674808817593	-0.542031506988107	-2.7942730177585324	-0.505199026358625	21.288016004188314	47.47228039416223	0.7079589673232403	42.0	109.0	181.0	0.0	0.8252406716346741	0.9705857634544371	0.5960783958435059	5.722221851348877	33.9999885559082	0.166666641831398	65.8	0.9262295100107496	0.1747572798567254	batch-2025-06-11_2_15	batch-2025-06-11_2	471.16
103.0	18.0	3.0	1.7050221650050077	1.325462271269818	0.845952676304536	-0.0537946343396413	0.6736739285411691	-0.2181486139733027	0.0264026402640264	0.971153846153846	0.403921568627451	0.0019412305375763	0.0082026835210721	0.0066863614313928	0.3958033063298315	0.2395263672013993	-0.0537946343730179	21.288016004188314	36.36754080213156	30.88312268783072	0.5178764997080446	0.3522084032845122	0.6947555990201345	0.2811711999042419	-1.3723966110585957	-0.0361914231884839	21.288016004188314	47.71127006218036	0.7040263568641146	42.0	109.0	181.0	0.0	0.8252406716346741	0.9711514115333556	0.5960783958435059	5.722221851348877	34.666656494140625	0.1578947156667709	65.8	0.9285714302721088	0.1747572798567254	batch-2025-06-11_2_16	batch-2025-06-11_2	441.64
102.0	18.0	3.0	1.7977866968052247	1.209773903862248	0.7820419880079306	-0.693877479848355	0.5781379218302494	-0.1446645465223429	0.0257731958762886	0.9705882352941176	0.4	0.001739373640047	0.0076112143376487	0.0070501439090402	0.6089883284275498	0.1875646553438484	-0.6938774798093201	20.98852984604047	36.06425037405364	30.2608428528866	0.5195872041699231	0.4119845300329596	0.7054730517475957	-0.1927373970742791	-2.021910340088184	-0.3394400115151988	20.98852984604047	47.07811344148708	0.6981210210680727	42.0	109.0	181.0	0.0	0.8252406716346741	0.9705857634544371	0.6000000238418579	5.722221851348877	33.9999885559082	0.1764705628156662	65.19999999999999	0.9262295100107496	0.1747572798567254	batch-2025-06-11_2_17	batch-2025-06-11_2	479.15
101.0	17.0	3.0	2.0530287414629185	1.0842840131809028	0.7626944272803767	-0.9397375550553952	0.7330642427125011	-0.011160546961283	0.0238095238095238	0.9702970297029704	0.396078431372549	0.00146712567168	0.0075126938768376	0.0080510931037741	0.7461494415173336	-0.0068827933387054	-0.9397375550342784	20.731826593549343	36.05199545522844	29.95244083706263	0.5566851881648409	0.5217960355024868	0.7507091585911054	-0.4212265062374939	-2.091958790117705	-0.7131998747344952	20.731826593549343	46.87104744297432	0.6932486003747945	41.0	109.0	181.0	0.0	0.8316810727119446	0.9702945351600648	0.6039215326309204	5.941175937652588	33.666656494140625	0.1764705628156662	64.6	0.92561983655488	0.168316830016665	batch-2025-06-11_2_18	batch-2025-06-11_2	497.6
151.0	76.0	23.0	2.461574886891197	3.854415807781034	2.0665834221199666	-1.1094620944955431	0.4736226191125479	0.2298920867026225	0.0697674418604651	0.8486842105263158	0.592156862745098	0.0031763859221602	0.0125567197027818	0.0096532348505561	0.8195190899129382	-0.3515167192499869	-1.109462094515873	40.90932985184649	27.371863891171937	43.239001433955394	1.136495514493686	1.7263724823962372	0.5451071130242633	-0.012828227299193	-0.7877119229424604	-1.2051851346496234	40.90932985184649	51.17450710932582	1.0064388542087654	92.0	94.0	178.0	0.0	0.4934201538562774	0.8486827611923218	0.4078431129455566	1.9740259647369385	6.608695030212402	0.2948718070983886	110.2	0.7261904794501133	0.5065789440356648	batch-2025-07-30_1_1	batch-2025-07-30_1	30.84
149.0	78.0	23.0	2.780030682646796	3.726513512410851	1.9221153849514625	-1.21325007316122	0.2849035226835466	0.1606561062171129	0.0721784776902887	0.8413793103448276	0.5843137254901961	0.0029504445335374	0.0113396229308147	0.0109020811084185	0.6872728551900952	-0.2555097767983704	-1.213250073176238	41.21056446373766	25.919637458474003	43.066154660887925	1.1830832698749614	1.530281728344017	0.6439665869086612	-0.262263975191748	-0.6539641246983428	-1.546995403494212	41.21056446373766	50.26451316042211	1.0290130014516286	93.0	94.0	177.0	0.0	0.4768203198909759	0.841377854347229	0.4156862497329712	1.9113924503326416	6.304347515106201	0.302325576543808	110.2	0.7165354364188727	0.5231788044822596	batch-2025-07-30_1_2	batch-2025-07-30_1	30.25
146.0	70.0	21.0	2.8096760605023428	3.53130889104194	1.986884328981812	-2.8014411204657304	0.4899254445358718	0.1314170040249606	0.0656167979002624	0.8551724137931035	0.5725490196078431	0.0027978404158682	0.0122740453783774	0.0110183374921566	0.9057945609718226	-0.3248170582571018	-2.801441120472918	38.75828059374299	28.832797937424687	41.57971375712033	1.1237643372485713	1.4720941070136957	0.6436787852381007	-0.595350186276233	-1.051025221820222	-2.5912586695821016	38.75828059374299	50.59844694281063	0.96449050655413	87.0	96.0	180.0	0.0	0.520547091960907	0.8551709055900574	0.427450954914093	2.085714340209961	6.90476131439209	0.304347813129425	105.6	0.7319148970393843	0.4794520515106024	batch-2025-07-30_1_3	batch-2025-07-30_1	32.48
149.0	75.0	22.0	2.732898605686992	3.841541729153253	2.024286398827298	-1.0131798365774891	0.5413022747064118	0.3423442013959969	0.0697674418604651	0.8513513513513513	0.5843137254901961	0.0031514779692253	0.0123742358932254	0.0107172494340659	0.8706603475095401	-0.3920597634473591	-1.0131798366027611	40.52793885701535	27.3991297629686	43.053640355834034	1.171964029566495	1.6878229654790655	0.6406729403374504	-0.0040751849311362	-0.9124869192287952	-1.4284788544606453	40.52793885701535	51.032619564916445	1.004044648702927	91.0	94.0	178.0	0.0	0.4966879487037658	0.8513498902320862	0.4156862497329712	1.986842155456543	6.727272033691406	0.2972972989082336	108.8	0.7272727308146398	0.5033112549449585	batch-2025-07-30_1_4	batch-2025-07-30_1	29.75
145.0	74.0	20.0	3.9085107044261966	3.867939740179615	1.9905934364840463	-8.505555918688845	-0.6491672926787874	0.0904520811534756	0.0714285714285714	0.863013698630137	0.5686274509803921	0.0029867992771496	0.0124750308776021	0.0153274929585431	0.772451704450979	-0.4060701565368561	-8.505555918634963	39.46463020189777	26.384789681582088	42.73399114753767	1.3668846131589385	1.671728525767445	0.9662938121623472	-4.105846364685473	-1.1917915762357103	-9.38972578313529	39.46463020189777	50.22301390736272	1.017666903783745	89.0	94.0	177.0	0.0	0.4931498765945434	0.8630121946334839	0.4313725233078003	1.9729729890823364	7.299999237060547	0.273972600698471	106.2	0.7489539780466028	0.5068493115969225	batch-2025-07-30_1_5	batch-2025-07-30_1	31.93
127.0	39.0	9.0	3.141649485044897	2.862874520141725	1.7950493119154003	-0.8364717415754326	0.5428399441336985	0.5743134207400041	0.0423728813559322	0.9243697478991596	0.4980392156862745	0.0019581307940756	0.0129925644128451	0.0123201940589933	0.6327197085378379	-0.5267493777201578	-0.8364717415580426	29.37257849131408	36.52258380856616	37.51381321842862	1.0296785725426438	0.9074367577849884	0.6997436668947737	-0.2612751032831528	-0.916409620877307	-1.720686813162362	29.37257849131408	52.35633018309141	0.7987857704429108	62.0	102.0	185.0	0.0	0.6910554766654968	0.9243677258491516	0.5019607543945312	3.236842155456543	13.222220420837402	0.25	85.8	0.8353658566701367	0.3089430869191619	batch-2025-07-30_1_6	batch-2025-07-30_1	259.77
130.0	41.0	11.0	2.4604341165295507	2.714554139713237	1.4942343452522533	-0.926603309880532	0.5473823993258062	0.04838340972954	0.0426997245179063	0.9153846153846154	0.5098039215686274	0.0023214823391591	0.0104620329029235	0.0096487612412986	0.4797045881681678	-0.0990789105100006	-0.9266033099102026	30.14579510647988	36.58658606114165	37.66692668949882	0.8543594455093785	0.9712335116785156	0.4697875967522318	-0.1782170026313078	-0.6947055659880792	-0.6641225462766845	30.14579510647988	52.51071934225814	0.7999464907136211	64.0	102.0	185.0	0.0	0.6825382709503174	0.9153828024864196	0.4901960492134094	3.150000095367432	11.818181037902832	0.2682926952838897	88.2	0.8176795610329355	0.3174603149407911	batch-2025-07-30_1_7	batch-2025-07-30_1	239.03
129.0	40.0	10.0	2.9756092292697662	2.741839172615149	1.6357457013329404	-0.8078892079518661	0.591501022905166	0.0951273453314496	0.0423728813559322	0.9180327868852458	0.5058823529411764	0.0021137719603389	0.0114537724006463	0.0116690558010567	0.7187703299149343	-0.0898812082659788	-0.8078892078814279	29.997675166464937	36.75270895012936	37.63787627812237	0.962028635807269	0.940010489736938	0.5722511412906057	-0.1940370551610231	-0.7265936328133421	-1.394487664666611	29.997675166464937	52.60581095183464	0.7972965179215964	64.0	102.0	185.0	0.0	0.6923063397407532	0.918030858039856	0.4941176176071167	3.25	12.19999885559082	0.2571428716182709	87.60000000000001	0.8235294145957848	0.3076923053254438	batch-2025-07-30_1_8	batch-2025-07-30_1	270.83
126.0	45.0	13.0	2.860578432585143	2.753974296085677	2.173128890392823	-0.7741926977210865	0.2871060823018851	0.3609841740958524	0.0471976401179941	0.8968253968253969	0.4941176470588235	0.0016064763875234	0.015466668264534	0.0112179546375909	0.5316920234844865	-0.3607337387766088	-0.7741926976773302	30.261387765154765	33.5812089064364	36.54389138905191	1.0058066188976085	0.7834525661141929	0.5346336344362385	-0.2317812072432686	-1.1430931098292685	-1.7900880903557854	30.261387765154765	49.6301681386689	0.8276215844026755	66.0	102.0	181.0	0.0	0.6422750949859619	0.8968235850334167	0.5058823823928833	2.795454502105713	9.692306518554688	0.2888889014720917	87.19999999999999	0.7880434817166824	0.3577235743274506	batch-2025-07-30_1_9	batch-2025-07-30_1	221.52
122.0	40.0	11.0	2.7224971514308782	3.0589036758433763	1.5369769012608037	-0.9059287306704226	0.2798471220891269	0.5848189687158317	0.0431547619047619	0.9105691056910568	0.4784313725490196	0.0025372688229825	0.0112506658320153	0.0106764594173831	0.3430424693732027	-0.5816030639355299	-0.9059287307288408	28.76990166331748	34.7062540487538	35.98269768619113	1.0314457378275728	0.7725439750380722	0.7047814980417596	-0.2550000924429276	-0.9445258579777548	-1.0933612579851093	28.76990166331748	49.99278550823573	0.8034533884359832	62.0	103.0	181.0	0.0	0.674795389175415	0.9105672240257264	0.5215686559677124	3.075000047683716	11.181817054748535	0.2727272808551788	83.60000000000001	0.8103448308561236	0.3252032493885914	batch-2025-07-30_1_10	batch-2025-07-30_1	265.3
118.0	34.0	9.0	3.1401543383697783	2.704208876579774	1.513921871396209	-0.8679885606453065	0.4182559911891145	0.3849873396670489	0.0397553516819571	0.9224137931034484	0.4627450980392157	0.0022189537380867	0.0116866528424817	0.0123143307387065	-0.1031133311340206	-0.2701140929731533	-0.8679885605819433	26.734985978323223	35.122482624512976	34.87056082400688	1.028728974961162	0.7225534658195055	0.8482256480511237	-0.2388326631656366	-0.7256253135047822	-1.588918683170134	26.734985978323223	49.49287623375691	0.781798938385083	56.0	104.0	181.0	0.0	0.7094001770019531	0.9224117398262024	0.5372549295425415	3.441176414489746	12.888887405395508	0.2666666507720947	79.0	0.8280254809931437	0.2905982881145446	batch-2025-07-30_1_11	batch-2025-07-30_1	300.78
120.0	34.0	9.0	3.047779097055185	2.780509604093759	1.5330307870268851	-0.694740327830502	0.5501203279084453	0.3336111428310727	0.0375375375375375	0.9224137931034484	0.4705882352941176	0.0022186129974242	0.0116600781062109	0.011952074890407	0.4692267762922654	-0.2712584288551776	-0.6947403278019353	27.180548511431795	36.14412550991739	35.228966738117336	1.0026412846376362	0.8357962649408268	0.75959158606382	-0.1400083191353376	-0.805538732231545	-1.3611143866893691	27.180548511431795	50.47254606528225	0.7725766841161646	57.0	104.0	183.0	0.0	0.7131132483482361	0.9224117398262024	0.529411792755127	3.485714197158813	12.888887405395508	0.2727272808551788	80.6	0.8280254809931437	0.2868852435501209	batch-2025-07-30_1_12	batch-2025-07-30_1	326.59
116.0	32.0	9.0	2.899615148313587	2.5563058034400923	1.288116420178775	-0.9506429666636218	0.3543019118629831	0.2121279709417796	0.0358255451713395	0.9245283018867924	0.4549019607843137	0.0022557819086584	0.0100330498671143	0.0113710397973159	0.1123381289365388	-0.1245553916146933	-0.9506429666917058	26.060143007934407	35.70064280437704	33.926204919915286	0.9598400972225438	0.6267412172165285	0.8145878761483106	-0.3534011822080096	-0.7015890028684989	-1.1657375527528695	26.060143007934407	49.249601794469385	0.7599187120647536	54.0	106.0	182.0	0.0	0.7241362929344177	0.924526035785675	0.545098066329956	3.625	13.249998092651367	0.2666666507720947	77.8	0.833333336419753	0.275862066587396	batch-2025-07-30_1_13	batch-2025-07-30_1	175.9
121.0	35.0	10.0	2.8124903991474217	2.892126534889847	1.527190356809208	-0.6492568160364216	0.7345842617370816	0.4036311682853463	0.0386904761904761	0.9180327868852458	0.4745098039215686	0.0023785604971395	0.0113745676589534	0.0110293741143016	0.6344543042878293	-0.365120173793347	-0.6492568160829373	27.546060658020394	36.14412550991739	35.23910321566491	0.982670550731326	0.822444926426882	0.6506001644180063	0.0651417495099435	-0.5298636610893538	-0.9744301703310186	27.546060658020394	50.47962167371053	0.7727204823266515	58.0	104.0	183.0	0.0	0.7107422947883606	0.918030858039856	0.5254901647567749	3.4571428298950195	12.19999885559082	0.2750000059604645	81.4	0.8214285746173469	0.2892561959565604	batch-2025-07-30_1_14	batch-2025-07-30_1	188.34
109.0	29.0	8.0	3.2543392383174763	2.482782104292836	1.3220014075410225	-0.5665198477997926	0.4962040217710024	0.0242040296972608	0.0353535353535353	0.927927927927928	0.4274509803921568	0.0023385499294031	0.0109632342867676	0.0127621146600631	0.4798275233888985	-0.0824788528087528	-0.5665198477869282	24.00023469828785	34.16276560029474	31.87061269538799	1.012889802656094	0.7991237514072529	0.8917115508038994	-0.1369489573549356	-0.7053892251313378	-0.1046760887936148	24.00023469828785	46.72077168712122	0.7507000606398787	50.0	107.0	180.0	0.0	0.7358472347259521	0.9279257655143738	0.5725489854812622	3.785713911056519	13.874998092651367	0.2592592537403106	72.59999999999998	0.8400000031999999	0.2641509409042364	batch-2025-07-30_1_15	batch-2025-07-30_1	193.41
103.0	23.0	4.0	3.250800179740738	1.5565293128296145	1.1749986956974	-0.6937569336029628	0.561027381476987	0.7698252687584228	0.0309278350515463	0.9591836734693876	0.403921568627451	0.0016345025304682	0.0109269670492843	0.012748235998982	-0.0235315970129332	-0.5686674758526579	-0.6937569336059064	21.744758166281777	34.258282824664334	30.46169027532861	0.8771349269602908	0.8406004053402494	1.0261885624043594	-0.3846967553622963	-0.926456139260876	-1.40670071591023	21.744758166281777	45.842605908965744	0.7268034764942829	44.0	108.0	178.0	0.0	0.7788442373275757	0.9591811299324036	0.5960783958435059	4.521738529205322	24.4999942779541	0.1904761791229248	66.8	0.9024390267697798	0.2211538440273669	batch-2025-07-30_1_16	batch-2025-07-30_1	214.61
125.0	33.0	9.0	2.813080712372702	2.581830989945474	1.3941967846984364	-1.0521454667482957	0.9244765648263452	0.4070625386654656	0.0347826086956521	0.9285714285714286	0.4901960784313725	0.0020998350842877	0.0102695326665067	0.011031689068127	1.2192851207193962	-0.4192864027982285	-1.0521454667937282	27.98076072138395	38.57386469014792	36.37727595221264	0.8862397739025014	0.8724611495818201	0.6550135627363152	-0.1651534528697068	-1.1782478410384851	-1.0962608292242568	27.98076072138395	53.02121502603716	0.7560996075389209	58.0	104.0	187.0	0.0	0.7338694334030151	0.928569495677948	0.5098038911819458	3.757575750350952	13.999998092651367	0.2727272808551788	83.0	0.8392857171556122	0.2661290301118627	batch-2025-07-30_1_17	batch-2025-07-30_1	221.98
124.0	32.0	8.0	3.031784962760148	2.3058544648488355	1.3930411362381578	-1.582896624074696	0.4296490112393781	0.3459712814951421	0.0341880341880341	0.9333333333333332	0.4862745098039215	0.0017996914946064	0.0105640025649429	0.011889352795131	0.5210939901418676	-0.366954547522888	-1.5828966241151878	27.67409520499708	38.62070246166368	36.078251748582346	0.8813528424041708	0.8772075519893012	0.7734726517881725	-0.8797462838004939	-1.113480531364257	-2.0528947575571457	27.67409520499708	52.85072286985714	0.7513753359393196	57.0	104.0	187.0	0.0	0.7438001036643982	0.933331310749054	0.5137255191802979	3.9032256603240967	14.999998092651367	0.2666666507720947	82.39999999999999	0.8471337608827944	0.2561983449900963	batch-2025-07-30_1_18	batch-2025-07-30_1	154.7
126.0	32.0	8.0	2.400452783923611	2.250925257405991	1.2492176148114753	-0.3151406871803553	0.6509747913116527	0.3479758825026293	0.0333333333333333	0.935483870967742	0.4941176470588235	0.0018301710184952	0.0091348249598526	0.0094135403291093	0.7755203223341068	-0.3342229308908515	-0.3151406871250797	27.938545886129987	39.36433866177575	36.73242999452679	0.767325883168929	0.6492588613545184	0.5637509323873805	0.1372274442733477	-1.0081430021898357	-0.6266048476893746	27.938545886129987	53.840714813064885	0.7508256050153655	57.0	104.0	188.0	0.0	0.7480300068855286	0.9354819059371948	0.5058823823928833	3.96875	15.499998092651367	0.2580645084381103	83.39999999999999	0.851851854595336	0.2519685019530039	batch-2025-07-30_1_19	batch-2025-07-30_1	259.31
127.0	42.0	11.0	3.065388827401833	2.848452009660573	2.025603671891696	-2.001156274969868	0.3591856708616148	0.4768330407455667	0.0431547619047619	0.9090909090909092	0.4980392156862745	0.0018172883126339	0.0145031372042447	0.0120211326564748	0.7296720615899134	-0.4842644753638956	-2.0011562749944813	29.72186099602096	35.045348606549595	36.98441764848479	1.0221742025346416	0.9418633949980386	0.6331099020139488	-0.784064999519244	-1.256136060052191	-4.264516961308919	29.72186099602096	50.95118848223406	0.8123120481321557	64.0	102.0	182.0	0.0	0.6718736886978149	0.909088969230652	0.5019607543945312	3.047619104385376	10.999999046325684	0.2750000059604645	86.60000000000001	0.806451616024974	0.3281249974365234	batch-2025-07-30_1_20	batch-2025-07-30_1	157.0
120.0	32.0	8.0	3.5156121650419427	2.7128358678001336	1.4812544256108104	-1.313048560225544	0.4048577696209329	0.2804455149095447	0.0357142857142857	0.9292035398230089	0.4705882352941176	0.0021115131302925	0.0113204274488606	0.0137867143727187	0.5114931323032781	-0.2457128422115365	-1.3130485602052062	26.86228467696201	36.56554987927049	35.35744699864458	1.0777843543228154	0.858200785270477	0.9279390337934128	-0.7158934154663992	-0.8888514296572773	-1.7348145268406945	26.86228467696201	50.864412866319206	0.768602571830782	56.0	104.0	184.0	0.0	0.7288119792938232	0.9292014241218568	0.529411792755127	3.6875	14.124998092651367	0.2571428716182709	80.0	0.8410596058067628	0.2711864383797759	batch-2025-07-30_1_21	batch-2025-07-30_1	218.76
120.0	32.0	8.0	3.373832431790981	2.679479197469058	1.4997645965855	-1.5010671466327186	0.5275294654997377	0.4256611060792548	0.0357142857142857	0.9316239316239316	0.4705882352941176	0.0020765781756891	0.0115706765507027	0.0132307154187894	0.6089300047939613	-0.3756929864317898	-1.5010671466015435	26.86228467696201	36.655277177893936	35.36658377955687	1.0417827766554495	0.8491614604888773	0.9079639308569022	-0.7151861179905438	-1.2302383789931728	-2.146581965481417	26.86228467696201	50.93529810676136	0.7675069859526328	56.0	104.0	184.0	0.0	0.7321411967277527	0.9316219091415404	0.529411792755127	3.733333110809326	14.624998092651367	0.2571428716182709	80.0	0.846153849112426	0.2678571404655612	batch-2025-07-30_1_22	batch-2025-07-30_1	214.61
118.0	31.0	8.0	2.947972843637333	2.3283200719773496	1.2541624982734283	-0.5965632293459182	0.4778250272139319	0.2577559145113279	0.0351681957186544	0.9322033898305084	0.4627450980392157	0.00198527345709	0.0097628964976494	0.0115606778181927	0.2076058787418737	-0.1857146748512922	-0.5965632293288587	26.153850765562964	37.10387409753779	34.57048244568192	0.9158178672066716	0.6574251917748182	0.8191984184063297	-0.1960640378646357	-0.8361640214456907	-0.9906179136050404	26.153850765562964	50.71307257081883	0.7500670135928663	54.0	105.0	184.0	0.0	0.7394942045211792	0.932201325893402	0.5372549295425415	3.8387093544006334	14.749998092651367	0.2666666507720947	78.39999999999999	0.846153849112426	0.2605041994915613	batch-2025-07-30_1_23	batch-2025-07-30_1	233.96
120.0	32.0	8.0	2.7878049733101644	2.465089893936517	1.3764117966766585	-0.4849581662010993	0.9213239534270882	0.4689199477894812	0.0357142857142857	0.9322033898305084	0.4705882352941176	0.0019607436899111	0.0105740771700992	0.0109325685227865	0.9652181327131544	-0.4021675867529757	-0.4849581662615913	26.909425904254903	37.17128409624704	35.36658377955687	0.888989225964055	0.7606872874575848	0.7238160320158957	0.0869642754770934	-0.8084423724810995	-1.1571123031283532	26.909425904254903	51.30789032498143	0.7605238715754211	56.0	104.0	184.0	0.0	0.7333317399024963	0.932201325893402	0.529411792755127	3.75	14.749998092651367	0.2571428716182709	80.2	0.846153849112426	0.2666666644444445	batch-2025-07-30_1_24	batch-2025-07-30_1	224.75
167.0	96.0	31.0	2.271581590560397	3.598271452840997	2.737257222069728	-1.193189578334164	0.7681809371674359	0.6488952881830711	0.079656862745098	0.8165680473372781	0.6549019607843137	0.0025561663739268	0.0153649459537978	0.0089081631002336	0.8214211895600181	-0.7298272457292827	-1.1931895783357682	47.8573339487593	24.0483649220028	46.852365366454265	1.0429854091886497	1.7145671119129502	0.4706276389064412	0.3294919265664964	-0.7972665659688446	-1.213482115533214	47.8573339487593	52.66372561691337	1.0965815377735195	110.0	89.0	178.0	0.0	0.4277101457118988	0.8165668249130249	0.3450980186462402	1.7473684549331665	5.45161247253418	0.3229166567325592	125.8	-1.4324322352081973	0.572289153178981	batch-2025-07-30_1_25	batch-2025-07-30_1	6.95
160.0	89.0	25.0	3.411946460841028	3.635410923777087	1.995973876373116	-1.7359818459524616	-0.1803984324178686	0.3703621625790376	0.0789473684210526	0.8417721518987342	0.6274509803921569	0.0026147916135508	0.011069746744341	0.0133801821993722	0.3086735794236036	-0.6484691721949344	-1.735981845873752	45.26653269361552	24.490765979985174	46.399968211792384	1.232298857926008	1.5119394378432731	0.7785708553809114	-0.9433874632204824	-0.4329527148973222	-1.9160253909261056	45.26653269361552	52.46670056656644	1.0851423102366289	103.0	90.0	178.0	0.0	0.4437492489814758	0.8417707681655884	0.3725489974021911	1.797752857208252	6.319999694824219	0.2873563170433044	119.2	-2.947367797784032	0.5562499965234375	batch-2025-07-30_1_26	batch-2025-07-30_1	7.28
157.0	89.0	29.0	3.242246537798396	3.4649617399918475	2.593419289943573	-0.9106906067246484	0.0272057581109421	0.6183986516974291	0.0787401574803149	0.8141025641025641	0.615686274509804	0.0020330721949484	0.0149673238868275	0.0127146923050899	0.0463056691545227	-0.6863743505417481	-0.9106906067146108	44.71558567804358	22.922700368873173	44.20330568922965	1.2040583218304526	1.288863209303995	0.8167446395700918	-0.3611430578399225	-0.2835687819404915	-0.8279343295941245	44.71558567804358	49.79339741428196	1.0923998977935845	102.0	92.0	175.0	0.0	0.4294864237308502	0.8141012191772461	0.384313702583313	1.7528090476989746	5.379310131072998	0.3258427083492279	117.8	-3.578946645429477	0.5705128168556871	batch-2025-07-30_1_27	batch-2025-07-30_1	7.82
142.0	61.0	17.0	2.804563190518356	3.3721943306425968	2.391404917500608	-0.902151492932108	0.5534733486258313	1.0122901110996556	0.0599999999999999	0.8802816901408451	0.5568627450980392	0.0020152839111972	0.0151762775573829	0.0109982870216415	0.2338047986190954	-0.9927788669741694	-0.9021514930394132	36.20206215408044	31.544231469140925	40.99293425147959	1.1066584267210668	1.166771044657902	0.5601085944666501	0.0622025664223457	-0.589488439042878	-2.332134977856416	36.20206215408044	51.724841203476586	0.9149289948851492	80.0	97.0	181.0	0.0	0.5673748850822449	0.880280077457428	0.4431372284889221	2.3114755153656006	8.352940559387207	0.2741935551166534	100.79999999999998	0.7692307723633832	0.4326241104069212	batch-2025-07-30_1_28	batch-2025-07-30_1	115.99
150.0	69.0	23.0	2.6355048974951214	3.281458297517902	2.188165652525891	-0.6866477476496456	0.8496459157109312	0.4674904433866427	0.0611979166666666	0.847682119205298	0.5882352941176471	0.0021299958840527	0.013079294396952	0.0103353133235081	0.923305576084629	-0.4915448451155998	-0.6866477476005681	39.24173392134452	30.68990900045304	41.67128938138143	1.0565952282898587	1.2004128300590269	0.6011085214901332	0.4212641166737162	-0.9109268580327886	-1.0027713970658734	39.24173392134452	51.75294071995253	0.9360068414355642	88.0	96.0	181.0	0.0	0.5394728183746338	0.8476806879043579	0.4117646813392639	2.171428680419922	6.565217018127441	0.3287671208381653	108.2	0.7160493862216125	0.4605263127596953	batch-2025-07-30_1_29	batch-2025-07-30_1	108.62
137.0	58.0	16.0	3.151872548729416	3.4542275212884603	1.8075051353746503	-1.0966364084927842	0.2144275701129864	0.4682529153388315	0.0573770491803278	0.8857142857142857	0.5372549019607843	0.0025096884525831	0.0118966265838757	0.0123602845048224	0.1897864891977227	-0.5291618232039345	-1.0966364084981273	34.928537057678895	31.74533400763918	40.03905084984412	1.192406282591121	1.0673188752204728	0.8485677055587804	-0.3430885955936934	-1.2021604637341068	-1.601645408776725	34.928537057678895	51.09688663913855	0.9004246588616698	77.0	98.0	181.0	0.0	0.5797091126441956	0.8857126832008362	0.4627450704574585	2.379310369491577	8.749999046325684	0.2727272808551788	97.2	0.7777777808641975	0.4202898520268851	batch-2025-07-30_2_1	batch-2025-07-30_2	61.47
140.0	60.0	16.0	2.5532750966506184	3.29497909946073	2.05220192699778	-0.5868931376278942	0.5493977741511533	0.6658688006488211	0.0591397849462365	0.8814814814814815	0.5490196078431373	0.0021160036913735	0.0130986100658797	0.0100128435162812	0.5873019959839939	-0.6562625942259225	-0.5868931376670727	35.686556014174	31.55868737511769	40.79103034377734	1.0669904643825787	1.0815494995077983	0.5239682748979979	0.1575057618067745	-1.074352361500856	-2.2983135074957515	35.686556014174	51.573819960784135	0.9123193918104714	79.0	97.0	181.0	0.0	0.5673748850822449	0.881479799747467	0.4509803652763366	2.3114755153656006	8.437499046325684	0.2741935551166534	99.2	0.7692307723633832	0.4326241104069212	batch-2025-07-30_2_2	batch-2025-07-30_2	57.88
139.0	59.0	16.0	3.726265107132669	3.972086567415465	2.0213162586160265	-1.2915049271680463	0.077710613196883	0.6175622191587259	0.0573770491803278	0.8840579710144928	0.5450980392156862	0.0026550331603368	0.0126837278543888	0.0146128043416925	0.0276755112481217	-0.6480916939669287	-1.2915049271814365	35.307484269796056	31.74533400763918	40.18750181047967	1.40520442049067	1.0825169169552795	0.9389187442023544	-0.5235741065862292	-0.942302943141884	-1.8598691480821008	35.307484269796056	51.21329449492465	0.9022255439179724	78.0	98.0	181.0	0.0	0.5755385160446167	0.8840563297271729	0.4549019336700439	2.355932235717773	8.624999046325684	0.2758620679378509	98.2	0.7735849088643645	0.4244604286010041	batch-2025-07-30_2_3	batch-2025-07-30_2	58.2
135.0	50.0	14.0	2.9026792190971307	3.613361334144288	1.6943699157637522	-0.681183150973659	0.7752250960540208	0.5183048652317759	0.050287356321839	0.8939393939393939	0.5294117647058824	0.0030448719636543	0.0112064832540802	0.0113830557611638	0.7476573019641441	-0.5396178095931611	-0.6811831509594848	33.030895636414826	34.29555189019298	38.79875072491528	1.1326765251936135	1.2660017455374226	0.7170962038510494	0.2673764931499096	-0.6173429466838404	-0.4713172493556797	33.030895636414826	51.783471661013934	0.8469284637794383	72.0	100.0	183.0	0.0	0.6249988675117493	0.8939376473426819	0.470588207244873	2.6666667461395264	9.428570747375488	0.2857142984867096	94.4	0.7835051579870337	0.3749999972426471	batch-2025-07-30_2_4	batch-2025-07-30_2	68.22
126.0	42.0	11.0	2.9824663375034355	2.7274684591411136	1.6806711300565105	-0.991236033899764	0.1135074587987022	0.0172363489847077	0.045045045045045	0.9126984126984128	0.4941176470588235	0.0021722595987728	0.0121099443261306	0.0116959464215877	0.2974588402419325	-0.0082766658727375	-0.9912360339089836	29.705968993462648	34.732008801364984	36.9569298880643	0.9860935340841912	0.9280695913019718	0.6241067041327709	-0.5062482752247278	-0.6028826860050989	-1.7362407588442637	29.705968993462648	50.7161424216136	0.8164239698612609	64.0	102.0	181.0	0.0	0.6614159941673279	0.9126965403556824	0.5058823823928833	2.953488349914551	11.454544067382812	0.260869562625885	86.2	0.8156424611903498	0.338582674499349	batch-2025-07-30_2_5	batch-2025-07-30_2	76.07
117.0	27.0	6.0	2.54194063220895	2.0217062284096894	1.036913684682249	-0.6228042723194492	0.6971266357103534	0.249408588726026	0.03125	0.9491525423728812	0.4588235294117647	0.0021271947441858	0.0085538764001615	0.0099683946361117	0.4568985643533664	-0.2382571967973897	-0.6228042722897296	25.57099897155102	38.38099298790601	34.9786979024317	0.7640007044327926	0.6387335883273906	0.8176505534129654	-0.1182238569886752	-0.8985855279263921	-0.6732378846937748	25.57099897155102	51.928893014267786	0.7390531092369422	52.0	105.0	186.0	0.0	0.7711847424507141	0.9491504430770874	0.541176438331604	4.370369911193848	19.66666412353516	0.2222222089767456	77.0	0.8807947043550721	0.2288135573829359	batch-2025-07-30_2_6	batch-2025-07-30_2	283.93
114.0	26.0	6.0	2.640426361476068	1.9413787970579184	1.0773525078682094	-0.7024154164309642	0.5292861354622562	0.1615763566978677	0.0308641975308641	0.9473684210526316	0.4470588235294118	0.0019568154082619	0.0088862088547894	0.0103546131822617	0.2661497648694072	-0.1315420654991057	-0.7024154164345886	24.882919624337184	37.352264859349866	33.757295861569595	0.7792083906053956	0.657134781923942	0.7760311324898668	-0.3546925463926446	-0.3474530141489585	-0.8243737688457876	24.882919624337184	50.34626812394903	0.7348858142404929	50.0	106.0	184.0	0.0	0.771928071975708	0.9473662972450256	0.5529412031173706	4.384614944458008	18.99999618530273	0.2307692170143127	75.19999999999999	0.8767123313004316	0.2280701734379809	batch-2025-07-30_2_7	batch-2025-07-30_2	263.78
116.0	26.0	6.0	2.5940712083891384	1.8901977003436008	1.0143011011713836	-0.6220892169089811	0.6794472645433894	0.3054907998537042	0.0308641975308641	0.9482758620689656	0.4549019607843137	0.001911003691159	0.0082901735786608	0.0101728282681889	0.5528182991923836	-0.2724664853502205	-0.6220892169085692	25.022065276361424	38.369294104963394	34.17917761985135	0.7498461389006084	0.6903315803376773	0.7573011731931503	-0.1884523655805893	-0.803746091099544	-0.7034120101993433	25.022065276361424	51.38500669341716	0.7277061596258401	51.0	106.0	186.0	0.0	0.7767839431762695	0.948273777961731	0.545098066329956	4.479999542236328	19.333330154418945	0.2399999797344207	75.8	0.877551022907122	0.223214283721301	batch-2025-07-30_2_8	batch-2025-07-30_2	276.31
111.0	27.0	8.0	2.537205610711322	2.177541045312377	1.250391855848283	-0.4197384837110227	0.3366716876859415	-0.0796398941626547	0.0316666666666666	0.9292035398230089	0.4352941176470588	0.0019630528222846	0.0101276444917546	0.0099498259243557	0.3072147924161792	0.1473527968569888	-0.4197384837358288	24.4202720562893	35.879931121613666	32.30071348341021	0.8363498093941857	0.4378921724957526	0.6725600926928079	-0.0662371430664626	-0.9375647427851538	-0.0238485943340496	24.4202720562893	48.27738133773516	0.7329502118165573	50.0	107.0	181.0	0.0	0.754543662071228	0.9292014241218568	0.5647058486938477	4.074073791503906	14.124998092651367	0.2758620381355285	73.8	0.8400000031999999	0.2454545432231405	batch-2025-07-30_2_9	batch-2025-07-30_2	182.63
111.0	27.0	7.0	2.429290226318509	2.068129466028201	1.1846603641807008	-0.573519438213154	0.4331559438227632	0.045331140652717	0.0307443365695792	0.9357798165137614	0.4352941176470588	0.0017968261967412	0.0096074382485078	0.0095266283385	0.6862592239363609	0.0017182802420197	-0.5735194382502666	24.264166899728167	35.928239591720754	32.26996679911153	0.7953651909885127	0.4414821175035983	0.620435723994709	-0.0438821838827568	-2.7146378041149526	-0.2320315544772111	24.264166899728167	48.29274435539827	0.7318077508138195	50.0	107.0	181.0	0.0	0.7567550539970398	0.9357776045799256	0.5647058486938477	4.111110687255859	15.571426391601562	0.2692307531833648	73.6	0.8521126791807181	0.2432432410518627	batch-2025-07-30_2_10	batch-2025-07-30_2	229.47
107.0	23.0	5.0	2.76214608031813	1.5726735127443847	1.446547086512138	-0.7608013053694456	0.8634829767631934	0.2326285006697064	0.0294117647058823	0.9532710280373832	0.4196078431372549	0.001294697645422	0.0124219347160564	0.010831945413012	0.3359774504319519	-0.1409839805229669	-0.7608013053978412	22.829023963516256	36.02715011012969	31.73922450345912	0.7851660179283823	0.6348995412204576	0.5900586476904838	-0.2968445474679441	-1.424626788829816	-2.2947569869619286	22.829023963516256	48.0138929596299	0.722207285064383	46.0	108.0	181.0	0.0	0.7850448489189148	0.9532687067985536	0.5803921222686768	4.6521735191345215	21.399995803833008	0.2173912823200225	69.8	0.8888888913580246	0.2149532690191283	batch-2025-07-30_2_11	batch-2025-07-30_2	276.85
106.0	23.0	5.0	2.792883685977001	1.391245945364477	1.460143056588961	-0.9510834679628448	0.3137069661732226	0.1989757583545623	0.0294117647058823	0.9532710280373832	0.4156862745098039	0.0012378340547003	0.0129174571012067	0.0109524850430498	0.6817375497173862	-0.0964864690831693	-0.951083467994398	22.543573193523784	36.02715011012969	31.70484495465321	0.7703090974253279	0.6623880769485555	0.6542792725171389	-0.5678090019593951	-1.997297624458406	-2.832261753486133	22.543573193523784	47.991173549481125	0.7216697561719575	46.0	108.0	181.0	0.0	0.7870351672172546	0.9532687067985536	0.5843137502670288	4.695652008056641	21.399995803833008	0.2173912823200225	68.8	0.8888888913580246	0.2129629609910837	batch-2025-07-30_2_12	batch-2025-07-30_2	247.44
107.0	23.0	5.0	2.3050702676172787	1.375161573725909	1.4119109631209774	-0.7345276119918203	0.4384194655968883	0.173530036404329	0.0294117647058823	0.9532710280373832	0.4196078431372549	0.0010925438493299	0.0124860557599145	0.0090394912455631	0.5640366028457731	-0.0903184400751198	-0.7345276120378341	22.829023963516256	36.02715011012969	31.73922450345912	0.6671229437052099	0.5039364187833413	0.4762894546072362	-0.3058574641335753	-2.085314881297484	-2.450880454879296	22.829023963516256	48.0138929596299	0.722207285064383	46.0	108.0	181.0	0.0	0.7870351672172546	0.9532687067985536	0.5803921222686768	4.695652008056641	21.399995803833008	0.2173912823200225	69.8	0.8888888913580246	0.2129629609910837	batch-2025-07-30_2_13	batch-2025-07-30_2	286.66
106.0	23.0	4.0	2.532801665672877	1.479827870040738	1.4555356359784326	-0.4521539867221652	0.8171487006445928	0.5026967946697466	0.0294117647058823	0.9595959595959596	0.4156862745098039	0.0012187073012572	0.0128987250842722	0.0099325555516624	0.5298386507087521	-0.3976497269737243	-0.4521539867524705	22.470935576174988	36.02715011012969	31.70484495465321	0.7243109549701079	0.5773525518800308	0.5964500417225388	0.0026657114099614	-1.586391639117419	-2.256594612927747	22.470935576174988	47.991173549481125	0.7216697561719575	45.0	108.0	181.0	0.0	0.7870351672172546	0.9595934748649596	0.5843137502670288	4.695652008056641	24.7499942779541	0.199999988079071	68.8	0.9024390267697798	0.2129629609910837	batch-2025-07-30_2_14	batch-2025-07-30_2	271.41
93.0	18.0	4.0	3.0955786535469687	1.5503785590048091	0.8770998038544465	0.0808239543944369	0.391233148642921	-0.1288289213167259	0.0277777777777777	0.9574468085106383	0.3647058823529411	0.0020079306287328	0.0090809444251756	0.0121395241315566	0.4805278072475404	0.1737479546598504	0.080823954396445	19.10440350882208	32.909910060090006	27.610774434828656	0.8743456842950535	0.6770179815804652	1.1162548439704014	0.1284765006655929	-0.0543610701046554	0.2817082760436464	19.10440350882208	42.95831753053419	0.6980618168570369	39.0	110.0	175.0	0.0	0.8043455481529236	0.957444190979004	0.6352940797805786	5.111110687255859	23.4999942779541	0.2222221940755844	60.4	0.8974359000657461	0.1956521717863894	batch-2025-07-30_2_15	batch-2025-07-30_2	321.51
87.0	14.0	3.0	2.7774373695380734	1.3029547567598052	0.8499871077515104	-0.2955073627500515	0.2239619731232572	-0.1297218826306284	0.022633744855967	0.9651162790697674	0.3411764705882353	0.0023642042906531	0.0095744911912065	0.010891911253093	-0.236693394731869	0.1851000619724022	-0.2955073627826362	17.224940816130726	31.87387853641971	24.66367968122723	0.7710613495245515	0.6903964337895583	1.0434731059021651	-0.106253726447776	-0.8327586539046111	-0.3794797201101459	17.224940816130726	40.30187623886285	0.6585534981024577	35.0	113.0	174.0	0.0	0.8314582705497742	0.965113401412964	0.6588234901428223	5.933332920074463	28.66665840148925	0.2142857015132904	55.6	0.9117647084775086	0.1685393239489963	batch-2025-07-30_2_16	batch-2025-07-30_2	376.53
110.0	22.0	5.0	2.606502274627304	1.1213607625184456	1.1837982283711526	0.2280510443954571	0.2882591085705328	0.1359092299563745	0.0269841269841269	0.9545454545454546	0.4313725490196078	0.0011934061812825	0.0099001798748632	0.0102215775475591	0.1101534943624825	-0.0043835397069131	0.2280510443758067	23.34088684249012	37.43917130295249	32.500337129624675	0.6825729132841964	0.6766560716223952	0.5119247056492443	0.2501809298598018	0.1056054613718675	0.2578049706497271	23.34088684249012	49.57785252903842	0.7148993931967417	46.0	108.0	184.0	0.0	0.7999981045722961	0.9545432329177856	0.5686274766921997	4.999999523162842	21.99999618530273	0.2272727042436599	71.4	0.8905109513026799	0.1999999981818182	batch-2025-07-30_2_17	batch-2025-07-30_2	342.21
109.0	22.0	4.0	3.537744736986069	1.1884136264620946	1.273228423465632	-2.6866837552310754	-0.382234765374835	0.13671693381313	0.0269841269841269	0.9615384615384616	0.4274509803921568	0.0013227342940056	0.0110683172577166	0.0138735087724946	0.1804696150198064	-0.2121888240062448	-2.6866837552432594	22.989876638399537	37.42728508618165	32.48001978197909	0.8883911234457292	1.0003488469074275	0.926133544379044	-2.2829319566633	-3.607886704501411	-5.991375960564865	22.989876638399537	49.55555825495328	0.7147470202944927	46.0	108.0	184.0	0.0	0.7999981045722961	0.9615360498428344	0.5725489854812622	4.999999523162842	25.9999942779541	0.199999988079071	70.39999999999999	0.9062500021972656	0.1999999981818182	batch-2025-07-30_2_18	batch-2025-07-30_2	348.2
110.0	21.0	5.0	2.8325199189248167	1.0992738253174883	1.169607625865889	-0.272808366796846	0.1111198285857748	-0.0946456363666927	0.0269841269841269	0.9557522123893806	0.4313725490196078	0.0012890884787219	0.0097894715128606	0.0111079212506859	0.166620943143261	0.2220820337591827	-0.2728083667530234	23.34088684249012	37.43917130295249	32.500337129624675	0.7257495982808199	0.7660146715429953	0.5767243708445917	-0.2100813088552745	-0.3474067318346354	-0.8885000996531794	23.34088684249012	49.57785252903842	0.7148993931967417	46.0	108.0	184.0	0.0	0.8037363886833191	0.955750048160553	0.5686274766921997	5.095237731933594	22.59999656677246	0.2173912823200225	71.4	0.8920863332643237	0.1962616804087693	batch-2025-07-30_2_19	batch-2025-07-30_2	349.84
111.0	24.0	6.0	2.9826073343452464	1.8056974634965608	1.2974706996201866	-0.5591228610698431	0.7636765252797388	-0.1756901794389841	0.0285714285714285	0.9444444444444444	0.4352941176470588	0.0016660497685716	0.0107406090596378	0.0116964993503709	0.8991671920745701	0.2277548695098309	-0.5591228610455774	23.826251462680865	36.99866843840402	32.63256764602075	0.8457501837277634	0.7213369395296598	0.6988493904176497	-0.1671442127455364	-1.1452851496123917	-0.1909463658095072	23.826251462680865	49.33341603200689	0.722776954208954	48.0	107.0	183.0	0.0	0.7777759432792664	0.9444422125816344	0.5647058486938477	4.499999523162842	17.999998092651367	0.2608695328235626	72.6	0.8686131415632159	0.222222220164609	batch-2025-07-30_2_20	batch-2025-07-30_2	258.88
104.0	21.0	4.0	2.0227432725283463	1.2883713948417956	1.0701985239283944	0.2563116528168398	0.3404924654154672	0.363178072896643	0.0286195286195286	0.9615384615384616	0.4078431372549019	0.0013913755701478	0.0097661091127015	0.0079323265589338	0.0532152853986287	-0.1835416517970873	0.2563116527881521	21.77406638928881	36.02238469177452	30.970166571591623	0.5863154103709667	0.4564413288413667	0.5955502083758664	0.4342629630326588	-0.7671044257432247	-0.6505755322193901	21.77406638928881	47.50540407526624	0.7101260228446694	44.0	108.0	181.0	0.0	0.7961145639419556	0.9615360498428344	0.5921568870544434	4.90476131439209	25.9999942779541	0.1904761791229248	67.2	0.9062500021972656	0.2038834931661796	batch-2025-07-30_2_21	batch-2025-07-30_2	311.71
105.0	21.0	4.0	2.1974699173136605	1.403862898655103	1.423663719804749	-0.1837753923220088	0.2671903325556156	0.3872092865511374	0.0294117647058823	0.9622641509433962	0.4117647058823529	0.0011826022778955	0.0128997250895669	0.0086175290875031	-0.2605607568059959	-0.2780987421642652	-0.1837753922297883	22.11393673990713	36.02238469177452	31.70484495465321	0.6465435395584235	0.4623383746003212	0.5273301483885933	0.0774394481777373	-1.5971492287908997	-2.389946083109616	22.11393673990713	47.98759623570231	0.7217353610754809	44.0	108.0	181.0	0.0	0.7961145639419556	0.9622617959976196	0.5882352590560913	4.90476131439209	26.4999942779541	0.1818181723356247	67.8	0.9090909111570248	0.2038834931661796	batch-2025-07-30_2_22	batch-2025-07-30_2	321.51
105.0	21.0	4.0	1.8423553086311888	1.3347984738074476	1.2505640174553607	0.1857931701550363	0.1999647914364268	0.1453057026255735	0.0294117647058823	0.9622641509433962	0.4117647058823529	0.0012189040028121	0.011457365626886	0.0072249227789489	-0.6019614499678319	-0.0548466102430506	0.1857931702353466	22.11393673990713	36.02238469177452	31.66801420737236	0.5638565898211481	0.3518562541203661	0.4824290614896623	0.2578423123612193	-0.6838478047188604	-1.3242298966392425	22.11393673990713	47.96327055904892	0.7211589328625247	44.0	108.0	181.0	0.0	0.7999980449676514	0.9622617959976196	0.5882352590560913	4.999999523162842	26.4999942779541	0.1818181723356247	67.8	0.9090909111570248	0.1999999980952381	batch-2025-07-30_2_23	batch-2025-07-30_2	301.36
104.0	21.0	4.0	2.0884465078040537	1.3373998741900606	1.1638682869781412	0.6516964995009	0.4381895595473575	0.3940985985940149	0.0288461538461538	0.9615384615384616	0.4078431372549019	0.0013620341863598	0.010536939667257	0.0081899863051139	-0.1058308760275192	-0.2124881665412281	0.6516964994796771	21.77406638928881	36.02238469177452	31.65930149281434	0.6102126115427855	0.4481976504612071	0.5766087546018744	0.7003656357530831	-0.2802513986374355	-0.5563546833725729	21.77406638928881	47.95751838758035	0.7210224869733417	44.0	108.0	181.0	0.0	0.7999980449676514	0.9615360498428344	0.5921568870544434	4.999999523162842	25.9999942779541	0.1904761791229248	67.2	0.9062500021972656	0.1999999980952381	batch-2025-07-30_2_24	batch-2025-07-30_2	316.07
144.0	48.0	14.0	1.9616627181644928	3.0424199160831416	1.7121847584091603	-0.6253303222722022	0.8752436813375908	0.5330082741713129	0.0435897435897436	0.8992805755395683	0.5647058823529412	0.0023162664467325	0.0111694445278717	0.0076927949731894	0.8957329373197305	-0.5358805248482111	-0.6253303221843665	34.14222027308812	38.58124903871896	40.58690539771265	0.824628040042349	1.077058581164105	0.4907017955000604	0.3897894879944761	-1.106820936406324	-0.885318705871461	34.14222027308812	55.99830057377213	0.8107268760538513	73.0	99.0	189.0	0.0	0.6620678305625916	0.8992789387702942	0.4352940917015075	2.959183692932129	9.928570747375488	0.2978723347187042	98.8	0.7887323973417972	0.3379310321521998	batch-2025-07-30_2_25	batch-2025-07-30_2	73.13
140.0	46.0	13.0	2.381196304515747	2.7856024080273687	1.474351859843305	-0.8372671427653232	0.8341594103708316	0.5438750552046592	0.0433070866141732	0.9064748201438848	0.5490196078431373	0.0022653654705626	0.0096994048405822	0.0093380247235879	0.7326868074785696	-0.5290923555405933	-0.8372671428409358	32.87668556869085	38.31013038886682	39.87441356166232	0.85447377050098	0.9410369737645552	0.5801652493470217	0.1497164376049239	-1.0935534661616255	-0.6296034326868347	32.87668556869085	55.29588544637348	0.8054030699270471	70.0	100.0	189.0	0.0	0.6714273691177368	0.9064731597900392	0.4509803652763366	3.04347825050354	10.692306518554688	0.282608687877655	95.4	0.8030303060146924	0.3285714262244898	batch-2025-07-30_2_26	batch-2025-07-30_2	76.5
140.0	49.0	15.0	2.8389675643109507	3.346605107563925	1.927938568912957	-1.0563587736980862	0.9733671493974184	0.6666371085441358	0.0456989247311827	0.8897058823529411	0.5490196078431373	0.0025558914671895	0.0127295997019633	0.0111332061345505	0.81265341390017	-0.683514706813276	-1.0563587737203095	33.39660405969821	36.749235578610175	39.17585848701204	1.0115569684158607	1.3097607442855272	0.6436754500644571	0.2395986648429879	-0.886308211190466	-0.9890276407049292	33.39660405969821	53.71456230675794	0.81734803698907	72.0	100.0	187.0	0.0	0.6496338248252869	0.8897042274475098	0.4509803652763366	2.8541667461395264	9.066665649414062	0.3191489279270172	96.6	0.7735849088643645	0.3503649609462411	batch-2025-07-30_2_27	batch-2025-07-30_2	76.83
117.0	25.0	6.0	2.3731723889427148	1.9062529498302103	1.0524695916902338	-0.065988681267724	0.7795200171341485	0.3841219102018405	0.027027027027027	0.9487179487179488	0.4588235294117647	0.0018703794372175	0.0085269684253963	0.0093065583880115	0.7232982751504391	-0.3212554318603421	-0.0659886811832017	25.105177766575338	39.128692192347714	34.33411674988119	0.7124793394236139	0.5592565265597667	0.7158045981044476	0.2760344587697596	-0.5911089031125807	-0.1664296941774659	25.105177766575338	52.05656659517572	0.7202252513466639	50.0	106.0	187.0	0.0	0.7913026213645935	0.94871586561203	0.541176438331604	4.791666507720947	19.49999618530273	0.2499999850988388	76.2	0.877551022907122	0.2086956503591682	batch-2025-07-30_2_28	batch-2025-07-30_2	224.02
123.0	26.0	6.0	1.7888007747361832	2.0884427422810727	1.1118327581807983	-0.7648575391471542	0.599987356222459	0.3799514413312726	0.0289855072463768	0.9508196721311476	0.4823529411764706	0.0021293147163596	0.008632847301955	0.007014904998964	0.0935995925710795	-0.2906854854976598	-0.7648575393322783	26.726425492242413	40.44038027811322	35.983953584479515	0.5970251543838048	0.5793218998598283	0.5229051273530249	0.0879794066132898	-0.6745851959431859	-0.7355073677489309	26.726425492242413	54.13196165490759	0.727152500431434	53.0	105.0	189.0	0.0	0.7851223349571228	0.9508176445961	0.5176470279693604	4.65384578704834	20.333330154418945	0.2399999797344207	80.4	0.8823529434832756	0.2148760312820162	batch-2025-07-30_2_29	batch-2025-07-30_2	281.21
156.0	79.0	22.0	3.271635329183629	4.005684274310379	2.69234364174504	-0.5970523777552292	1.371922339214815	0.8960591535840211	0.0719696969696969	0.8589743589743589	0.611764705882353	0.0030501343894643	0.0163061660981785	0.0128299424673818	1.146989450138307	-0.8011198126372726	-0.5970523778202791	42.48508622806375	27.46846133552821	44.811728538071485	1.2480443762497169	1.8440837237142624	0.8652186838412218	0.9467133645636864	-1.1090845022102531	-0.9458248656127828	42.48508622806375	52.56051162908537	1.0208911002518013	96.0	92.0	180.0	0.0	0.48701211810112	0.85897296667099	0.3882352709770202	1.9493670463562007	7.090908527374268	0.2784810066223144	114.2	-6.199997840000648	0.5129870096559285	batch-2025-12-03_1_bgl1050_1	batch-2025-12-03_1_bgl1050	11.8
156.0	79.0	22.0	3.1373224300592546	3.471872153274908	2.550294712355327	-1.731800331589792	0.4545489335547056	0.8298096241583119	0.0712365591397849	0.8589743589743589	0.611764705882353	0.0028222431621044	0.0159776425952321	0.0123032252159191	0.8906526454739201	-0.922763985878201	-1.731800331705763	42.11832034809478	28.721812335641417	44.58988912097556	1.0979126866608395	1.6946119555445265	0.9326013318900308	-0.3464520292193115	-1.1577343915664915	-0.8107258709976064	42.11832034809478	53.03961458819905	0.9985567046773643	95.0	92.0	181.0	0.0	0.4968144297599792	0.85897296667099	0.3882352709770202	1.9873417615890503	7.090908527374268	0.2820512950420379	113.6	-9.99999450000275	0.503184710170798	batch-2025-12-03_1_bgl1050_2	batch-2025-12-03_1_bgl1050	12.18
157.0	79.0	22.0	2.709312499475758	3.5775678474410264	2.65943870113801	-2.28141634661012	0.5012072461636692	0.5339744303512935	0.0717761557177615	0.86	0.615686274509804	0.0027601654590968	0.0160936376192941	0.0106247548999023	0.95092290900829	-0.6764166368782583	-2.281416346746868	42.48508622806375	28.721812335641417	45.57877880500233	1.1032835142336654	1.557148599611318	0.809522281162383	-0.4119312990232165	-1.3767431286767051	-1.3300191977734075	42.48508622806375	53.873626026091216	1.0084967936475555	96.0	91.0	181.0	0.0	0.4968144297599792	0.8599985241889954	0.384313702583313	1.9873417615890503	7.142856597900391	0.2716049253940582	114.2	-9.99999450000275	0.503184710170798	batch-2025-12-03_1_bgl1050_3	batch-2025-12-03_1_bgl1050	12.03
149.0	67.0	21.0	2.949635478643308	3.829790309173633	2.334247339882789	-0.1127223355376471	0.7573826781047932	0.2753250080166146	0.0631313131313131	0.8590604026845637	0.5843137254901961	0.0030371551500128	0.0140576568676057	0.0115671979554549	0.3210105922334347	-0.0478436270593123	-0.1127223354111384	38.65549481725815	30.98857361236981	41.86134096692775	1.250366348253385	1.1957675885344812	0.90690063446313	0.5577347758952186	-0.6539937120502396	0.0785601879408967	38.65549481725815	52.08323686253232	0.9335534276968268	86.0	96.0	181.0	0.0	0.5399990081787109	0.8590589165687561	0.4156862497329712	2.17391300201416	7.095237255096436	0.2972972989082336	107.0	0.7341772185547187	0.4599999969333334	batch-2025-12-03_1_bgl1050_4	batch-2025-12-03_1_bgl1050	15.25
152.0	74.0	21.0	2.706273956754913	3.285211324080848	2.4072779423354884	-0.0057465776892713	0.5073593202109227	0.4001367587331793	0.068922305764411	0.86	0.596078431372549	0.0022240762065466	0.0145387515993594	0.0106128390460992	0.1405124525541849	-0.4136345438486176	-0.0057465777426324	40.62648679134089	29.26554875121132	44.44497273399829	1.0906567984498925	1.0959725843826458	0.7943977928765381	0.3471047434613064	-1.1545461843684388	-0.8862795082662697	40.62648679134089	53.21492220266208	0.9884919047488652	91.0	93.0	181.0	0.0	0.513157069683075	0.8599985241889954	0.4039215445518493	2.054054021835327	7.142856597900391	0.2820512950420379	110.4	0.7407407439414723	0.4868421020602493	batch-2025-12-03_1_bgl1050_5	batch-2025-12-03_1_bgl1050	14.19
154.0	78.0	22.0	2.487644055104668	3.2139699715376926	2.5503967114971857	-0.1351145886619621	0.5848253427409461	0.5085377214302857	0.068922305764411	0.8589743589743589	0.6039215686274509	0.0018808934238317	0.0148482638381896	0.0097554668827665	1.1389194986337607	-0.5785380222662542	-0.1351145887498307	42.11832034809478	28.869542751725707	44.44497273399829	1.0430720980887236	1.1273643759517542	0.5032477967044844	0.3106859887755744	-1.6276031035077716	-0.7599440376217494	42.11832034809478	52.998170723333175	0.9947325991646734	95.0	93.0	181.0	0.0	0.4999992251396179	0.85897296667099	0.3960784077644348	2.0	7.090908527374268	0.2820512950420379	113.0	-4.249999015625185	0.4999999967948718	batch-2025-12-03_1_bgl1050_6	batch-2025-12-03_1_bgl1050	12.86
149.0	67.0	21.0	2.294973669235707	3.3217919803089595	2.105580695882675	-0.7584192154480169	0.3455010650354443	-0.1387017852711294	0.0631313131313131	0.86	0.5843137254901961	0.0029214917023984	0.0131254322056974	0.0089998967420986	0.0743539941911445	0.194821542369164	-0.7584192154245677	38.72258318393489	31.114492914672944	42.91480171038054	1.0171035711997918	1.2249693138418556	0.8026386656260918	0.0273426341290156	-0.5262877046860799	-0.4486742207580582	38.72258318393489	53.00746999412925	0.9434688643111688	86.0	94.0	181.0	0.0	0.5442166924476624	0.8599985241889954	0.4156862497329712	2.1940298080444336	7.142856597900391	0.2923077046871185	107.0	0.7407407439414723	0.4557823098246101	batch-2025-12-03_1_bgl1050_7	batch-2025-12-03_1_bgl1050	15.33
152.0	70.0	21.0	2.522647455299769	3.619480124448099	2.0925569379811098	0.4377868690561835	0.7282702643002835	0.3477973993126531	0.0653846153846153	0.8618421052631579	0.596078431372549	0.0026168697727689	0.0122010891904829	0.0098927351188237	0.4300635674121837	-0.2680069850308636	0.4377868689998954	39.8505229881136	30.16153979281036	43.17552052591199	1.1382995975198746	1.1984263054578166	0.6625351087032564	0.705911160569849	-0.3344034736932143	0.3176414688134484	39.8505229881136	52.66729588042973	0.9610242571595392	89.0	94.0	181.0	0.0	0.5306112766265869	0.8618406653404236	0.4039215445518493	2.13043475151062	7.238094806671143	0.2916666567325592	109.4	0.7407407439414723	0.4693877519089268	batch-2025-12-03_1_bgl1050_8	batch-2025-12-03_1_bgl1050	14.85
149.0	69.0	21.0	2.631269301030136	3.711089734472095	2.4602517735664726	0.2015068058044025	0.5745043547984776	0.4409155974316091	0.0636132315521628	0.86	0.5843137254901961	0.0028104857902226	0.0149739960756107	0.0103187031412951	0.0016763344520755	-0.2464214544409975	0.2015068058281524	39.22313409593869	30.78338658678109	42.91480171038054	1.175137483735624	1.2041084844164165	0.8299292305783241	0.5099797824773935	-0.521961440475476	-0.6196486525770974	39.22313409593869	52.81379645123511	0.9485445181127952	88.0	94.0	181.0	0.0	0.5369117856025696	0.8599985241889954	0.4156862497329712	2.159420251846313	7.142856597900391	0.2923077046871185	107.2	0.7407407439414723	0.4630872452141795	batch-2025-12-03_1_bgl1050_9	batch-2025-12-03_1_bgl1050	14.86
154.0	76.0	22.0	2.51891568783063	3.237605958526303	2.5835104520468395	0.4389240608916513	0.8497359151779897	0.6480532399762221	0.068922305764411	0.8552631578947368	0.6039215686274509	0.00204081008556	0.0152972472592925	0.0098781007365938	0.5733089711658057	-0.6398253649397302	0.4389240608620655	41.36676160673024	29.080948459443505	44.39063871492252	1.0657651984330376	1.0367623811476454	0.7157808591936656	0.6719635457759292	-1.7180043039130557	-0.7373653896939718	41.36676160673024	53.06816718918778	0.9908341154529792	93.0	93.0	181.0	0.0	0.5064927339553833	0.8552617430686951	0.3960784077644348	2.026315689086914	6.909090518951416	0.2962962985038757	111.8	0.7338709709612383	0.4935064903019059	batch-2025-12-03_1_bgl1050_10	batch-2025-12-03_1_bgl1050	13.03
149.0	69.0	21.0	2.5484025034054545	3.3668094040516867	1.9345367465670056	-1.1268429002884186	0.2999669100849897	0.3602470839353294	0.060858063031976	0.8571428571428572	0.5843137254901961	0.0029226342366779	0.0118708131296381	0.0099937353074683	0.4139313960095639	-0.4603160369313184	-1.126842900242938	39.080140189541545	30.98857361236981	41.794120346115726	1.0748067785848645	1.1569481415969631	0.8677298115691874	-0.106610473540448	-0.6120539576695171	-0.1619645884180968	39.080140189541545	52.02922438432911	0.932784724248072	88.0	96.0	181.0	0.0	0.5399990081787109	0.857141375541687	0.4156862497329712	2.17391300201416	6.999999523162842	0.3134328424930572	107.2	0.7338709709612383	0.4599999969333334	batch-2025-12-03_1_bgl1050_11	batch-2025-12-03_1_bgl1050	15.41
152.0	74.0	22.0	3.028761231880312	3.5585265935689514	2.155758339345412	-0.7212302827976866	0.3190195964387761	0.7895050202284284	0.06640625	0.8571428571428571	0.596078431372549	0.0025368195511782	0.0125598688231327	0.0118774950269734	-0.0419360739339118	-0.8980255999326625	-0.7212302828072797	40.51573049648008	29.349208350826885	43.15332326121772	1.1902651611170791	1.191140486295546	0.7971312478533615	0.0466210726996977	-0.3489392017310984	-0.9161357633297864	40.51573049648008	52.1879807935448	0.9735412584401154	91.0	94.0	181.0	0.0	0.513157069683075	0.857141375541687	0.4039215445518493	2.054054021835327	6.999999523162842	0.2972972989082336	110.4	0.7338709709612383	0.4868421020602493	batch-2025-12-03_1_bgl1050_12	batch-2025-12-03_1_bgl1050	13.6
138.0	49.0	12.0	2.195187874027156	3.491849675434204	1.9214405986221308	-0.2535518080942019	0.3994260154098285	0.1018792276181801	0.0489417989417989	0.9130434782608696	0.5411764705882353	0.0030195350595467	0.0133544542442604	0.00860857989815	0.4110346360457137	-0.1127897976457442	-0.253551808051927	33.196065818600296	36.29785351603637	40.27370015477765	0.9200597733649628	1.4731836279616557	0.5130476686922941	0.227831459705841	-0.6236784146407987	-0.977082568578157	33.196065818600296	54.21720293438764	0.837274861982725	71.0	99.0	187.0	0.0	0.6412201523780823	0.9130417704582214	0.4588235020637512	2.78723406791687	11.499999046325684	0.2352941185235977	95.0	0.8190954801141385	0.3587786232154303	batch-2025-12-03_1_bgl1050_15	batch-2025-12-03_1_bgl1050	21.24
136.0	46.0	12.0	2.676616483070424	3.2676089841517064	1.8374400491136549	-1.0216720193848647	0.7371621551657995	-0.1289095208296222	0.0450819672131147	0.9111111111111112	0.5333333333333333	0.0032813354689673	0.0130525305411153	0.0104965352277325	0.9069759530341628	0.1171929062358085	-1.0216720193059516	32.10785806018016	36.56792898622546	39.107359843454674	0.928155866746433	1.4141024135519331	0.7745810739066702	-0.0810983942466496	-0.8582288503082417	-0.8012405885700995	32.10785806018016	53.54062965885888	0.8189425125421843	69.0	100.0	186.0	0.0	0.6592580080032349	0.9111093878746032	0.4666666388511657	2.9347825050354004	11.249999046325684	0.2727272808551788	92.8	0.8125000029296874	0.3407407382167353	batch-2025-12-03_1_bgl1050_19	batch-2025-12-03_1_bgl1050	61.4
133.0	40.0	12.0	2.552769389751844	2.8565918591945696	1.6313993590076936	-0.9000809653449406	1.0589382124416802	-0.3341754378075155	0.0399449035812672	0.9097744360902256	0.5215686274509804	0.0029516029599187	0.011278000816832	0.0100108603519705	0.6633667130312529	0.3986922830908224	-0.9000809653385026	30.71740958025861	38.354425449456606	37.89945556714216	0.873500156156743	1.0586571410652217	0.6108014712695338	0.3226862620267683	-0.8167663313681478	0.5200502258569124	30.71740958025861	53.92059610059691	0.7794317197555597	65.0	102.0	188.0	0.0	0.6899211406707764	0.9097726941108704	0.4784313440322876	3.2249999046325684	11.083332061767578	0.3000000119209289	90.2	0.8054054085609934	0.3100775169761433	batch-2025-12-03_1_bgl1050_20	batch-2025-12-03_1_bgl1050	69.33
133.0	42.0	12.0	2.2340563614451487	2.9504395133253447	1.573133395267471	-0.0811539498791043	0.8326645735316973	-0.2347378742082128	0.042016806722689	0.9097744360902256	0.5215686274509804	0.0030400820164999	0.0110643384048316	0.0087610053390094	0.471925705645742	0.4024469346886179	-0.0811539498279941	30.71740958025861	38.20051788750398	37.89945556714216	0.8370238498511159	1.0589152026125028	0.6611471740787513	0.5712040547313737	-0.9247343630814078	0.4613314754802725	30.71740958025861	53.81122837437642	0.7814420417845059	65.0	102.0	188.0	0.0	0.6888875961303711	0.9097726941108704	0.4784313440322876	3.2142856121063232	11.083332061767578	0.2978723347187042	90.2	0.8054054085609934	0.3111111088065844	batch-2025-12-03_1_bgl1050_21	batch-2025-12-03_1_bgl1050	68.6
131.0	39.0	10.0	2.477577444662661	2.6402372688016698	1.998127618949655	0.0834326146200173	0.7942147296559762	0.1316490554949768	0.0399449035812672	0.9236641221374048	0.5137254901960784	0.0020893842087439	0.0141455115913929	0.009715989979064	0.4895678729448639	-0.1219238549483151	0.0834326147284317	30.1564971255048	38.20051788750398	38.13311520828995	0.8280724547439349	0.937265699266712	0.4559550661180244	0.4883698980850851	0.06258411446419	0.7320558985039977	30.1564971255048	53.976050636946624	0.7845151625633116	63.0	102.0	188.0	0.0	0.7022887468338013	0.9236623048782348	0.4862744808197021	3.3589744567871094	13.099998474121094	0.2564102709293365	88.39999999999999	0.833333336111111	0.2977099213915273	batch-2025-12-03_1_bgl1050_22	batch-2025-12-03_1_bgl1050	67.4
129.0	37.0	8.0	2.882875298565851	2.618088048347022	2.1642076984260576	-1.970232115516746	0.310364677501319	0.4982998952063275	0.0399449035812672	0.9375	0.5058823529411764	0.002026066091766	0.0157083048705087	0.0113053933277133	0.1115432645332229	-0.4821087413954129	-1.970232115386948	29.56135246845775	38.29299421049471	38.13311520828995	0.8756383266352665	1.0601864669194152	0.6094264688502972	-0.959119711386786	-0.6843982369845613	-4.3102453132241125	29.56135246845775	54.041538478227054	0.7833062242656618	61.0	102.0	188.0	0.0	0.7063477635383606	0.9374980926513672	0.4941176176071167	3.4054055213928223	15.999998092651367	0.2285714298486709	86.39999999999999	0.8620689678953626	0.2936507913202318	batch-2025-12-03_1_bgl1050_23	batch-2025-12-03_1_bgl1050	73.71
156.0	80.0	25.0	2.334725023215514	3.441585110409951	1.94763655591142	-1.0937087954707287	0.6126157388934873	0.8878105316950214	0.0697674418604651	0.8387096774193549	0.611764705882353	0.0028701279944433	0.0118274107114593	0.0091557844047685	0.7821880898630592	-1.006012260359164	-1.0937087955504028	42.57156546696354	27.741081091349347	43.63347819246667	0.9944283986002708	1.6565620820958005	0.5867406865603775	0.133477286462273	-0.9373217622922492	-0.4975781566007852	42.57156546696354	51.70539622988383	1.0044860855885367	96.0	93.0	181.0	0.0	0.48701211810112	0.8387082815170288	0.3882352709770202	1.9493670463562007	6.1999993324279785	0.3205128312110901	114.8	-9.499996062501475	0.5129870096559285	batch-2025-12-03_1_bgl1100_1	batch-2025-12-03_1_bgl1100	11.8
155.0	79.0	25.0	2.602361624036996	4.01823619252169	2.2778229514165456	-0.5933902121541582	1.0868328506051483	1.2545725680832875	0.0687022900763358	0.8387096774193549	0.6078431372549019	0.0032059012498253	0.0134671299660925	0.0102053397021071	1.0219366453011192	-1.2751817091906967	-0.5933902120626401	42.137190708668825	28.237491954876624	43.585200596635744	1.169069324482697	1.8515355586303464	0.5605293445803518	0.834241445894578	-1.0697980669456515	-0.6496974720288365	42.137190708668825	51.93289576896997	0.9959207672887176	95.0	94.0	181.0	0.0	0.4904451072216034	0.8387082815170288	0.3921568393707275	1.962499976158142	6.1999993324279785	0.3205128312110901	114.2	-10.142852367348985	0.5095541368818208	batch-2025-12-03_1_bgl1100_2	batch-2025-12-03_1_bgl1100	12.18
157.0	80.0	25.0	1.8856853049375533	3.4158797026090952	2.0365792563455694	-0.2973636879597251	0.7328607580320236	1.0354374829404491	0.068922305764411	0.8397435897435898	0.615686274509804	0.0026320665796154	0.0121355652938696	0.0073948443330835	0.8377365245512635	-1.161916803800373	-0.2973636880788913	42.73617517121664	28.5980021740766	43.7822583197151	0.9682061541487014	1.5078025687649563	0.5076512350919907	0.4312286004514292	-1.1236913137921305	0.0320728082752	42.73617517121664	52.29466389530343	0.9921839427213118	97.0	93.0	181.0	0.0	0.4936701357364654	0.8397422432899475	0.384313702583313	1.975000023841858	6.239999294281006	0.3205128312110901	115.0	-9.714281122450949	0.506329110719436	batch-2025-12-03_1_bgl1100_3	batch-2025-12-03_1_bgl1100	12.03
148.0	68.0	22.0	2.521625892485748	3.3991964456837898	2.1563570349407906	-0.2820043843000633	0.8022485343835805	0.3473583287584695	0.0611979166666666	0.8513513513513513	0.5803921568627451	0.002261040805037	0.0128266374802132	0.009888728990138	0.7179985916285411	-0.3286646498226095	-0.2820043842925007	38.86358585638694	31.018784604445376	41.45292345154316	1.0819247132675232	1.1667259032135315	0.5610093482523535	0.5474607891397199	-0.8392419621421316	-0.0378821282223689	38.86358585638694	51.77364060037187	0.9283908797719947	87.0	96.0	181.0	0.0	0.5374140739440918	0.8513498902320862	0.4196078181266784	2.161764621734619	6.727272033691406	0.328125	107.2	0.7215189908668482	0.4625850308667685	batch-2025-12-03_1_bgl1100_4	batch-2025-12-03_1_bgl1100	15.25
153.0	74.0	24.0	2.42207355341378	3.371405259922996	2.0955995447756304	-0.7737636212371778	0.679784940423618	0.4606651342863319	0.0653846153846153	0.8441558441558441	0.6	0.0024941064352191	0.0126998424171113	0.0094983276604416	0.7323349722154388	-0.5367445016931974	-0.7737636211710444	40.78968766136822	29.800861637556604	43.02992408502402	1.0193489817658945	1.421720512403302	0.6262188206853097	0.2426913655437951	-1.0366112482725176	-1.1356701554043596	40.78968766136822	52.341816180791085	0.9650802215807484	92.0	94.0	181.0	0.0	0.5163390636444092	0.844154417514801	0.3999999761581421	2.067567586898804	6.416666030883789	0.3199999928474426	111.4	0.7154150231373713	0.4836601275577769	batch-2025-12-03_1_bgl1100_5	batch-2025-12-03_1_bgl1100	14.19
155.0	77.0	25.0	2.214688349769681	3.4764387453276533	2.1346736137607287	-0.3572350261154385	0.6176279332347145	0.7228498226734883	0.0674300254452926	0.8410596026490066	0.6078431372549019	0.0024450214558254	0.012384631319447	0.0086850523520327	0.83709883814444	-0.8285705461607394	-0.3572350260242709	41.75812527123199	28.96016587111877	43.41827101014542	1.039625244330893	1.3971557446728518	0.4460879890326636	0.3354298644867938	-1.1583547523626985	-0.9027314610293972	41.75812527123199	52.190396288906896	0.9825601345216812	94.0	94.0	181.0	0.0	0.5032249093055725	0.8410581946372986	0.3921568393707275	2.012986898422241	6.291666030883789	0.3199999928474426	113.2	-5.461536970414546	0.4967741903433923	batch-2025-12-03_1_bgl1100_6	batch-2025-12-03_1_bgl1100	12.86
149.0	68.0	22.0	2.152066546646989	2.9739993045445545	1.93119028891498	-0.5007827342354234	0.4207317980944374	0.3490424045946472	0.0611979166666666	0.8513513513513513	0.5843137254901961	0.0023110861525937	0.0118684611089353	0.0084394766535177	0.3167282620500268	-0.3767845155433591	-0.5007827342791081	38.86358585638694	31.192746031086017	41.44445638071977	0.8888607638533713	1.255520776476998	0.5070451938239059	0.3008396310529365	-0.6457312445000585	-0.3135557041854414	38.86358585638694	51.8712865625407	0.925607906123172	87.0	96.0	182.0	0.0	0.5436232686042786	0.8513498902320862	0.4156862497329712	2.191176414489746	6.727272033691406	0.3239436745643616	107.2	0.7215189908668482	0.4563758358632494	batch-2025-12-03_1_bgl1100_7	batch-2025-12-03_1_bgl1100	15.33
153.0	71.0	23.0	2.047338204265995	3.1708911504446404	2.0646663587458685	-0.54237383937353	0.6911551013214896	0.4513643046750943	0.0615384615384615	0.8506493506493507	0.6	0.0022717038513104	0.0125030196504476	0.0080287772716305	0.6847306040292397	-0.4655978709315971	-0.5423738392324965	39.98470304037645	31.19921212775689	42.56483590013721	0.9205031036844192	1.3300076145164323	0.4782171028492099	0.3891223748836385	-0.6957043503192809	-0.7982327086720404	39.98470304037645	52.77457809019776	0.9382767077062806	90.0	95.0	182.0	0.0	0.5359467267990112	0.8506479263305664	0.3999999761581421	2.1549296379089355	6.695651531219482	0.3199999928474426	110.2	0.7217741969140219	0.4640522845486778	batch-2025-12-03_1_bgl1100_8	batch-2025-12-03_1_bgl1100	14.85
149.0	69.0	22.0	2.329677846653851	3.231793268742893	2.095616036945788	-0.0673273318174053	0.77835802989872	0.5518014784212169	0.0611979166666666	0.8533333333333333	0.5843137254901961	0.0022740154960165	0.0128128439662362	0.0091359915555009	0.7562723147587207	-0.563906170669758	-0.0673273319036259	39.19620469517619	31.112055607787514	41.940016353393126	0.981794273596623	1.298232102550278	0.5488088326959845	0.631548171459026	-0.8164923081353492	-0.5842386571465297	39.19620469517619	52.21996721432277	0.932549273160195	88.0	96.0	182.0	0.0	0.5374140739440918	0.8533318638801575	0.4156862497329712	2.161764621734619	6.818181037902832	0.3188405930995941	107.6	0.7261410822472064	0.4625850308667685	batch-2025-12-03_1_bgl1100_9	batch-2025-12-03_1_bgl1100	14.86
154.0	75.0	25.0	2.6625487232426868	3.7330352067618895	2.323954960145164	-2.404708921763889	0.6374769756202276	0.7140142823280115	0.0653846153846153	0.8397435897435898	0.6039215686274509	0.0026132685531219	0.0136810674425123	0.0104413675421271	0.6547371156866796	-0.7715512371902506	-2.4047089217392887	41.16857716043389	29.71194228651897	42.84605927224283	1.148306255777204	1.4870460904109415	0.6338502642363075	-0.1032518482465155	-1.0026036716804017	-2.302449502146828	41.16857716043389	52.1400451629837	0.9644744782223316	93.0	94.0	181.0	0.0	0.5129861235618591	0.8397422432899475	0.3960784077644348	2.053333282470703	6.239999294281006	0.328947365283966	112.2	0.703557315768095	0.4870129838505651	batch-2025-12-03_1_bgl1100_10	batch-2025-12-03_1_bgl1100	13.03
148.0	68.0	23.0	2.5575751956037465	3.2769290332757968	2.200698828933409	-0.7318140679278685	0.7080200729981575	0.34579136587521	0.0604838709677419	0.8456375838926175	0.5803921568627451	0.0021766089273845	0.0130752155157733	0.0100297066494279	0.7525136501523535	-0.3475943056576644	-0.7318140679157713	38.87691938810994	31.018784604445376	41.15815917806954	1.0485751033469226	1.1852399150452837	0.5253863018750857	0.3153810979809649	-0.8190601828357768	-0.5613962646144396	38.87691938810994	51.53793811615175	0.92496426938605	87.0	97.0	181.0	0.0	0.5379300117492676	0.8456361293792725	0.4196078181266784	2.1641790866851807	6.478260517120361	0.3380281627178192	107.4	0.7125000035937499	0.4620689623305589	batch-2025-12-03_1_bgl1100_11	batch-2025-12-03_1_bgl1100	15.41
152.0	72.0	24.0	2.7652390573852714	3.436908222408471	2.187235152092569	-1.2843645478406098	0.9583695889140288	0.7437719020860759	0.0634920634920635	0.8431372549019608	0.596078431372549	0.0024013803497319	0.0130902220547723	0.0108440747348424	0.8706256184312202	-0.7511164865190565	-1.2843645477864831	40.151650409239735	29.95161008217512	42.457828348915946	1.0846432277221636	1.3995675760683763	0.670231998719548	0.3828651738940627	-0.8981046309299817	-1.3870433508065638	40.151650409239735	51.95927380767234	0.9564261681370764	90.0	95.0	181.0	0.0	0.5234889984130859	0.8431358337402344	0.4039215445518493	2.0985915660858154	6.374999523162842	0.3287671208381653	110.6	0.7108433769777907	0.4765100639160398	batch-2025-12-03_1_bgl1100_12	batch-2025-12-03_1_bgl1100	13.6
139.0	50.0	12.0	2.268888023386551	3.2076420858061243	1.3077031572504223	-0.7974761292237662	0.701741645366459	0.2274473595823155	0.05078125	0.9124087591240876	0.5450980392156862	0.0031805136198932	0.0088771777804325	0.0088976000917102	0.6726300375181762	-0.2630472914475094	-0.7974761292433992	33.55442814082895	36.02610778675097	40.50172296535456	0.8836539047117528	1.3411153504144289	0.6301523556398244	0.263833329957142	-0.8583172400088651	-0.4997025973852783	33.55442814082895	54.2058115465946	0.8438151197248961	72.0	98.0	186.0	0.0	0.6402866244316101	0.9124070405960084	0.4549019336700439	2.7799999713897705	11.416666030883787	0.25	95.79999999999998	0.818181820936639	0.3597122276279696	batch-2025-12-03_1_bgl1100_15	batch-2025-12-03_1_bgl1100	21.24
136.0	46.0	13.0	2.401096331612504	2.590206166891309	1.418429204496316	-0.5212395244924976	0.7498291761019086	0.3183155219062537	0.0450819672131147	0.9051094890510948	0.5333333333333333	0.0022089504366454	0.0095691723965983	0.0094160640455383	0.7281286060944008	-0.3740744343545978	-0.5212395244012054	32.315638803954975	36.65474925150228	39.05768466433049	0.809206138562064	1.0244638988143453	0.5292760359899	0.1786550097256952	-0.6796171968320104	-0.3050224075780285	32.315638803954975	53.56373189041989	0.8171251726488293	70.0	100.0	186.0	0.0	0.6592580080032349	0.9051077961921692	0.4666666388511657	2.9347825050354004	10.538460731506348	0.282608687877655	93.8	0.800000003076923	0.3407407382167353	batch-2025-12-03_1_bgl1100_19	batch-2025-12-03_1_bgl1100	61.4
134.0	42.0	12.0	2.31748768763392	2.774847095497007	1.57294105166531	-1.0345530021906648	0.5109354634109133	0.3548554689646161	0.0420054200542005	0.9117647058823528	0.5254901960784314	0.0022408764831239	0.0109026391106508	0.0090881870103335	0.2732188351809197	-0.3469733705606268	-1.03455300226404	31.230896363645662	37.94745441039013	38.74793494755701	0.8227945083556224	0.98909268973995	0.5084405914898975	-0.1521538405457528	-0.6652774637545865	-0.9409033046753946	31.230896363645662	54.23478366259745	0.7958349247109943	66.0	101.0	188.0	0.0	0.6870215535163879	0.9117630124092102	0.4745097756385803	3.195122003555298	11.333332061767578	0.2790697813034057	91.0	0.8125000029296874	0.3129770968475031	batch-2025-12-03_1_bgl1100_20	batch-2025-12-03_1_bgl1100	69.33
135.0	43.0	12.0	2.1452332777215464	2.8301150347975104	1.5804137418287345	-0.3003546644739015	0.667594973592385	0.5192979952111456	0.0420054200542005	0.9117647058823528	0.5294117647058824	0.0022135709971106	0.0108615807661097	0.0084126795204818	0.6028058667949919	-0.4850420643845517	-0.3003546645770364	31.59380547467648	37.94745441039013	38.83820546365022	0.8058092796062222	1.004015228582244	0.4497997153839241	0.3480052336680585	-0.7642364334705211	-1.064448274973328	31.59380547467648	54.29931399074345	0.7969981301287112	67.0	101.0	188.0	0.0	0.6818168759346008	0.9117630124092102	0.470588207244873	3.142857074737549	11.333332061767578	0.2790697813034057	91.8	0.8105263187811633	0.3181818157713499	batch-2025-12-03_1_bgl1100_21	batch-2025-12-03_1_bgl1100	68.6
133.0	39.0	11.0	2.063679328188636	2.542870637518686	1.432524593977913	-0.5141975656679192	0.7258956326358177	0.1988156867800775	0.0385674931129476	0.9172932330827068	0.5215686274509804	0.0020586259047619	0.0099308619170668	0.0080928601105397	0.918809051306034	-0.250136151752492	-0.5141975658109725	30.552519451065585	38.6322458163505	38.19453200931949	0.7499621011560402	0.837158767910937	0.3782974353324541	0.1751479682157385	-1.208185932431462	-0.0999904405663222	30.552519451065585	54.32561727422765	0.7797008130285498	64.0	102.0	188.0	0.0	0.7045441269874573	0.9172914624214172	0.4784313440322876	3.384615421295166	12.09090805053711	0.2790697813034057	89.8	0.8196721341037355	0.2954545432162535	batch-2025-12-03_1_bgl1100_22	batch-2025-12-03_1_bgl1100	67.4
130.0	38.0	10.0	2.5907861356092217	2.3547400439923334	1.6932950302523018	-0.8837232601621122	0.628196011913011	0.4281285981653838	0.0385674931129476	0.9242424242424244	0.5098039215686274	0.0017760446460598	0.0122504242876278	0.0101599456298421	1.257134896798648	-0.4308491808719145	-0.8837232601891736	29.76680553887735	38.58623834188002	38.013734735870166	0.7849750572893358	0.9561721608948768	0.5611062718766995	-0.1544674722536627	-1.372067334180871	-2.179074161845407	29.76680553887735	54.16587318547975	0.7779243625148956	62.0	102.0	188.0	0.0	0.7099223136901855	0.9242406487464904	0.4901960492134094	3.4473683834075928	13.19999885559082	0.25	87.2	0.833333336111111	0.2900763336635394	batch-2025-12-03_1_bgl1100_23	batch-2025-12-03_1_bgl1100	73.71
155.0	80.0	27.0	2.7932019091907314	3.4123036990318187	2.317601620081989	-1.0571052668850112	0.7320471503686957	0.670149209004394	0.0701058201058201	0.8258064516129033	0.6078431372549019	0.0025527000028097	0.0139603293342536	0.0109537329772235	0.5578512013764402	-0.6638676173219727	-1.0571052669440395	42.370421727807056	27.26130870360599	42.79955059484648	1.064599492003943	1.5685844601561694	0.6990077462271419	0.2403409851457778	-0.5648453513497381	-0.4611853163923192	42.370421727807056	50.744265521870815	1.0036476240830714	96.0	94.0	180.0	0.0	0.4834429323673248	0.8258050680160522	0.3921568393707275	1.9358974695205688	5.7407402992248535	0.3375000059604645	114.4	-9.124996203126424	0.5165562879698259	batch-2025-12-03_1_bgl1100_Baffle_1	batch-2025-12-03_1_bgl1100_Baffle	11.8
154.0	78.0	26.0	2.3609743244929247	3.592999190949349	2.4026792380219097	-0.5823515115010603	0.8453315612518134	0.7709460131374464	0.0677083333333333	0.8300653594771242	0.6039215686274509	0.0027769195122523	0.0145482438349382	0.009258722841148	0.6926946648977665	-0.7613894169336033	-0.5823515113597963	41.97722864298925	28.055372779884625	42.79955059484648	1.0442465334733289	1.6754991054468915	0.550998633925962	0.7274650173043826	-0.7256447306466979	-0.6503649993955549	41.97722864298925	51.17524277362165	0.9905600162398884	95.0	94.0	180.0	0.0	0.4903217256069183	0.8300639986991882	0.3960784077644348	1.9620252847671509	5.884614944458008	0.3333333432674408	113.2	-9.124996203126424	0.5096774160665973	batch-2025-12-03_1_bgl1100_Baffle_2	batch-2025-12-03_1_bgl1100_Baffle	12.18
156.0	79.0	26.0	2.344594606286335	3.348473121353141	2.3694971165142618	-2.533758107548613	0.5507675003444855	0.5992790522998779	0.0677083333333333	0.829113924050633	0.611764705882353	0.0027469381988028	0.0147399820872275	0.0091944886521025	0.5950048587126359	-0.6493531492423653	-2.533758107577519	42.370421727807056	28.306964527850752	42.99579770832954	0.941682148587374	1.7276351672912202	0.648140383045548	-0.1158853171088474	-0.7057621843514097	-0.9005178302738807	42.370421727807056	51.47740146274476	0.9885624857935238	96.0	94.0	180.0	0.0	0.4904451072216034	0.8291125893592834	0.3882352709770202	1.962499976158142	5.851851463317871	0.337349385023117	114.8	-10.142852367348985	0.5095541368818208	batch-2025-12-03_1_bgl1100_Baffle_3	batch-2025-12-03_1_bgl1100_Baffle	12.03
148.0	67.0	21.0	2.5979169444106573	3.722217296854412	2.4139602059915792	-0.8547400301026096	0.8256594286637335	0.8119356203057371	0.0611979166666666	0.8581081081081081	0.5803921568627451	0.0027373820112985	0.0152817210984209	0.0101879095859243	0.7006881310170525	-0.7920074332839167	-0.8547400301306478	38.649163550413306	31.286741351212456	41.940016353393126	1.0907908857751976	1.637308051345464	0.644402109680872	0.4447142618130654	-0.9527558772385424	-1.3281967305211329	38.649163550413306	52.324231060767154	0.9298679625377853	86.0	96.0	182.0	0.0	0.5436232686042786	0.8581066131591797	0.4196078181266784	2.191176414489746	7.047618389129639	0.3098591566085815	106.8	0.7341772185547187	0.4563758358632494	batch-2025-12-03_1_bgl1100_Baffle_4	batch-2025-12-03_1_bgl1100_Baffle	15.25
153.0	73.0	24.0	2.3796653220955344	3.507739546485142	2.565127823591208	-1.056467154077816	0.7412451684040702	0.5593460971504031	0.0633074935400517	0.8410596026490066	0.6	0.0026547993371447	0.0156646139600273	0.0093320208709648	1.048453191834911	-0.6860018768574734	-1.0564671539644312	40.581813071374896	30.109790766876145	42.40717246497098	0.9952460402168538	1.6957734664043789	0.444034305643854	0.2832474537184121	-1.0620351234873997	-1.526760181526493	40.581813071374896	52.00930471078086	0.953379487087062	91.0	95.0	182.0	0.0	0.5194796919822693	0.8410581946372986	0.3999999761581421	2.0810811519622803	6.291666030883789	0.3333333432674408	111.2	0.7096774228668054	0.4805194773992242	batch-2025-12-03_1_bgl1100_Baffle_5	batch-2025-12-03_1_bgl1100_Baffle	14.19
155.0	76.0	25.0	2.1287079077697806	3.357516561440592	2.2928634878528062	-1.168726883590654	0.5587699499812255	0.5557728425367355	0.0648854961832061	0.8344370860927153	0.6078431372549019	0.0027912648630018	0.0144336910663463	0.0083478741481175	0.6794081776357638	-0.6956657469203914	-1.1687268835536928	41.61062235946934	29.443050433040103	42.54894000158836	0.9007775892168648	1.753759289457041	0.5624585755757979	0.0095529885742726	-0.7993351224619821	-0.391406980997752	41.61062235946934	51.742685609285	0.965472662028604	94.0	94.0	181.0	0.0	0.5098029971122742	0.8344357013702393	0.3921568393707275	2.039999961853028	6.039999485015869	0.3376623392105102	113.2	-7.699997390000782	0.4901960752274766	batch-2025-12-03_1_bgl1100_Baffle_6	batch-2025-12-03_1_bgl1100_Baffle	12.86
149.0	67.0	21.0	2.219172967110635	3.3413643403959443	2.1836445492229366	-1.153549738059837	0.5268878646932954	0.5076086320283079	0.0607235142118863	0.86	0.5843137254901961	0.0026477822296175	0.0142319739171953	0.0087026390867079	0.7042780397239544	-0.5896640983342135	-1.1535497381178916	38.649163550413306	31.61347473919518	42.00788890567577	0.91548056861629	1.6331863620794915	0.5906529153787219	0.0108708433547212	-0.9119793741112612	-1.5336214163968014	38.649163550413306	52.57446638243064	0.9256585587583294	86.0	96.0	182.0	0.0	0.5472962856292725	0.8599985241889954	0.4156862497329712	2.2089552879333496	7.142856597900391	0.3088235259056091	106.8	0.736401676948933	0.4527026996439007	batch-2025-12-03_1_bgl1100_Baffle_7	batch-2025-12-03_1_bgl1100_Baffle	15.33
152.0	70.0	22.0	1.9280489111254555	3.3110264264786107	2.3661651570221403	-0.6093993066124347	0.5907021102238708	0.5672639032859683	0.0615384615384615	0.8543046357615893	0.596078431372549	0.0023163696755857	0.014564262213425	0.0075609761220593	0.9045282539831672	-0.6235923377460287	-0.6093993065000735	39.77450029279012	31.40940476746926	42.48135105226186	0.9061934678292553	1.5123726505911237	0.3513994016284512	0.3219596591420733	-0.9233498336407664	-1.5998040677753944	39.77450029279012	52.83195903117952	0.9341336854733878	89.0	95.0	183.0	0.0	0.5394728183746338	0.8543031811714172	0.4039215445518493	2.171428680419922	6.863635540008545	0.3188405930995941	109.6	0.7295082000470303	0.4605263127596953	batch-2025-12-03_1_bgl1100_Baffle_8	batch-2025-12-03_1_bgl1100_Baffle	14.85
150.0	68.0	21.0	2.3574615638771106	3.5865339376083027	2.2931957757622974	-0.625364141086853	0.7538406496313076	0.785378703217698	0.0611979166666666	0.8571428571428572	0.5882352941176471	0.0026616304237395	0.0143949036937403	0.009244947309321	0.8113107514286706	-0.8219810968266719	-0.6253641411971651	39.026452114324464	31.40940476746926	42.07280771061329	1.0205965526348455	1.6189885779148456	0.5319068221811567	0.397067080846121	-0.919112151984629	-1.452641746659106	39.026452114324464	52.50401752724225	0.9295076374054478	87.0	96.0	182.0	0.0	0.5430454015731812	0.857141375541687	0.4117646813392639	2.188405752182007	6.999999523162842	0.3134328424930572	107.8	0.7307692342209072	0.4569536393579229	batch-2025-12-03_1_bgl1100_Baffle_9	batch-2025-12-03_1_bgl1100_Baffle	14.86
153.0	75.0	26.0	2.3599498518763204	3.527000573618917	2.626841211684831	-1.6841451296517016	0.7875338317040315	0.6527423088208704	0.0643044619422572	0.832258064516129	0.6	0.0026345401139233	0.0159836971353301	0.0092547053014752	0.9670507448840264	-0.7188839860220807	-1.6841451294949092	40.96030401071949	29.443050433040103	42.0054624741605	0.99822503897377	1.721997081319033	0.4352212947636539	0.2075079998089262	-0.879711681744927	-2.65604706595916	40.96030401071949	51.29670648755775	0.959443893963502	93.0	95.0	181.0	0.0	0.513157069683075	0.8322566747665405	0.3999999761581421	2.054054021835327	5.961537837982178	0.3421052694320678	112.0	0.6929133894537789	0.4868421020602493	batch-2025-12-03_1_bgl1100_Baffle_10	batch-2025-12-03_1_bgl1100_Baffle	13.03
149.0	67.0	22.0	2.607388570095273	3.4593737208409188	2.2896221311902685	-1.87406620868473	0.7892489449195343	0.7001525275498568	0.0607235142118863	0.8543046357615893	0.5843137254901961	0.0028287396140605	0.0149413778409635	0.0102250532160548	0.6772590513819583	-0.7306377722023801	-1.8740662087542896	38.621352583715776	31.51967316874393	41.39236238049386	0.992092099667333	1.691461833677816	0.7520883705298482	0.1302112361214893	-0.9356202901381204	-1.5678304787891293	38.621352583715776	52.02708390927325	0.9199850928628428	86.0	96.0	182.0	0.0	0.5472962856292725	0.8543031811714172	0.4156862497329712	2.2089552879333496	6.863635540008545	0.3230769336223602	107.0	0.7261410822472064	0.4527026996439007	batch-2025-12-03_1_bgl1100_Baffle_11	batch-2025-12-03_1_bgl1100_Baffle	15.41
152.0	72.0	24.0	2.3505891305833457	3.447033597146943	2.4794367000322426	-1.0121599771033982	0.7152883726533188	0.6748188116239282	0.0633074935400516	0.8441558441558441	0.596078431372549	0.00256063138032	0.0153766248324787	0.0092179965905232	0.962462976584934	-0.7092215146129512	-1.012159977019008	40.26630208768018	30.37075886730897	42.36647408640002	0.9661173548011084	1.6912655811046362	0.4926819309528077	0.259777506023333	-0.951321188971178	-1.4504998098740312	40.26630208768018	52.12773849583186	0.9488454394200184	91.0	95.0	182.0	0.0	0.526314914226532	0.844154417514801	0.4039215445518493	2.1111111640930176	6.416666030883789	0.3287671208381653	110.6	0.7120000034559999	0.4736842074099723	batch-2025-12-03_1_bgl1100_Baffle_12	batch-2025-12-03_1_bgl1100_Baffle	13.6
137.0	50.0	14.0	2.2256922759898257	2.849615268065876	1.401305122060413	-0.6433628953782529	0.4694268539717611	0.1687228508581701	0.0502645502645502	0.8985507246376812	0.5372549019607843	0.0023986776479302	0.0092747007006945	0.0087282050038846	0.5927302240473702	-0.2244494556484983	-0.6433628952550523	33.388221041691864	35.25126149069449	39.61197220406978	0.8656269460952419	1.0132016866944702	0.5252826331622078	0.0596927394298966	-0.5332877921168541	-0.2275827616296509	33.388221041691864	53.02602925527535	0.8435814480886452	72.0	99.0	184.0	0.0	0.6330924034118652	0.8985490798950195	0.4627450704574585	2.725490093231201	9.857142448425291	0.2708333432674408	95.6	0.7951219542177275	0.3669064721805289	batch-2025-12-03_1_bgl1100_Baffle_15	batch-2025-12-03_1_bgl1100_Baffle	21.24
135.0	46.0	13.0	2.153947505897233	2.8684745167196897	1.608216949814491	-0.9397455252690152	0.6108890913529152	0.2584891873864484	0.046070460704607	0.9029850746268656	0.5294117647058824	0.0024991608466473	0.0110120440628545	0.0084468529643062	0.4397133048043038	-0.3646017027133408	-0.9397455252605688	32.11945472375901	36.50119167120109	38.46402156048192	0.810561354025897	1.1435153570189636	0.4166279110687081	0.2037087032033999	-0.6102066875749096	-1.396756436616173	32.11945472375901	53.02657775137839	0.8115753920466778	69.0	101.0	186.0	0.0	0.6592580080032349	0.9029833674430848	0.470588207244873	2.9347825050354004	10.30769157409668	0.2888889014720917	92.6	0.7968750031738281	0.3407407382167353	batch-2025-12-03_1_bgl1100_Baffle_19	batch-2025-12-03_1_bgl1100_Baffle	61.4
132.0	41.0	11.0	2.4823958802744897	2.859973363863729	1.7946549742608198	-0.5364182363088668	0.9607884086553704	0.835952638893202	0.0423497267759562	0.916030534351145	0.5176470588235295	0.0021743651952159	0.0124953614124512	0.0097348858049948	0.6175897902206982	-0.7467644110473516	-0.5364182363876375	30.686994076173804	37.5743419779257	38.25762550067733	0.8872574418224414	0.9674478372436356	0.5387313650355932	0.3553688500667653	-0.8944208815873573	-1.4614928538592404	30.686994076173804	53.62347512073593	0.7944084140168961	65.0	101.0	187.0	0.0	0.6846140623092651	0.9160287380218506	0.4823529124259949	3.170731782913208	11.909090042114258	0.2727272808551788	89.6	0.8186813216700881	0.3153846129585799	batch-2025-12-03_1_bgl1100_Baffle_20	batch-2025-12-03_1_bgl1100_Baffle	69.33
133.0	42.0	11.0	2.082916471557559	2.6893117836896177	1.911717401250489	0.1079723683430938	1.0065946997585584	0.7308713733037802	0.0423497267759562	0.9153846153846154	0.5215686274509804	0.0017615849421489	0.0133544411574517	0.0081682998884655	1.120919412473112	-0.6747413462928791	0.1079723682059822	31.039297547006463	37.5743419779257	38.517793778168105	0.7951039886208412	0.8999911856026485	0.4043910348889963	0.6997560483109928	-0.9402362461342372	-0.9610390577052732	31.039297547006463	53.8094007828706	0.7977963363435976	66.0	101.0	187.0	0.0	0.6796861886978149	0.9153828024864196	0.4784313440322876	3.121951103210449	11.818181037902832	0.2682926952838897	90.4	0.8186813216700881	0.3203124974975586	batch-2025-12-03_1_bgl1100_Baffle_21	batch-2025-12-03_1_bgl1100_Baffle	68.6
131.0	39.0	11.0	2.294990742961064	2.5002209377873705	1.1968584708075547	-1.5064156178886672	0.5815079133932589	0.2969497302422496	0.0402777777777777	0.9172932330827068	0.5137254901960784	0.0024895379715891	0.0088043080255198	0.0089999636978861	0.5636121727804887	-0.3569971867284591	-1.506415617909009	30.28141285684206	37.78173897574613	38.00642058574398	0.7371203935734597	1.0368208517087014	0.6332269566858432	-0.3994495413614237	-0.6540063215930566	-1.53734602632278	30.28141285684206	53.59055705786121	0.7883627551367108	64.0	102.0	187.0	0.0	0.6999986171722412	0.9172914624214172	0.4862744808197021	3.3333332538604736	12.09090805053711	0.2702702581882477	88.8	0.8216216245142439	0.2999999976923077	batch-2025-12-03_1_bgl1100_Baffle_22	batch-2025-12-03_1_bgl1100_Baffle	67.4
129.0	37.0	10.0	2.909104316248991	2.42870526759192	1.1549027785160688	-2.3064396487098566	0.5311992293995605	0.1064366611693527	0.0382513661202185	0.9206349206349208	0.5058823529411764	0.0023750732415157	0.0083996290553406	0.0114082522205871	0.537348510944455	-0.3340466158049088	-2.30643964867988	29.490537030087545	37.83302660406268	37.282178227522245	0.8459299217085184	1.0639607835083609	0.7276970557337058	-1.2048549984188015	-0.922672261179285	-2.580459421556463	29.490537030087545	53.11589889489256	0.7780649143768283	62.0	103.0	187.0	0.0	0.7073156237602234	0.9206330180168152	0.4941176176071167	3.4166667461395264	12.599998474121094	0.2750000059604645	87.2	0.8255813983910221	0.2926829244497323	batch-2025-12-03_1_bgl1100_Baffle_23	batch-2025-12-03_1_bgl1100_Baffle	73.71
164.0	82.0	25.0	2.362146479828368	3.563699062145421	2.353254886902077	-1.0189826727226137	0.6335194574525469	0.5880405764955002	0.0679012345679012	0.8466257668711656	0.6431372549019608	0.0025124000454469	0.01370783733873	0.0092633195287388	0.94722632901254	-0.7432454794942646	-1.01898267273792	44.224956422850966	30.200963216339805	46.07342564708097	1.0179247739817927	1.6384718589738618	0.5881474541596708	0.1682521249863066	-1.1681860025688855	-1.7022519257206985	44.224956422850966	55.08955191369601	0.9905669254474262	100.0	91.0	184.0	0.0	0.5030295848846436	0.8466244339942932	0.356862723827362	2.012195110321045	6.519999504089356	0.3058823645114898	119.4	-3.9999990000002	0.4969696939577594	batch-2025-12-03_1_bgl1120_1	batch-2025-12-03_1_bgl1120	11.8
162.0	81.0	25.0	3.161438291265532	4.270755223808459	2.622868597352732	-1.3707181799202672	1.1889335586948444	0.9582865838280772	0.0681265206812652	0.845679012345679	0.6352941176470588	0.002895923624364	0.0149992165411559	0.0123977972206501	1.0288064532634174	-0.8836325882572216	-1.3707181799042314	43.64830552628267	29.86963865175501	45.362676724656616	1.2917865527461658	1.8374628735366507	0.7519957363823601	0.7597803988410081	-1.0490608264831751	-1.877069291655301	43.64830552628267	54.31360559576321	0.9884947943228626	99.0	92.0	183.0	0.0	0.4999992549419403	0.8456776738166809	0.3647058606147766	2.0	6.479999542236328	0.3095238208770752	118.4	-5.24999843750039	0.4999999969135802	batch-2025-12-03_1_bgl1120_2	batch-2025-12-03_1_bgl1120	12.18
164.0	82.0	25.0	2.1895308705683245	3.590561760682122	2.469943197351604	-0.6204621993048984	0.9886896941749844	0.7123827801628547	0.0678571428571428	0.8466257668711656	0.6431372549019608	0.0023346473832229	0.0139533916688173	0.0085863955708599	1.1052158965769692	-0.7307987694274766	-0.6204621993592516	44.15346812701659	30.585791081967628	46.053375084239775	1.0382555803284448	1.495531280334265	0.5219053248347302	0.6435858024728729	-1.238094349304873	-1.422885563539866	44.15346812701659	55.284753528974406	0.9845464627855156	100.0	91.0	184.0	0.0	0.5031048059463501	0.8466244339942932	0.356862723827362	2.012500047683716	6.519999504089356	0.3076923191547394	119.8	-4.199998960000208	0.4968944068515875	batch-2025-12-03_1_bgl1120_3	batch-2025-12-03_1_bgl1120	12.03
156.0	69.0	21.0	2.512038519357542	3.6069850447068754	2.1841257602719693	-1.4465320510011943	0.671533411898574	0.6758756809808065	0.0597014925373134	0.8653846153846153	0.611764705882353	0.0025767073664158	0.0126628877774162	0.0098511314484617	0.3691903127952258	-0.7535658145435471	-1.4465320511057291	40.34411757213261	33.40754401114787	43.47876010029241	1.0488443593958088	1.4905653443333575	0.490610446386113	0.2628597484318042	-0.6123416289658178	-1.9994582569102264	40.34411757213261	54.831255472727975	0.9156450452426016	90.0	95.0	186.0	0.0	0.5576913356781006	0.8653832077980042	0.3882352709770202	2.26086950302124	7.428570747375488	0.3088235259056091	112.0	0.7428571460058309	0.4423076894723866	batch-2025-12-03_1_bgl1120_4	batch-2025-12-03_1_bgl1120	15.25
161.0	75.0	23.0	2.4288872852908896	3.631354879213531	2.249421585626503	-1.001163467314239	0.6783220691380129	0.6465444892562172	0.0635491606714628	0.8535031847133758	0.6313725490196078	0.0024592664988997	0.0128228371376045	0.0095250481776085	0.6484216091994919	-0.7188557114501641	-1.00116346717441	42.375442889024285	32.058290740587445	44.69026879612071	1.0657215344872242	1.4645755794058986	0.5641688964197924	0.259741228713254	-0.7963495662379513	-0.6432760050350683	42.375442889024285	54.99958300094242	0.9485247678592564	95.0	93.0	186.0	0.0	0.5308634042739868	0.8535017967224121	0.3686274290084839	2.1315789222717285	6.826086521148682	0.3116883039474487	116.4	-6.999997333334222	0.4691357995732358	batch-2025-12-03_1_bgl1120_5	batch-2025-12-03_1_bgl1120	14.19
162.0	78.0	25.0	2.0839743491195524	3.644127776437963	2.313084452788902	-0.3143247019022742	0.993033629657918	0.8144992073620129	0.0656934306569343	0.8481012658227848	0.6352941176470588	0.0025273235600605	0.0132530732061244	0.0081724484279208	0.995112958259736	-0.8479956765245363	-0.3143247018480895	43.066908218428814	31.03007248663176	45.02618728773105	1.0304970038413603	1.5310487009420983	0.5161413873179073	0.7422756720952982	-1.1283963731236426	-0.5292807976821255	43.066908218428814	54.68293097663524	0.9673852704170184	97.0	92.0	184.0	0.0	0.5155271887779236	0.8480998873710632	0.3647058606147766	2.0641026496887207	6.583333015441895	0.3116883039474487	117.8	-6.999997333334222	0.4844720466802978	batch-2025-12-03_1_bgl1120_6	batch-2025-12-03_1_bgl1120	12.86
157.0	69.0	21.0	2.2876289716381346	3.641586788840329	2.166250472217515	-1.6059261436149208	0.5572581631464663	0.5585427202194421	0.0591787439613526	0.8662420382165604	0.615686274509804	0.0027160841832909	0.0127166319308979	0.0089710940064189	0.3617774533592477	-0.6508231655398813	-1.6059261437075805	40.38463417340627	33.694268398412305	43.66256197435475	1.004713408973777	1.577787326639233	0.4576085703507653	0.0631676012601134	-0.541681335559776	-1.1522667447382822	40.38463417340627	55.151818112085984	0.9135531254620765	90.0	94.0	187.0	0.0	0.5620905160903931	0.8662406206130981	0.384313702583313	2.2835819721221924	7.476189613342285	0.3088235259056091	112.4	0.7428571460058309	0.4379084938698791	batch-2025-12-03_1_bgl1120_7	batch-2025-12-03_1_bgl1120	15.33
161.0	72.0	22.0	2.5603844369865745	3.8195248188517215	2.23422730566167	-8.535172808738023	0.3244351603123439	0.6142991077026417	0.0603864734299516	0.8624999999999999	0.6313725490196078	0.0026653877215843	0.0128830182718108	0.0100407232823009	0.4731709498068619	-0.6472623385791273	-8.53517280856037	41.607707754294594	33.60750843699278	44.57812256732806	1.086485378765767	1.6371909744122664	0.5457068629879714	-1.9911458475683823	-0.5608973019753336	-11.85000765639717	41.607707754294594	55.82717649111644	0.9248030025257158	93.0	94.0	187.0	0.0	0.5493817925453186	0.8624986410140991	0.3686274290084839	2.2191781997680664	7.272726535797119	0.3088235259056091	115.2	0.7370517959714925	0.4506172811690291	batch-2025-12-03_1_bgl1120_8	batch-2025-12-03_1_bgl1120	14.85
159.0	71.0	21.0	2.2584889467495164	3.5507807354829146	2.27385063328244	-0.7783851452605174	0.5292394683639982	0.6099467500027798	0.0600490196078431	0.8653846153846153	0.6235294117647059	0.0023684088424848	0.013260241120891	0.0088568193990209	0.3235849526920983	-0.6414791551882324	-0.7783851453106677	40.9476511106015	33.40754401114787	44.204570684510855	0.9990691582269734	1.4811488218772455	0.4456882790567761	0.2622149964129667	-0.4664768195934862	-1.1031443252427378	40.9476511106015	55.40855589400159	0.9236262313074904	91.0	94.0	187.0	0.0	0.5512811541557312	0.8653832077980042	0.3764705657958984	2.2285714149475098	7.428570747375488	0.304347813129425	113.4	0.7428571460058309	0.4487179458415516	batch-2025-12-03_1_bgl1120_9	batch-2025-12-03_1_bgl1120	14.86
162.0	78.0	25.0	1.971172611879832	3.400917407064217	2.271601635407773	-0.9822310563688156	0.5039618047684912	0.4717542020424232	0.0641975308641975	0.84375	0.6352941176470588	0.0022418266340491	0.0129772979378268	0.0077300886740375	0.6998885756791838	-0.5318867245268152	-0.9822310562225716	42.91087968175268	31.475530429841136	44.53589136972438	0.9669491511544894	1.386790304546769	0.4676384164280335	0.0748614894309499	-0.8892986759482914	-0.7256884436523849	42.91087968175268	54.53581058291649	0.9555576687671092	97.0	93.0	185.0	0.0	0.5187491178512573	0.8437486290931702	0.3647058606147766	2.077922105789185	6.399999618530273	0.324999988079071	117.8	-6.4999977500006745	0.4812499969921875	batch-2025-12-03_1_bgl1120_10	batch-2025-12-03_1_bgl1120	13.03
157.0	69.0	21.0	2.764268733027481	3.5401496560595698	2.3421602246774653	-1.6881554197344004	0.6032995683327239	0.5414928181950935	0.0587529976019184	0.8627450980392156	0.615686274509804	0.0024587004247576	0.0137542687002564	0.0108402695412823	0.5222676756960715	-0.642667330007438	-1.6881554198458495	40.38463417340627	33.63403649078739	43.43984120991507	1.0539240903720153	1.527551378751128	0.5708636123739149	-0.0099893571165088	-0.698741646984629	-2.301459115713738	40.38463417340627	54.93876786938576	0.9119443533620784	90.0	95.0	187.0	0.0	0.5584406852722168	0.8627436757087708	0.384313702583313	2.2647058963775635	7.2857136726379395	0.3134328424930572	112.4	0.7401574833839668	0.441558438691179	batch-2025-12-03_1_bgl1120_11	batch-2025-12-03_1_bgl1120	15.41
161.0	74.0	24.0	2.3956770265195826	3.476132438056158	2.4974216166086856	-1.082729517466574	0.6160182432697089	0.5773735516964801	0.0620437956204379	0.8518518518518519	0.6313725490196078	0.0021243107569126	0.0143763352981149	0.0093948118687023	0.7218769918061454	-0.6284612164275504	-1.0827295173567049	41.89960083364125	32.70966946504109	44.29086488820088	1.0175285806205332	1.4330164487887482	0.5055981702368169	0.1839715857083912	-0.7224743369743012	-1.4205659776223565	41.89960083364125	55.05999626822641	0.9346832871824376	94.0	93.0	186.0	0.0	0.537499189376831	0.8518505096435547	0.3686274290084839	2.162162065505981	6.749999523162842	0.3199999928474426	116.0	-6.363634355372448	0.462499997109375	batch-2025-12-03_1_bgl1120_12	batch-2025-12-03_1_bgl1120	13.6
145.0	51.0	13.0	2.340434223861487	3.356031191228785	1.3457528844983353	-0.196465323194218	0.6902827693666219	0.5857957938186935	0.0483460559796437	0.9103448275862068	0.5686274509803921	0.0028124809364121	0.008409493362775	0.0091781734269031	0.7322096443805459	-0.5874056235587402	-0.19646532307559	34.84906041365494	37.84702327151376	41.77550595519317	0.9499331425991596	1.17421196582417	0.5811785014997223	0.4420122474917423	-0.91729064556414	-0.1598287513049291	34.84906041365494	56.3701168024946	0.8346970194009898	75.0	97.0	189.0	0.0	0.6458322405815125	0.9103432297706604	0.4313725233078003	2.8235294818878174	11.15384578704834	0.25	100.0	0.8142857169387755	0.3541666642071759	batch-2025-12-03_1_bgl1120_15	batch-2025-12-03_1_bgl1120	21.24
144.0	47.0	13.0	2.2710480978489938	2.966369723899677	1.3125181750933643	-1.0893685261565254	0.6624645369574985	0.8084976823425041	0.0435897435897435	0.9090909090909092	0.5647058823529412	0.0025938205759246	0.0085255135445473	0.0089060709719521	0.6141703753875971	-0.8845891007462379	-1.0893685260951285	33.95042153607939	39.05845834143587	40.7830379449594	0.8242045262216923	1.1410224659714805	0.5565506296679749	0.1135210962879437	-1.0177549747910035	-0.6975501014867177	33.95042153607939	56.469632122315794	0.8069948462145295	72.0	99.0	190.0	0.0	0.671231746673584	0.9090892672538756	0.4352940917015075	3.0416667461395264	10.999999046325684	0.282608687877655	98.2	0.8069306959366728	0.3287671210358416	batch-2025-12-03_1_bgl1120_19	batch-2025-12-03_1_bgl1120	61.4
140.0	43.0	11.0	2.5524191466313715	2.816552071149728	1.9048636335287847	-0.5770137302771712	0.826027585855661	0.3147366056062555	0.0400516795865633	0.920863309352518	0.5490196078431373	0.0017744233900503	0.0124729409283238	0.0100094868495407	1.3098362488961894	-0.3044357459575683	-0.5770137303305248	32.38562131873679	40.17247169234636	40.17479457685361	0.8851675133237629	0.8606287622294907	0.4177834418007257	0.1820453523274745	-1.394434467571607	-1.3579418089615265	32.38562131873679	56.81409685249565	0.7854270739579994	68.0	100.0	191.0	0.0	0.6971818804740906	0.9208616018295288	0.4509803652763366	3.302325487136841	12.636362075805664	0.261904776096344	94.6	0.8281250026855468	0.3028168992759373	batch-2025-12-03_1_bgl1120_20	batch-2025-12-03_1_bgl1120	69.33
141.0	43.0	12.0	2.215944578252191	2.765217580995198	1.7134558124834518	-0.6536570187146589	0.8199547586944854	0.1656157402534967	0.0400516795865633	0.9148936170212764	0.5529411764705883	0.0019941787853943	0.0112152305260674	0.0086899787382428	1.138610702504408	-0.2086957401890261	-0.6536570188105374	32.741913333032024	40.152219617637485	40.17479457685361	0.8040936639665042	0.922258682070593	0.3809078502612203	0.2360896928488009	-1.4757556233175142	-1.727224423611692	32.741913333032024	56.79977869248593	0.7856792015867566	69.0	100.0	191.0	0.0	0.6950342059135437	0.9148919582366944	0.4470587968826294	3.279069662094116	11.749999046325684	0.2790697813034057	95.6	0.8163265334235734	0.3049645368442231	batch-2025-12-03_1_bgl1120_21	batch-2025-12-03_1_bgl1120	68.6
138.0	40.0	10.0	2.3567014900624126	2.5480922063575564	1.892603689976864	0.0135723873667566	0.7899829671905695	0.7196840745591723	0.0400516795865633	0.927536231884058	0.5411764705882353	0.0014016942948759	0.0125843653217078	0.0092419666276905	0.6897073327294587	-0.6778402611356573	0.0135723874136626	31.807203162308305	40.292925806369645	40.15260554880937	0.8138296041967098	0.7053591449221959	0.393162518261965	0.367729902488178	-1.0701655723230814	-1.3320232507747107	31.807203162308305	56.88366727274083	0.7836538761401387	66.0	100.0	191.0	0.0	0.7101436257362366	0.927534520626068	0.4588235020637512	3.450000047683716	13.79999828338623	0.25	93.0	0.8412698437893675	0.289855070363369	batch-2025-12-03_1_bgl1120_22	batch-2025-12-03_1_bgl1120	67.4
137.0	39.0	9.0	2.7908606277247268	2.360265594323256	1.4929309740819292	-2.008829526256927	0.4248196680649677	0.7102226797076759	0.0387596899224806	0.9323308270676692	0.5372549019607843	0.0016638460601511	0.010190284863256	0.0109445514812753	-0.1207438091618868	-0.6674399516199303	-2.008829526153933	31.33095484698173	40.3350370508839	39.66819869095814	0.8503907745952116	0.7718184439416446	0.6743267830889538	-0.8743521084522609	-2.0416936881958843	-3.273102137512004	31.33095484698173	56.57279559365535	0.7770632140468314	65.0	100.0	191.0	0.0	0.7153271436691284	0.932328999042511	0.4627450704574585	3.5128204822540283	14.777775764465332	0.2432432472705841	92.0	0.8483146092980683	0.2846715307688209	batch-2025-12-03_1_bgl1120_23	batch-2025-12-03_1_bgl1120	73.71
131.0	37.0	8.0	2.790795022658563	3.357795542251332	2.5897320154822885	0.0816476578924938	0.8494428715500538	1.0062213482414042	0.0385674931129476	0.937984496124031	0.5137254901960784	0.002440399396002	0.0186510988132403	0.0109442942065039	0.0421770776878404	-0.9667629243464472	0.0816476579602078	29.930618054488995	38.43875524945342	38.144489512205205	0.9236043093149336	1.36024174593501	0.5507315329835896	0.6404910288065391	-0.0855706580073245	-0.8172688287710645	29.930618054488995	54.15293145596197	0.7815557525676258	61.0	102.0	188.0	0.0	0.7131769061088562	0.9379826188087464	0.4862744808197021	3.4864864349365234	16.124998092651367	0.2285714298486709	88.39999999999999	0.8620689678953626	0.2868217032029325	batch-2025-12-03_2_bgl1050_1	batch-2025-12-03_2_bgl1050	69.86
129.0	37.0	10.0	2.7282914496795034	2.695501114895608	1.9405487966220087	-0.778086354500109	0.4819838595847754	0.4839824011420549	0.0385674931129476	0.925925925925926	0.5058823529411764	0.0024772388561554	0.0143838044551174	0.0106991821556065	0.1317484157133052	-0.4380296967339036	-0.7780863544251966	29.43584399483853	38.538612556469175	38.13311520828995	0.8201753342555393	1.1535346055266988	0.7383459989405514	-0.2650939904845913	-0.1936742390384063	-1.5764122465309565	29.43584399483853	54.21585684342136	0.7801094659940707	61.0	102.0	188.0	0.0	0.7131769061088562	0.9259241819381714	0.4941176176071167	3.4864864349365234	13.499999046325684	0.25	86.39999999999999	0.8351648378818983	0.2868217032029325	batch-2025-12-03_2_bgl1050_2	batch-2025-12-03_2_bgl1050	70.78
133.0	37.0	8.0	2.3450923716847223	2.70787794251286	2.05080380184234	-0.3481847559566654	0.4286656568547886	0.5042054516199749	0.0385674931129476	0.9365079365079364	0.5215686274509804	0.0021824581916199	0.0149736089548608	0.0091964406732688	0.3239618589544645	-0.4942767739893491	-0.3481847558912589	29.930618054488995	38.75380066442652	38.22626979014616	0.699481206179908	1.2502276279756654	0.5248636184484998	-0.0502593667745437	-0.1879451043488039	-0.5246540882531737	29.930618054488995	54.434407942101714	0.7785454466673789	61.0	102.0	188.0	0.0	0.725924551486969	0.9365060329437256	0.4784313440322876	3.648648738861084	15.749998092651367	0.2424242496490478	88.39999999999999	0.8562874277313636	0.2740740720438958	batch-2025-12-03_2_bgl1050_3	batch-2025-12-03_2_bgl1050	71.35
128.0	35.0	8.0	2.583129527339999	2.740790230475554	1.760019139979505	-0.3868850596494608	0.7939973167223168	0.5990669424528412	0.035919540229885	0.9365079365079364	0.5019607843137255	0.0027277507676053	0.0129616414603486	0.0101299197150449	0.2412045625719283	-0.4560722418452761	-0.3868850597035363	28.92295064756626	38.75380066442652	37.6922422426421	0.8553016684324173	0.9118737780338576	0.7000328388277167	0.2320285029114264	-0.1088722491308772	-0.3208176272733001	28.92295064756626	54.06072688390454	0.771512680835166	60.0	102.0	188.0	0.0	0.7265610694885254	0.9365060329437256	0.498039186000824	3.657142877578736	15.749998092651367	0.2424242496490478	85.2	0.8562874277313636	0.2734374978637695	batch-2025-12-03_2_bgl1050_4	batch-2025-12-03_2_bgl1050	90.95
129.0	35.0	8.0	2.3686094199334256	2.682759725933718	1.7458087822595736	-0.9463904189196416	0.5212081461693222	0.6532175023137239	0.0385674931129476	0.937984496124031	0.5058823529411764	0.002467736649639	0.0131076535587783	0.0092886643918937	0.0191234795337225	-0.5885609711582388	-0.9463904188297012	29.23489398284085	38.75380066442652	38.144489512205205	0.7268967503930076	1.1556208638468295	0.6577687387082278	-0.2630417378202739	0.1084036032240299	-1.4633850937159345	29.23489398284085	54.37700935215947	0.7774747310329766	60.0	102.0	188.0	0.0	0.7265610694885254	0.9379826188087464	0.4941176176071167	3.657142877578736	16.124998092651367	0.2162162214517593	86.39999999999999	0.8628571452081633	0.2734374978637695	batch-2025-12-03_2_bgl1050_5	batch-2025-12-03_2_bgl1050	75.13
129.0	35.0	8.0	2.183069813687406	2.83927867476065	1.935308787157468	0.3981675910222841	0.6349798998901157	0.7150104475900765	0.0385674931129476	0.937984496124031	0.5058823529411764	0.0025265002969762	0.014322931155841	0.0085610580928933	0.0211165725182022	-0.6305810925372086	0.3981675910675039	29.43584399483853	38.75380066442652	38.144489512205205	0.7255361488265086	1.1617042882620363	0.591035501014023	0.6581963751313546	0.2212002428783669	-0.805915773515538	29.43584399483853	54.37700935215947	0.7774747310329766	61.0	102.0	188.0	0.0	0.7265610694885254	0.9379826188087464	0.4941176176071167	3.657142877578736	16.124998092651367	0.2285714298486709	86.6	0.8620689678953626	0.2734374978637695	batch-2025-12-03_2_bgl1050_6	batch-2025-12-03_2_bgl1050	72.63
128.0	35.0	8.0	2.336965174801756	2.549562289795728	1.3311605383653549	-0.5703504119488894	0.4981863212492522	0.2403106448785551	0.0353107344632768	0.9365079365079364	0.5019607843137255	0.003035119245121	0.0099738080768904	0.0091645693129551	0.3056918806494563	-0.2147307658441474	-0.5703504119349554	28.92295064756626	38.81408568970984	37.43898024026615	0.7355038723752538	1.0032417133010074	0.6815930119416096	-0.3650216975454542	0.2791621307522186	-0.1350874165012703	28.92295064756626	53.92782667008914	0.7673666731488614	60.0	103.0	188.0	0.0	0.7265610694885254	0.9365060329437256	0.498039186000824	3.657142877578736	15.749998092651367	0.2424242496490478	85.2	0.8562874277313636	0.2734374978637695	batch-2025-12-03_2_bgl1050_7	batch-2025-12-03_2_bgl1050	78.36
131.0	35.0	8.0	2.132889490090794	2.719877009174661	1.8030641460055628	-0.5371235544167947	0.7174589420524311	0.9652261742478584	0.036	0.9398496240601504	0.5137254901960784	0.0023019628525368	0.0133057524045027	0.008364272510161	0.6671661903780356	-0.9348564127196444	-0.5371235544898394	29.23489398284085	40.54893794910874	38.64779693629675	0.6667206397399282	1.1834961418266752	0.5124515482907547	0.2517140360037971	-0.6600241142661291	-1.4926029823366882	29.23489398284085	56.01668123719843	0.7613974774903288	60.0	102.0	191.0	0.0	0.7368407249450684	0.9398478269577026	0.4862744808197021	3.799999952316284	16.624998092651367	0.2162162214517593	86.6	0.8636363659607438	0.2631578927582113	batch-2025-12-03_2_bgl1050_8	batch-2025-12-03_2_bgl1050	72.57
128.0	35.0	8.0	2.14780493489954	2.572699842091902	1.4012786137604163	-0.2532427580241234	0.5241531555059089	0.3286383661626373	0.0353107344632768	0.9375	0.5019607843137255	0.0030946985886602	0.0105438305249719	0.0084227644505833	0.1806500848381993	-0.2378627110509952	-0.2532427579544212	28.939887070482666	38.81408568970984	37.56112963146778	0.6832587310447211	1.0561637117421303	0.6685760471450614	-0.0674901385438991	0.3059661632222626	-0.1151060419658744	28.939887070482666	54.012699498544464	0.7689943645050552	60.0	103.0	188.0	0.0	0.7265610694885254	0.9374980926513672	0.498039186000824	3.657142877578736	15.999998092651367	0.2424242496490478	85.8	0.8571428596938775	0.2734374978637695	batch-2025-12-03_2_bgl1050_9	batch-2025-12-03_2_bgl1050	76.98
142.0	53.0	15.0	1.887261267495732	3.240512878773265	2.30744204272374	-1.1471655526023667	0.8469796838313841	0.8383933093120731	0.0498687664041994	0.8943661971830986	0.5568627450980392	0.0025176871819175	0.0158457429385909	0.0074010245784206	0.7768192444585488	-0.8549722495893068	-1.1471655528035478	34.66748185105219	35.98326571945481	40.18189141424564	0.8018681812893155	1.5283145040180948	0.5863152554047895	0.2441756033361121	-1.0404439522660172	-1.3687089537371668	34.66748185105219	53.93866710869967	0.8404677078837451	75.0	98.0	187.0	0.0	0.6267594695091248	0.894364595413208	0.4431372284889221	2.6792452335357666	9.466666221618652	0.2830188572406769	98.8	0.7857142887755102	0.3732394339912716	batch-2025-12-03_2_bgl1050_10	batch-2025-12-03_2_bgl1050	16.36
138.0	51.0	15.0	2.5578207594495725	3.53614845513745	2.041497498099277	-1.3024595060635762	0.4663167437824832	0.8562329269413311	0.046070460704607	0.8913043478260869	0.5411764705882353	0.0036205562538971	0.0142397942573297	0.010030669644905	0.6711662227001385	-0.9368159115591012	-1.3024595060708748	33.23170201972664	36.22671475380826	39.0058505215774	0.9402968656652958	1.6452604049066653	0.7916178554055907	-0.1437495634029425	-0.6783047292335991	-0.59408852852874	33.23170201972664	53.23374152514013	0.8223219695758521	72.0	100.0	186.0	0.0	0.6357131600379944	0.8913027048110962	0.4588235020637512	2.745098114013672	9.199999809265137	0.304347813129425	95.6	0.7772277260807763	0.3642857116836735	batch-2025-12-03_2_bgl1050_11	batch-2025-12-03_2_bgl1050	16.58
142.0	53.0	15.0	2.816909504444305	3.747612592033327	2.384514788923972	-1.2036636211200338	0.7170856972078925	0.660932777573031	0.0498687664041994	0.8913043478260869	0.5568627450980392	0.0030052803705862	0.0162285786039597	0.011046703938987	0.4019667917798827	-0.6240896091058495	-1.2036636212253802	34.66748185105219	35.98326571945481	40.151307419747965	1.0746096139280297	1.5594425631454047	0.8340334621244081	0.0016498943404019	-0.9494305059061816	-1.092662294838603	34.66748185105219	53.91588726295803	0.8400892846206105	75.0	98.0	186.0	0.0	0.6267594695091248	0.8913027048110962	0.4431372284889221	2.6792452335357666	9.199999809265137	0.2978723347187042	98.6	0.7835051579870337	0.3732394339912716	batch-2025-12-03_2_bgl1050_12	batch-2025-12-03_2_bgl1050	16.42
122.0	30.0	7.0	2.006930086641841	2.0944542266336224	1.538842457355097	0.3236732894290282	0.932609240043786	0.1989513793152894	0.0353107344632768	0.943548387096774	0.4784313725490196	0.0019280470482104	0.0120005928562648	0.0078703140652613	0.8357067929031035	-0.1007122443718866	0.323673289393693	26.95697973321793	38.60018347791702	36.55900053563869	0.6813246738494225	0.5447921585665456	0.5318825827719988	0.6238549571999922	-1.0019545753722776	0.1664607278590222	26.95697973321793	53.165164202640135	0.7582467067041485	55.0	104.0	187.0	0.0	0.7520645260810852	0.9435464143753052	0.5215686559677124	4.0333333015441895	17.714282989501953	0.2258064448833465	80.2	0.870370372770919	0.2479338822484803	batch-2025-12-03_2_bgl1050_13	batch-2025-12-03_2_bgl1050	76.21
121.0	30.0	7.0	2.2689408969654483	2.124942150960977	1.4547312041193934	-0.0329397883407661	1.166930946183527	0.068951325868826	0.0353107344632768	0.942622950819672	0.4745098039215686	0.0020103365035272	0.011337810888587	0.0088978074390886	1.433829364136293	0.0480683885092572	-0.0329397882233097	26.76361612870894	38.29004205416206	36.50322649192477	0.7293712957479584	0.6319591613423848	0.5958866454136273	0.6391362827833506	-1.7512087809779544	0.5283104518475389	26.76361612870894	52.90191740221008	0.7615126482881408	55.0	104.0	187.0	0.0	0.7520645260810852	0.9426209330558776	0.5254901647567749	4.0333333015441895	17.428569793701172	0.2258064448833465	80.2	0.8687500024609375	0.2479338822484803	batch-2025-12-03_2_bgl1050_14	batch-2025-12-03_2_bgl1050	73.29
122.0	30.0	7.0	2.3422250583769766	2.3333749277034657	1.5691943407635378	0.0431721954705303	1.1494875457925682	0.1828637812433476	0.0356125356125356	0.9444444444444444	0.4784313725490196	0.0021830654218088	0.0122114465112909	0.0091851963073694	1.5514727072581849	-0.0936710410101269	0.0431721955361	26.95697973321793	38.29004205416206	36.55900053563869	0.7762748861554992	0.6616366062216412	0.607374693399205	0.6035724286650006	-1.3379762955327026	0.4204414561732366	26.95697973321793	52.940417836227255	0.7622751823364711	55.0	104.0	187.0	0.0	0.7520645260810852	0.9444425106048584	0.5215686559677124	4.0333333015441895	17.999998092651367	0.1891891956329345	80.2	0.8764705904152249	0.2479338822484803	batch-2025-12-03_2_bgl1050_15	batch-2025-12-03_2_bgl1050	74.21
121.0	28.0	5.0	2.287079020100383	1.91036035060632	1.40926521650089	-0.5905961387819428	0.098298727629979	-0.3320540320289227	0.033625730994152	0.957983193277311	0.4745098039215686	0.0019402142185732	0.0111717826049157	0.0089689373337211	-0.2078493896999568	0.361071253135364	-0.5905961387141323	26.69127942304216	38.32530584698288	35.775861802045	0.6643214004537824	0.7551679978633394	0.4710170393641106	-0.0774122857878408	-0.7849305697446969	-0.4133866527496179	26.69127942304216	52.42844033483929	0.7510068182164661	54.0	104.0	186.0	0.0	0.7647042274475098	0.9579811096191406	0.5254901647567749	4.249999523162842	23.79999542236328	0.1923076808452606	80.0	0.9013157914213988	0.2352941156697973	batch-2025-12-03_2_bgl1050_16	batch-2025-12-03_2_bgl1050	78.15
121.0	28.0	5.0	2.3215315356012107	1.8292304203903544	1.3925643905146008	-0.6242015231739785	0.0699244842460308	-0.3614831535432548	0.033625730994152	0.957983193277311	0.4745098039215686	0.0018917472329709	0.0110370854441446	0.0091040452376563	-0.3683737179165925	0.3999519883173515	-0.6242015230816108	26.69127942304216	38.32530584698288	35.775861802045	0.669883366021603	0.7168120067442064	0.5104903679983963	-0.1966215577667837	-0.6668750100558557	-0.904448354737814	26.69127942304216	52.42844033483929	0.7510068182164661	54.0	104.0	186.0	0.0	0.7580629587173462	0.9579811096191406	0.5254901647567749	4.133333206176758	23.79999542236328	0.1923076808452606	80.0	0.9013157914213988	0.2419354819198751	batch-2025-12-03_2_bgl1050_17	batch-2025-12-03_2_bgl1050	80.56
115.0	26.0	5.0	3.040650558505752	2.35169477162317	1.3933045796830883	-0.0133276982890938	0.668477912649124	-0.0990314686428988	0.0295950155763239	0.9553571428571428	0.4509803921568627	0.0029176308283573	0.0119001832174195	0.0119241198372629	0.6209285706045539	0.1530161381281455	-0.013327698274663	24.74212179192346	38.29004205416206	34.17631983641476	0.8934929506234845	0.8239934053163933	1.0731633023371738	0.1850930936555201	-0.9078733140259192	-0.0858433215895666	24.74212179192346	51.32395306355909	0.7286916892476991	50.0	106.0	186.0	0.0	0.7777760624885559	0.9553549289703368	0.5490195751190186	4.499999523162842	22.399995803833008	0.2083333134651184	75.0	0.8936170235400633	0.222222220322887	batch-2025-12-03_2_bgl1050_18	batch-2025-12-03_2_bgl1050	86.65
117.0	26.0	5.0	2.7785003586979724	2.0728913073954365	1.7322383544272848	-0.5801720961831986	0.1478788240164718	-0.0608785095435059	0.033625730994152	0.957983193277311	0.4588235294117647	0.002239546256597	0.0144161260294408	0.0108960798380302	-0.4103591486628873	0.0839875999754577	-0.5801720960812562	25.37350271635546	38.32530584698288	35.775861802045	0.8162211536696864	0.7035782662649717	0.8967953899428018	-0.3138909211244062	-1.516325372733167	-1.4241689325688072	25.37350271635546	52.42844033483929	0.7510068182164661	51.0	104.0	186.0	0.0	0.7704901695251465	0.9579811096191406	0.541176438331604	4.357142448425293	23.79999542236328	0.178571417927742	76.79999999999998	0.9013157914213988	0.2295081948400967	batch-2025-12-03_2_bgl1050_19	batch-2025-12-03_2_bgl1050	86.6
117.0	26.0	5.0	2.554708854187172	2.131243963847281	1.398330547248151	0.0239864250158385	0.6640934762350451	-0.2428970220121002	0.0295950155763239	0.9565217391304348	0.4588235294117647	0.0025514908144756	0.01174647152438	0.0100184660948559	0.5508059860116513	0.3310633721547422	0.0239864249912059	25.346852797587644	38.34334183993799	34.17917846638833	0.7900455254395355	0.5682307342463524	0.9225426063923496	0.281602750692414	-1.5958381687494128	-0.0133902230404321	25.346852797587644	51.365631545728725	0.7280422404532993	51.0	106.0	186.0	0.0	0.7777760624885559	0.956519603729248	0.541176438331604	4.499999523162842	22.99999618530273	0.2083333134651184	76.0	0.8958333355034722	0.222222220322887	batch-2025-12-03_2_bgl1050_20	batch-2025-12-03_2_bgl1050	89.97
115.0	24.0	5.0	2.850903829661322	2.2004306416722827	1.351983992045852	0.0110755540394488	0.8440332033168533	-0.1996143044554106	0.0295950155763239	0.9565217391304348	0.4509803921568627	0.0028799761425895	0.0116166687797777	0.011180015018278	0.8410819379193246	0.2527979463922236	0.0110755540433223	24.671648272231792	38.32530584698288	34.17631983641476	0.8359900430184418	0.7714077454385322	1.0396261676365992	0.2442724980065284	-0.9288139915158612	-0.0308859789522044	24.671648272231792	51.35026685252665	0.7282343994335877	49.0	106.0	186.0	0.0	0.785712480545044	0.956519603729248	0.5490195751190186	4.666666507720947	22.99999618530273	0.2083333134651184	74.8	0.8958333355034722	0.214285712372449	batch-2025-12-03_2_bgl1050_21	batch-2025-12-03_2_bgl1050	88.8
112.0	24.0	5.0	2.096646009885975	1.4808418103830567	1.529798497545539	0.3029555393242446	1.2465787311045016	-0.1809347788754015	0.0295950155763239	0.9553571428571428	0.4392156862745098	0.0025280150687997	0.0136552330749577	0.0082221412152404	0.9164917955841624	0.1546048424633597	0.302955539311962	24.032069508515377	37.38801234661918	33.33387198176523	0.6074892613671917	0.5288561925126133	0.8710233810551207	0.3953909616522824	0.1007045459681459	0.0548122697316183	24.032069508515377	50.09002384235469	0.7281357152147161	48.0	107.0	184.0	0.0	0.785712480545044	0.9553549289703368	0.5607843399047852	4.666666507720947	22.399995803833008	0.2083333134651184	73.0	0.8936170235400633	0.214285712372449	batch-2025-12-03_2_bgl1050_22	batch-2025-12-03_2_bgl1050	94.43
112.0	24.0	5.0	2.7335475319004425	1.5994555770362175	1.4477018732410185	-0.1817705014257786	1.1441673531087604	-0.1071474885552126	0.0295950155763239	0.9553571428571428	0.4392156862745098	0.0024611463497584	0.0128701942879342	0.0107197942427514	0.7439664940071599	0.0574975757929983	-0.1817705014213994	24.032069508515377	37.399309480606576	33.35659728521503	0.738206711989537	0.7519264316115722	0.9914075895567126	-0.0184422082072046	-0.391501980890311	-0.180395733085867	24.032069508515377	50.11358031586053	0.7283241776932895	48.0	107.0	184.0	0.0	0.785712480545044	0.9553549289703368	0.5607843399047852	4.666666507720947	22.399995803833008	0.2083333134651184	73.0	0.8936170235400633	0.214285712372449	batch-2025-12-03_2_bgl1050_23	batch-2025-12-03_2_bgl1050	94.32
132.0	38.0	10.0	3.073534208068541	3.0324682853588927	2.01659117807164	-0.0559700039160034	1.1299169673145484	0.968099397807802	0.0382513661202185	0.9224806201550388	0.5176470588235295	0.0019207229514604	0.0140109570987598	0.0120530753257562	0.6605501770427424	-0.8564566578985798	-0.0559700039132233	30.1048025348836	38.85600135399795	38.19453200931949	1.0078542500603342	0.9724525122028416	0.6357604035420442	0.7262696212330232	-1.005654970082203	-1.2469079585655534	30.1048025348836	54.4849622981683	0.7768134973814903	63.0	102.0	189.0	0.0	0.7121198773384094	0.9224787950515748	0.4823529124259949	3.473684310913086	12.899998664855955	0.2750000059604645	88.2	0.8285714315102041	0.287878785697888	batch-2025-12-03_2_bgl1100_1	batch-2025-12-03_2_bgl1100	69.86
131.0	37.0	10.0	2.5620730418368125	2.5357561953265324	1.6545714446951374	-1.308337252641306	0.4150563123206867	0.6161889251122042	0.0382513661202185	0.9230769230769232	0.5137254901960784	0.0019774316106309	0.0119208145318769	0.0100473452621052	0.1362367231549556	-0.5794258299927162	-1.3083372526802817	29.836585499331044	38.79400154769613	37.76437378997902	0.8210888604088888	0.8845315488702076	0.6300394407273232	-0.3958446010947022	-1.4911529291225063	-2.0991579174456416	29.836585499331044	54.139841926550766	0.7719500503407712	62.0	102.0	188.0	0.0	0.7175558805465698	0.9230750799179076	0.4862744808197021	3.5405404567718506	12.999999046325684	0.2727272808551788	87.8	0.8285714315102041	0.2824427459355516	batch-2025-12-03_2_bgl1100_2	batch-2025-12-03_2_bgl1100	70.78
132.0	37.0	10.0	2.1933589136589173	2.536292806141663	1.901623654185579	-0.1847595893683713	0.6484278549664919	0.6749831635469311	0.0382513661202185	0.9236641221374048	0.5176470588235295	0.0016448323087049	0.013473768070179	0.0086014075045471	0.20236559004389	-0.6111454908937249	-0.1847595894549438	29.997675166464937	38.99486291818868	38.19453200931949	0.7700966793077131	0.7764527919353361	0.4640770159499951	0.4267530300953873	-1.1440875847842769	-1.3494164232127526	29.997675166464937	54.584078350918944	0.775030129914007	63.0	102.0	189.0	0.0	0.7164165377616882	0.9236623048782348	0.4823529124259949	3.526315689086914	13.099998474121094	0.2702702581882477	88.2	0.8324022374457726	0.2835820874359546	batch-2025-12-03_2_bgl1100_3	batch-2025-12-03_2_bgl1100	71.35
128.0	34.0	9.0	2.2948208593278725	2.630928479782835	1.4592683212485449	-0.7418250425066433	0.8348743254301696	0.4799844598330501	0.0347222222222222	0.9291338582677166	0.5019607843137255	0.0022318428243896	0.0106654873463476	0.0089992974875638	0.7218254719550253	-0.4360494524466798	-0.7418250424529504	28.934243014696484	38.99486291818868	37.42213694469601	0.7872852587520472	0.8386073371608025	0.5664848835409843	0.2636385878833171	-1.264731063027281	-1.1560395461973645	28.934243014696484	54.04642141266995	0.7648202294421774	60.0	103.0	189.0	0.0	0.7322819828987122	0.9291319847106934	0.498039186000824	3.735294103622437	14.111109733581545	0.2647058963775635	85.6	0.8392857171556122	0.2677165333250667	batch-2025-12-03_2_bgl1100_4	batch-2025-12-03_2_bgl1100	90.95
130.0	35.0	10.0	2.227782536210823	2.567217496463143	1.3227572392571652	-1.215918526678823	0.4490788385209053	0.2894621044252315	0.0364145658263305	0.9236641221374048	0.5098039215686274	0.0023446737006854	0.0095089790164995	0.0087364021027891	0.2709509749878243	-0.2889155432977301	-1.2159185266793997	29.39429764214423	39.112191287070026	37.5507085988959	0.7565719798244824	0.8543760799639708	0.5451579744178016	-0.2199908781837796	-0.9439776045223004	-1.2515285762845607	29.39429764214423	54.220099811375775	0.7650328131321777	61.0	103.0	189.0	0.0	0.7307677865028381	0.9236623048782348	0.4901960492134094	3.7142856121063232	13.099998474121094	0.2727272808551788	87.19999999999999	0.8324022374457726	0.2692307671597633	batch-2025-12-03_2_bgl1100_5	batch-2025-12-03_2_bgl1100	75.13
131.0	36.0	10.0	1.9657757589787288	2.7483168762443526	1.5675369108381147	-0.1559160713009547	0.6207967728222822	0.8662544068649064	0.0365853658536585	0.9236641221374048	0.5137254901960784	0.0023856634862916	0.0112411576566364	0.0077089245450169	0.1192106085562242	-0.8108541870802445	-0.1559160714066526	29.5292936801588	39.03706783420108	37.59538506571744	0.7458132392887767	0.8756072533432385	0.471078913176692	0.4492641585497597	-0.9529367316089076	-0.631041477045709	29.5292936801588	54.196915441117	0.7665874289572323	61.0	102.0	189.0	0.0	0.7230755090713501	0.9236623048782348	0.4862744808197021	3.6111111640930176	13.099998474121094	0.2727272808551788	87.39999999999999	0.8324022374457726	0.2769230747928994	batch-2025-12-03_2_bgl1100_6	batch-2025-12-03_2_bgl1100	72.63
128.0	33.0	9.0	2.0263158280706675	2.434992995480807	1.2648261728574668	-0.4566907204281776	0.744467979987454	0.0610630851032617	0.0347222222222222	0.9291338582677166	0.5019607843137255	0.0022801850647709	0.0093041317949027	0.0079463365806774	0.847824636003602	-0.0316705940591203	-0.4566907203837639	28.643355061095363	39.52780003954406	37.29904722658631	0.7044997457184994	0.7769989611906873	0.526076805793631	0.2258338665262032	-1.1439848027114925	-0.4062637174843565	28.643355061095363	54.34763932294848	0.7563962196793127	59.0	103.0	189.0	0.0	0.7380937337875366	0.9291319847106934	0.498039186000824	3.818181753158569	14.111109733581545	0.2727272808551788	85.39999999999999	0.8392857171556122	0.2619047598261527	batch-2025-12-03_2_bgl1100_7	batch-2025-12-03_2_bgl1100	78.36
131.0	35.0	10.0	1.928395017651056	2.678888675119124	1.540986542737072	0.0070684501977316	0.651001889545629	0.8490646834798382	0.0365853658536585	0.924812030075188	0.5137254901960784	0.002330175414325	0.0109238727521387	0.007562333402558	0.0494155302073123	-0.7545313318998313	0.0070684500638377	29.479519258504773	39.559558367065705	37.63640587014299	0.7376329083884617	0.7856105643121924	0.4358878914967836	0.6068052167221082	-0.7976503156686615	-0.2055508840308411	29.479519258504773	54.60272616838295	0.7604907112578706	61.0	102.0	189.0	0.0	0.7307677865028381	0.924810230731964	0.4862744808197021	3.7142856121063232	13.29999828338623	0.2727272808551788	87.39999999999999	0.833333336111111	0.2692307671597633	batch-2025-12-03_2_bgl1100_8	batch-2025-12-03_2_bgl1100	72.57
129.0	34.0	9.0	1.904541497302168	2.569410927740385	1.3687599303094728	-0.2771098393654249	0.7546754251395634	0.2743454148264385	0.0347222222222222	0.9296875	0.5058823529411764	0.0022494508629922	0.0100352105925698	0.0074687901854999	0.8106058726411218	-0.254265751526702	-0.2771098392441302	28.985602322970884	39.52780003954406	37.46433882372543	0.7119723903427464	0.7737290658015272	0.4795079626455359	0.3757036092523268	-1.1375466590765917	-0.5435115312332148	28.985602322970884	54.461212431097046	0.7586036437940485	60.0	103.0	189.0	0.0	0.736432671546936	0.929685652256012	0.4941176176071167	3.7941176891326895	14.222220420837402	0.2647058963775635	85.99999999999999	0.84302325855192	0.2635658894297218	batch-2025-12-03_2_bgl1100_9	batch-2025-12-03_2_bgl1100	76.98
142.0	53.0	16.0	2.2559292186365907	3.385514679834396	1.875584120048544	-1.3033205460218884	0.7178450588193934	0.5413457665836863	0.0476190476190476	0.8840579710144928	0.5568627450980392	0.0027789458783349	0.0124960153892827	0.0088467812495508	0.8849254604905982	-0.6097444534062635	-1.303320546030404	34.851790077877936	35.88470400427349	39.9235822790816	0.916458923089782	1.4357697169225108	0.5788581799885418	0.1051967180962511	-0.9165792193838066	-1.4393100108605108	34.851790077877936	53.68057752547862	0.8386253701075866	75.0	99.0	187.0	0.0	0.6293695569038391	0.8840563297271729	0.4431372284889221	2.698113203048706	8.624999046325684	0.3076923191547394	99.4	0.7669902946554812	0.3706293680375568	batch-2025-12-03_2_bgl1100_10	batch-2025-12-03_2_bgl1100	16.36
139.0	50.0	16.0	2.432115960983947	3.205595863360604	1.9548003477485192	-1.2814101084399363	0.7355208865481145	0.5287608501182811	0.0456989247311828	0.8848920863309352	0.5450980392156862	0.0025369328697556	0.0132301322876931	0.0095377096509148	0.8227145468415616	-0.6177701204010821	-1.2814101084258065	33.39660405969821	36.140822104342135	39.11650010997905	0.9185949769706216	1.3064274367776083	0.6033203990222553	0.0842938774558895	-1.0488128366193898	-1.3430991393600362	33.39660405969821	53.25654516800443	0.8249176231794273	72.0	100.0	186.0	0.0	0.6417898535728455	0.8848904371261597	0.4549019336700439	2.7916667461395264	8.687499046325684	0.3191489279270172	96.2	0.7669902946554812	0.3582089525506794	batch-2025-12-03_2_bgl1100_11	batch-2025-12-03_2_bgl1100	16.58
142.0	52.0	16.0	3.0560346722190284	3.731904970145196	2.030145140746572	-1.1124931193868008	0.9303146833182964	0.5377429471733256	0.0476190476190476	0.8832116788321168	0.5568627450980392	0.0029158658182833	0.0133838591941127	0.0119844496949814	0.8594758231436133	-0.5321012783346412	-1.1124931193917886	34.48511678319909	36.34837919066228	39.695716126138265	1.1232987422020813	1.4758169912349794	0.7727367932625547	0.1723092256062152	-0.8669715917693886	-0.908604523034338	34.48511678319909	53.82336433701561	0.8293881336841353	75.0	99.0	187.0	0.0	0.6338016986846924	0.8832100033760071	0.4431372284889221	2.730769157409668	8.562499046325684	0.3199999928474426	98.8	0.764976961774512	0.3661971805197381	batch-2025-12-03_2_bgl1100_12	batch-2025-12-03_2_bgl1100	16.42
124.0	30.0	7.0	2.235510478968932	2.202690627549023	1.2440504163786257	-0.3753783940501893	0.6325091440657363	0.3584347293563557	0.0338983050847457	0.944	0.4862745098039215	0.001856912258762	0.0093808328989065	0.0087667077606629	0.7005047375103793	-0.3590221270482534	-0.3753783941119208	27.31824552157749	38.66093109535621	36.41439425382647	0.7308046991521694	0.6117547901002627	0.5051128926251247	0.0946645028297425	-0.4418267089224771	-0.1981556540499895	27.31824552157749	53.11003391105103	0.7554833191962389	55.0	104.0	187.0	0.0	0.7540967464447021	0.9439980387687684	0.5137255191802979	4.066666603088379	17.857139587402344	0.2258064448833465	81.6	0.8711656465429636	0.2459016373286751	batch-2025-12-03_2_bgl1100_13	batch-2025-12-03_2_bgl1100	76.21
123.0	30.0	7.0	2.440193656455317	2.3057938362937715	1.2687450286841009	-0.2280014348829847	0.829950958897525	0.3763609673918406	0.0338983050847457	0.942622950819672	0.4823529411764706	0.0018411231772472	0.0095002793948618	0.0095693868880636	0.8791410331229678	-0.34001866594211	-0.2280014348730634	27.22393390372398	38.642810429020095	36.25165511184871	0.79529908457528	0.612636819470934	0.5505384993084159	0.2363596670234005	-0.3929871818330135	-0.3613243506990864	27.22393390372398	52.98536869930803	0.7534820086428191	55.0	104.0	187.0	0.0	0.7521350979804993	0.9426209330558776	0.5176470279693604	4.034482479095459	17.428569793701172	0.2285714298486709	80.99999999999999	0.8679245307938768	0.2478632457447586	batch-2025-12-03_2_bgl1100_14	batch-2025-12-03_2_bgl1100	73.29
123.0	31.0	7.0	2.3041834075940515	2.287670105916218	1.2402770103313392	-0.5087363442619853	0.8530742902757131	0.2917327195670146	0.0344827586206896	0.942622950819672	0.4823529411764706	0.0019621072837655	0.0093767313699011	0.0090360133631153	0.7407755747474942	-0.2493187361699251	-0.5087363442809908	27.31824552157749	38.642810429020095	36.37727595221264	0.7538687263039363	0.6705588993023804	0.5507294381857953	0.1690748566164623	-0.7174070557158734	-0.4132769355549732	27.31824552157749	53.07139534209188	0.7552083002043466	55.0	104.0	187.0	0.0	0.7519984841346741	0.9426209330558776	0.5176470279693604	4.032258033752441	17.428569793701172	0.2333333194255828	81.6	0.8679245307938768	0.247999998016	batch-2025-12-03_2_bgl1100_15	batch-2025-12-03_2_bgl1100	74.21
122.0	29.0	7.0	2.334176707028715	2.119449083704604	1.352306345452948	-0.2071603541277161	0.7332416400867796	0.3786629067782736	0.0313390313390313	0.943548387096774	0.4784313725490196	0.001691176196761	0.0104557252623269	0.0091536341452124	0.1747195904511006	-0.2738066168565755	-0.2071603540962434	26.893616155954177	38.72839332751801	36.03446056015916	0.7240326197609214	0.6588410387628466	0.5869824563501106	0.2454089414093784	-0.4016565110755704	-0.8786146718494856	26.893616155954177	52.89962946555116	0.7493807079529816	54.0	104.0	187.0	0.0	0.7661274075508118	0.9435464143753052	0.5215686559677124	4.275861740112305	17.714282989501953	0.2333333194255828	80.6	0.8687500024609375	0.2338709658558793	batch-2025-12-03_2_bgl1100_16	batch-2025-12-03_2_bgl1100	78.15
121.0	29.0	7.0	2.294449393460336	1.9900110315538104	1.1977999427664454	-0.6386822238986781	0.5570065560195128	0.1345360503365019	0.0316091954022988	0.942622950819672	0.4745098039215686	0.0017551749405575	0.009376907326065	0.0089978407586746	0.1579064874194212	-0.0732938441193484	-0.6386822238472027	26.61514087820752	38.66093109535621	35.904682710473814	0.702247246027147	0.6352540413267674	0.6135982904689495	-0.1943368360474566	-0.4490354193646512	-1.1933626609642085	26.61514087820752	52.76185964974773	0.7484509172588487	54.0	104.0	187.0	0.0	0.7647042274475098	0.9426209330558776	0.5254901647567749	4.249999523162842	17.428569793701172	0.2333333194255828	79.6	0.8679245307938768	0.2352941156697973	batch-2025-12-03_2_bgl1100_17	batch-2025-12-03_2_bgl1100	80.56
117.0	26.0	6.0	2.4736705291061	1.935323548099237	1.0875884057656116	-0.7831654175171292	0.5890732953390275	0.2978041144952917	0.0287878787878787	0.9482758620689656	0.4588235294117647	0.0020228511803554	0.0088995403272238	0.0097006687415941	0.4556467613183352	-0.2879730745792981	-0.7831654175509485	25.360182049857457	38.433032448143614	34.17917846638833	0.7234604646371088	0.6873615176937546	0.7304099690051282	-0.2250081006979573	-1.3226029997318556	-0.7682442811152693	25.360182049857457	51.43261828642679	0.7268818679726784	51.0	106.0	186.0	0.0	0.7777760624885559	0.948273777961731	0.541176438331604	4.499999523162842	19.333330154418945	0.2399999797344207	76.39999999999999	0.877551022907122	0.222222220322887	batch-2025-12-03_2_bgl1100_18	batch-2025-12-03_2_bgl1100	86.65
119.0	27.0	6.0	2.337165488944684	1.8398306693395945	1.1041374294970074	-0.6724070198873714	0.5333495195330686	0.1019331536699728	0.0309734513274336	0.9482758620689656	0.4666666666666667	0.0018941631677437	0.0089197696804952	0.0091653548586014	0.0444075475165605	-0.0888459503466725	-0.6724070198611178	25.92230949068668	38.66093109535621	35.23940752317935	0.6978915643055992	0.5813286585010422	0.7042336152168851	-0.183455889947042	-1.2675011916936394	-0.8101746943079333	25.92230949068668	52.31140827529488	0.7391320437939198	52.0	105.0	187.0	0.0	0.7731075882911682	0.948273777961731	0.5333333015441895	4.407407283782959	19.333330154418945	0.2258064448833465	78.0	0.877551022907122	0.226890754395876	batch-2025-12-03_2_bgl1100_19	batch-2025-12-03_2_bgl1100	86.6
117.0	25.0	6.0	2.308207570774536	1.9926880832249665	1.011493160938436	-0.2971258744875473	0.6111496390423841	0.4093280848277955	0.0287878787878787	0.9487179487179488	0.4588235294117647	0.0021212034723967	0.0082435483613802	0.0090517943951912	0.3942427114187337	-0.3760721399683633	-0.2971258745088923	25.360182049857457	38.72839332751801	34.33411674988119	0.7085972071156483	0.5673957252374418	0.7255741881763438	0.1842519982746521	-1.194910269345334	-0.3997495748049872	25.360182049857457	51.75635248667949	0.7253264582531272	50.0	106.0	187.0	0.0	0.786323070526123	0.94871586561203	0.541176438331604	4.679999828338623	19.49999618530273	0.2399999797344207	76.39999999999999	0.877551022907122	0.2136752118489298	batch-2025-12-03_2_bgl1100_20	batch-2025-12-03_2_bgl1100	89.97
116.0	25.0	6.0	2.162541366788962	1.8951103193670111	1.0397576396583612	-0.1707450166701397	0.6494230231260534	0.39556083776754	0.0287878787878787	0.9482758620689656	0.4549019607843137	0.0019376695852215	0.0084916356613426	0.0084805543795664	0.4321245896797553	-0.3593032468359318	-0.1707450167471178	25.105177766575338	38.434231008997486	34.32908606150249	0.667329684066617	0.5477567073118484	0.6545140894733102	0.2687362172010148	-0.9125286269897974	-0.5045452399195669	25.105177766575338	51.53325395384061	0.7290401261419971	50.0	106.0	186.0	0.0	0.7844809889793396	0.948273777961731	0.545098066329956	4.639999866485596	19.333330154418945	0.2399999797344207	76.2	0.877551022907122	0.2155172395214031	batch-2025-12-03_2_bgl1100_21	batch-2025-12-03_2_bgl1100	88.8
114.0	24.0	6.0	2.614163749143044	1.5032488163654607	1.0334545637138388	-0.2902305903692966	1.0588511659754287	0.1252789230437771	0.0283018867924528	0.9473684210526316	0.4470588235294118	0.0015573484814068	0.0084039604615588	0.0102516225456581	0.6583699904677385	-0.0614525482184399	-0.290230590421152	24.33631541781954	37.792801802101536	33.369816100367544	0.7199674492655418	0.6415268318926706	0.6911975069062155	0.0403597360065558	-0.7539507008055425	0.0960060566555252	24.33631541781954	50.41666881722034	0.7233247935302609	49.0	107.0	184.0	0.0	0.7913026213645935	0.9473662972450256	0.5529412031173706	4.791666507720947	18.99999618530273	0.2608695328235626	74.19999999999999	0.87412587676659	0.2086956503591682	batch-2025-12-03_2_bgl1100_22	batch-2025-12-03_2_bgl1100	94.43
115.0	24.0	6.0	2.778457797766521	1.5020513369931667	1.0541007457106228	-0.8115064787040686	1.0545818881719926	-0.1709697117620633	0.027027027027027	0.9473684210526316	0.4509803921568627	0.0017671304954101	0.0086670851019796	0.0108959129324179	0.8654846676536713	0.1992370982263114	-0.8115064788117491	24.671648272231792	38.434231008997486	33.374992768688486	0.7368551048538305	0.7643864909381599	0.7559440095649448	-0.3922169383375036	-1.1726881342114073	-0.361159628562848	24.671648272231792	50.90265470054575	0.7150605119375615	49.0	107.0	186.0	0.0	0.7913026213645935	0.9473662972450256	0.5490195751190186	4.791666507720947	18.99999618530273	0.2608695328235626	74.8	0.87412587676659	0.2086956503591682	batch-2025-12-03_2_bgl1100_23	batch-2025-12-03_2_bgl1100	94.32
130.0	37.0	11.0	2.486422683230728	2.806584095518211	1.4663778608899551	-0.0066139501289375	1.0869195684602102	0.6919491123521172	0.0361111111111111	0.9153846153846154	0.5098039215686274	0.0023958874083411	0.0105456443028418	0.0097506771891382	0.9746626608544536	-0.710621002262024	-0.00661395020091	29.84757059030447	38.85600135399795	37.48303355125906	0.8221245962811101	1.0805826810136978	0.5912468091069785	0.755729361269418	-0.7372505132821058	-0.0311346627730283	29.84757059030447	53.988578842443175	0.7674149678086816	62.0	103.0	189.0	0.0	0.7121198773384094	0.9153828024864196	0.4901960492134094	3.473684310913086	11.818181037902832	0.2972972989082336	88.2	0.8146067446976392	0.287878785697888	batch-2025-12-03_2_bgl1100_Baffle_1	batch-2025-12-03_2_bgl1100_Baffle	69.86
130.0	37.0	11.0	2.4852325922689964	2.3900966663369143	1.326841907999735	-2.084581156655502	0.600981172125689	0.3927446762036527	0.0361111111111111	0.916030534351145	0.5098039215686274	0.0021206433912875	0.0096273189583986	0.0097460101657588	0.7975849448766067	-0.4807830714811093	-2.0845811567099486	29.610871933501663	38.99297071393179	37.4145259392122	0.7523085072977697	0.9998978435045716	0.6016384183383012	-1.041010943715359	-0.862629118365364	-2.1784713074570443	29.610871933501663	54.03978642031744	0.764742856514272	62.0	103.0	189.0	0.0	0.7175558805465698	0.9160287380218506	0.4901960492134094	3.5405404567718506	11.909090042114258	0.2972972989082336	87.6	0.8156424611903498	0.2824427459355516	batch-2025-12-03_2_bgl1100_Baffle_2	batch-2025-12-03_2_bgl1100_Baffle	70.78
131.0	37.0	11.0	2.196420504031176	2.62314735487865	1.4232417660890946	-0.630574303661518	0.8578409559949305	0.7074039784446885	0.0361111111111111	0.916030534351145	0.5137254901960784	0.0022564978308217	0.0101490825545736	0.0086134137412972	0.8134711138380444	-0.7311424336896275	-0.6305743036808854	29.89427076242948	39.035661926474006	37.539444275599365	0.7423765243353735	0.9933180934458422	0.4903747285423731	0.2711085164813127	-0.7955563731247711	-0.6914154259136985	29.89427076242948	54.15711198502744	0.7658614319515195	62.0	103.0	189.0	0.0	0.7175558805465698	0.9160287380218506	0.4862744808197021	3.5405404567718506	11.909090042114258	0.2972972989082336	88.2	0.8156424611903498	0.2824427459355516	batch-2025-12-03_2_bgl1100_Baffle_3	batch-2025-12-03_2_bgl1100_Baffle	71.35
128.0	35.0	10.0	2.8254498981972733	2.447402944177993	1.5310203347502864	-1.450062624012221	0.7511755912104189	0.4664103689637953	0.0356125356125356	0.9212598425196852	0.5019607843137255	0.0018350850166626	0.0112257203184192	0.0110801956792008	0.4250612104870789	-0.4044265684945157	-1.4500626239210233	28.784268880612814	38.52373499503823	36.75413762444094	0.8681927181624943	0.8472965547632174	0.7095801246755614	-0.4917235174076803	-1.2369993533950856	-2.235275519583705	28.784268880612814	53.244199594737815	0.7618949551544716	60.0	103.0	187.0	0.0	0.7286807298660278	0.9212579727172852	0.498039186000824	3.685714244842529	12.69999885559082	0.2857142984867096	85.39999999999999	0.8255813983910221	0.2713178273541253	batch-2025-12-03_2_bgl1100_Baffle_4	batch-2025-12-03_2_bgl1100_Baffle	90.95
129.0	36.0	10.0	2.3915654008999465	2.1988226827143627	1.409820202015279	-1.2175056123674357	0.5051824309719049	0.245238674942927	0.0356125356125356	0.92	0.5058823529411764	0.0016291916345771	0.0101320430425422	0.0093786878466672	0.8391417813577497	-0.2991370162563014	-1.2175056122620478	29.4585376944168	39.07654451381165	37.17944446133307	0.7389002769300895	0.8025201695126019	0.5173021526887097	-0.6104008836873162	-1.0150945319814348	-1.991561325433456	29.4585376944168	53.9378106859488	0.7605252473075227	61.0	103.0	189.0	0.0	0.7230755090713501	0.9199981093406676	0.4941176176071167	3.6111111640930176	12.499999046325684	0.289473682641983	86.8	0.8214285746173469	0.2769230747928994	batch-2025-12-03_2_bgl1100_Baffle_5	batch-2025-12-03_2_bgl1100_Baffle	75.13
129.0	36.0	11.0	2.2356406386860708	2.420170086354992	1.3720483618643993	-0.5350356095937365	0.9871189971353264	0.7171060150138131	0.0356125356125356	0.916030534351145	0.5058823529411764	0.0019940050135568	0.0099341039656047	0.0087672181909211	1.0887205621989755	-0.7834469171713917	-0.535035609592239	29.490537030087545	39.035661926474006	37.17944446133307	0.7249040408476601	0.9199376622466262	0.5058966013053016	0.278027112434887	-1.0668335088209164	-1.224131206894921	29.490537030087545	53.908199677705085	0.7610479962299158	61.0	103.0	189.0	0.0	0.7230755090713501	0.9160287380218506	0.4941176176071167	3.6111111640930176	11.909090042114258	0.289473682641983	87.2	0.8156424611903498	0.2769230747928994	batch-2025-12-03_2_bgl1100_Baffle_6	batch-2025-12-03_2_bgl1100_Baffle	72.63
127.0	34.0	10.0	2.24608751001404	2.234075828606924	1.2381878071584431	-0.3606570194822916	0.6458143980965216	0.2038443288165349	0.0350140056022409	0.9212598425196852	0.4980392156862745	0.0020588278894299	0.009193340885642	0.0088081863137799	0.0378781541666524	-0.1058386159100434	-0.3606570194914527	28.429371579480343	38.56515065851646	36.57402175832389	0.7211627837878587	0.7464273311111359	0.6053138093818824	0.0856582428640399	-0.4552137231788235	-0.5828705020997271	28.429371579480343	53.150069735536775	0.7589051508976022	59.0	103.0	187.0	0.0	0.7328230142593384	0.9212579727172852	0.5019607543945312	3.742857217788696	12.69999885559082	0.2903225719928741	84.60000000000001	0.8224852102517418	0.2671755704795758	batch-2025-12-03_2_bgl1100_Baffle_7	batch-2025-12-03_2_bgl1100_Baffle	78.36
130.0	35.0	10.0	2.083110829651944	2.3492194836965923	1.2528722059081578	-0.4565475882877954	0.9738520433706804	0.4414036058996861	0.0350140056022409	0.9224806201550388	0.5098039215686274	0.0020149143497167	0.008898439598781	0.0081690620770666	1.010845222942666	-0.4849466485823042	-0.4565475883761741	29.49618430519225	39.171733616842005	37.30646946660026	0.6926126000807744	0.8388300409568995	0.4409921143427083	0.2460566454704905	-0.8313382728111786	-0.5987454742416171	29.49618430519225	54.09433776848745	0.7610135105418668	61.0	103.0	189.0	0.0	0.727271318435669	0.9224787950515748	0.4901960492134094	3.6666667461395264	12.899998664855955	0.289473682641983	87.4	0.8275862098692033	0.272727270661157	batch-2025-12-03_2_bgl1100_Baffle_8	batch-2025-12-03_2_bgl1100_Baffle	72.57
128.0	35.0	10.0	2.2234380169498618	2.241346519416135	1.4493171370458828	-0.7940131253784602	0.6885495648013344	0.3903091733362407	0.0350140056022409	0.9224806201550388	0.5019607843137255	0.0017065261341965	0.0106121079488352	0.0087193647723588	0.1763804976865988	-0.3486352452853022	-0.7940131252957229	28.784268880612814	39.115559227802216	37.129858311163176	0.7225572477276508	0.7342224772341263	0.5331734881413035	-0.0908477261923164	-1.05005048587929	-1.5126703996155644	28.784268880612814	53.93193258090013	0.7593605047587472	60.0	103.0	189.0	0.0	0.7286807298660278	0.9224787950515748	0.498039186000824	3.685714244842529	12.899998664855955	0.2857142984867096	85.39999999999999	0.8275862098692033	0.2713178273541253	batch-2025-12-03_2_bgl1100_Baffle_9	batch-2025-12-03_2_bgl1100_Baffle	76.98
140.0	53.0	18.0	2.3063075996429645	3.0924922643030897	1.9598238500419205	-1.003747092863705	0.5710493891579973	0.6257950479990843	0.0483870967741935	0.8732394366197184	0.5490196078431373	0.0022100272531493	0.0126399430149264	0.0090443435280164	0.4079580289902502	-0.6463991972792491	-1.003747092919026	34.5005109534723	35.10611063169311	38.97541642335035	0.920571912579718	1.1390738802314773	0.4771442710057531	0.1856037063413691	-0.6045988569829054	-1.4595113314394073	34.5005109534723	52.45495295068183	0.8375811189764045	75.0	99.0	184.0	0.0	0.622221052646637	0.8732378482818604	0.4509803652763366	2.647058725357056	7.888887882232666	0.3333333432674408	98.6	0.7476635549392959	0.3777777749794239	batch-2025-12-03_2_bgl1100_Baffle_10	batch-2025-12-03_2_bgl1100_Baffle	16.36
137.0	50.0	16.0	2.2817957774971545	2.9755898852893843	1.8765384386662924	-0.8625635352564182	0.5435215648890611	0.4109145429041324	0.0462184873949579	0.8814814814814815	0.5372549019607843	0.0022953371221367	0.0124239841325623	0.0089482187352796	0.2971273561830987	-0.484178971936646	-0.8625635351313002	33.246725631642065	35.15818790785069	38.27663717100973	0.8896463348837746	1.0944181597048286	0.4799166037262071	0.0858044266038233	-0.6807137747241485	-0.8987470770693426	33.246725631642065	51.97306158083111	0.8278382013889456	72.0	100.0	184.0	0.0	0.6323517560958862	0.881479799747467	0.4627450704574585	2.720000028610229	8.437499046325684	0.3333333432674408	95.6	0.7600000036	0.3676470561202422	batch-2025-12-03_2_bgl1100_Baffle_11	batch-2025-12-03_2_bgl1100_Baffle	16.58
140.0	52.0	17.0	3.136176248464686	3.493491689653579	2.0810805747792056	-1.105081868371933	0.7513933021079563	0.499703528080562	0.0482093663911845	0.875	0.5490196078431373	0.0024077326115866	0.01313204785015	0.0122987303861397	0.613679148221987	-0.4734662693183927	-1.105081868409221	34.13359756300193	35.29945758501041	38.95011475767063	1.1374956410621284	1.210710602461473	0.6381502767908088	0.1574175953188741	-0.6683210616538949	-1.590513273913054	34.13359756300193	52.56579824783088	0.8345259843278988	74.0	100.0	184.0	0.0	0.626864492893219	0.8749983310699463	0.4509803652763366	2.680000066757202	7.999999046325684	0.3333333432674408	97.6	0.7487684766191851	0.3731343255736244	batch-2025-12-03_2_bgl1100_Baffle_12	batch-2025-12-03_2_bgl1100_Baffle	16.42
121.0	30.0	8.0	2.051162112665028	2.0694870221339903	1.0180523387935074	-0.0120348333067082	0.7543680737279415	0.0294863108428694	0.0333333333333333	0.9333333333333332	0.4745098039215686	0.0022913862822524	0.0079413203973138	0.0080437729908425	0.5061339283743734	0.0553893064865455	-0.0120348331715115	26.909425904254903	38.33317349268792	35.344578549835994	0.6755384381848262	0.6085210542441922	0.6427399127327622	0.4575468953674322	-1.022899170829385	0.0811875846018009	26.909425904254903	52.14088053424145	0.7448573302455161	55.0	104.0	186.0	0.0	0.747965931892395	0.933331310749054	0.5254901647567749	3.96774172782898	14.999998092651367	0.2727272808551788	80.39999999999999	0.8471337608827944	0.2520325182761584	batch-2025-12-03_2_bgl1100_Baffle_13	batch-2025-12-03_2_bgl1100_Baffle	76.21
121.0	31.0	8.0	2.029462712311148	2.151419413784967	0.979168902690974	-0.196953816182287	0.620228948093241	0.0279619809674318	0.0350877192982456	0.9322033898305084	0.4745098039215686	0.0024526857895675	0.0076639861472431	0.0079586773031777	0.3708474509378497	0.040415851988598	-0.1969538159943114	26.909425904254903	37.85994809088098	35.327876939929745	0.6953365710656644	0.567676811115279	0.6753569668097519	0.2516330473838731	-0.6938950035852072	-0.0086207096365767	26.909425904254903	51.78257002628416	0.750815066755601	55.0	104.0	186.0	0.0	0.7438001036643982	0.932201325893402	0.5254901647567749	3.9032256603240967	14.749998092651367	0.2727272808551788	80.39999999999999	0.846153849112426	0.2561983449900963	batch-2025-12-03_2_bgl1100_Baffle_14	batch-2025-12-03_2_bgl1100_Baffle	73.29
121.0	31.0	8.0	2.2598972628972347	2.028554224694821	1.15042334036316	-0.1456380261247551	0.8063983836071545	0.2062962588123446	0.0350877192982456	0.9333333333333332	0.4745098039215686	0.0020720034821788	0.0090086623162942	0.0088623422074418	0.1263580285439202	-0.149562552612831	-0.1456380259614643	26.969328920590712	37.88876154349005	35.86867850321413	0.7106771635185533	0.6348778921898204	0.6823034010235747	0.3821413632522481	-0.9139801198784812	-0.5370108331205453	26.969328920590712	52.173943198366615	0.7580168148954275	55.0	104.0	186.0	0.0	0.7438001036643982	0.933331310749054	0.5254901647567749	3.9032256603240967	14.999998092651367	0.2571428716182709	80.60000000000001	0.8500000028125	0.2561983449900963	batch-2025-12-03_2_bgl1100_Baffle_15	batch-2025-12-03_2_bgl1100_Baffle	74.21
120.0	29.0	8.0	2.115638768344644	2.0413304005504687	1.1369462386726603	-0.1946267810373106	0.7330463575843311	0.0710338426237833	0.03125	0.9322033898305084	0.4705882352941176	0.00198806868701	0.0089490263753263	0.008296622620955	0.4867532219583801	0.0131132281922162	-0.1946267810026443	26.420807941040145	38.35329732657661	34.96408087460807	0.6866062910238685	0.5713567008854511	0.6316835544942347	0.2688724277197771	-0.7904336825857773	-0.3584121145755567	26.420807941040145	51.89857769946035	0.7392044030144881	54.0	105.0	186.0	0.0	0.7583317160606384	0.932201325893402	0.529411792755127	4.137930870056152	14.749998092651367	0.2857142686843872	79.39999999999999	0.8431372579777008	0.2416666646527778	batch-2025-12-03_2_bgl1100_Baffle_16	batch-2025-12-03_2_bgl1100_Baffle	78.15
120.0	29.0	8.0	2.037579537564365	1.861162828825485	1.113021408229189	-0.6067568137677067	0.5323946188494898	0.0363814290142132	0.03125	0.9322033898305084	0.4705882352941176	0.0019355329773282	0.008898210613137	0.0079905079904493	0.4762408703000605	-0.0209877365240942	-0.6067568137221284	26.420807941040145	38.35329732657661	34.95182720739333	0.6317156432977986	0.616187683993393	0.6177332370118616	-0.1375337993075543	-0.8243539644241613	-0.3904151824467979	26.420807941040145	51.89032319186564	0.7390298903460091	54.0	105.0	186.0	0.0	0.7583317160606384	0.932201325893402	0.529411792755127	4.137930870056152	14.749998092651367	0.2857142686843872	79.39999999999999	0.8431372579777008	0.2416666646527778	batch-2025-12-03_2_bgl1100_Baffle_17	batch-2025-12-03_2_bgl1100_Baffle	80.56
115.0	26.0	7.0	2.326560798973957	1.990026175986512	1.358674070026968	-0.5312235860148531	0.4860195365544598	0.1550318636145254	0.02803738317757	0.93859649122807	0.4509803921568627	0.0015416483988648	0.0108003152274268	0.0091237678391174	0.8084223890628921	-0.1228392972583033	-0.5312235860888259	24.9592582953308	37.767557933850725	33.23408771229529	0.7296744882021579	0.5577607490716817	0.4797690434985778	-0.0898832254923587	-1.1278880053774332	-0.9767890380902096	24.9592582953308	50.307981656545394	0.7216345076746304	51.0	107.0	184.0	0.0	0.7739113569259644	0.9385943412780762	0.5490195751190186	4.423076629638672	16.28571128845215	0.2799999713897705	75.8	0.8561643865171701	0.2260869545557656	batch-2025-12-03_2_bgl1100_Baffle_18	batch-2025-12-03_2_bgl1100_Baffle	86.65
117.0	27.0	8.0	2.343426105428001	1.8570015629336376	1.1563267947545075	-0.9991776303125864	0.3788762325460596	-0.3200998420246007	0.0287878787878787	0.9322033898305084	0.4588235294117647	0.0017651877941778	0.0091575676521716	0.0091899062957959	0.7078231740968902	0.3395002239167013	-0.9991776303619934	25.725913214500977	38.33317349268792	34.17620054807438	0.6955339539678975	0.652222757777294	0.5766728162973193	-0.5506785058725769	-1.0231128036764836	-0.4441903155543685	25.725913214500977	51.3560597585398	0.7281307044556793	52.0	106.0	186.0	0.0	0.7711847424507141	0.932201325893402	0.541176438331604	4.370369911193848	14.749998092651367	0.2903225719928741	77.8	0.8431372579777008	0.2288135573829359	batch-2025-12-03_2_bgl1100_Baffle_19	batch-2025-12-03_2_bgl1100_Baffle	86.6
116.0	26.0	7.0	2.4178163473723004	1.8605632606390112	1.2338291882166157	-0.1795105904840582	0.7486597414996342	0.1903516265809673	0.02803738317757	0.93859649122807	0.4549019607843137	0.001446450915952	0.0096708025105185	0.0094816327347904	1.3604670524488194	-0.1574611802926885	-0.1795105904928444	25.02883691813376	37.769345266490426	33.77565831324955	0.7282720081059982	0.5689841738343939	0.5149917139027614	0.1272506454334623	-1.024262160443287	0.1979545650320241	25.02883691813376	50.66871358494062	0.7296354062711473	51.0	107.0	184.0	0.0	0.7777760624885559	0.9385943412780762	0.545098066329956	4.499999523162842	16.28571128845215	0.2799999713897705	76.0	0.8561643865171701	0.222222220322887	batch-2025-12-03_2_bgl1100_Baffle_20	batch-2025-12-03_2_bgl1100_Baffle	89.97
115.0	25.0	7.0	2.1153710315735115	1.853624283164763	1.258603340993528	-0.0054113018435122	0.5370672348230613	0.2645221138488059	0.02803738317757	0.93859649122807	0.4509803921568627	0.0013715894223173	0.0100350233138752	0.0082955726728408	1.0290173354235723	-0.2410602454865525	-0.005411301854215	24.9592582953308	37.767557933850725	33.23072081773327	0.6702753337788544	0.4928375168479693	0.4308885716216852	0.1565610586860436	-0.6665300681215823	0.0422733768065506	24.9592582953308	50.30575750699817	0.7215842625609059	50.0	107.0	184.0	0.0	0.7777760624885559	0.9385943412780762	0.5490195751190186	4.499999523162842	16.28571128845215	0.2799999713897705	75.8	0.8561643865171701	0.222222220322887	batch-2025-12-03_2_bgl1100_Baffle_21	batch-2025-12-03_2_bgl1100_Baffle	88.8
113.0	24.0	6.0	1.963757270679696	1.5937818381392292	1.4343851005514758	-0.3013846078128769	0.6556402389080889	0.3200123066886211	0.02803738317757	0.9469026548672566	0.4431372549019607	0.0010529449838654	0.0119361216753121	0.0077010089046198	1.6489070357080866	-0.2536941188213338	-0.3013846076976795	24.252208986132025	37.76612023975745	33.2030516540954	0.6144661856213344	0.4040693740797212	0.3233366780556299	0.1472073531955732	-1.8027735607259463	-1.8912907717140863	24.252208986132025	50.28640449573169	0.7211900565830439	49.0	107.0	184.0	0.0	0.7876088619232178	0.946900486946106	0.5568627119064331	4.708333015441895	18.833330154418945	0.2499999850988388	73.8	0.87412587676659	0.2123893786514214	batch-2025-12-03_2_bgl1100_Baffle_22	batch-2025-12-03_2_bgl1100_Baffle	94.43
113.0	24.0	6.0	2.398534776024161	1.7095432180396806	1.4451675348707151	-0.16960922135476	0.8741327769697134	0.3516449297220013	0.02803738317757	0.9469026548672566	0.4431372549019607	0.0012032076939414	0.0118918508780475	0.0094060187295084	1.7323786592285724	-0.2550563004536291	-0.169609221328442	24.252208986132025	37.76612023975745	33.21507792689535	0.7097310698294186	0.5532582691605792	0.4563093134979649	0.2778447327037188	-1.7825255392512065	-1.810238277151318	24.252208986132025	50.294346000853295	0.7213696389433001	49.0	107.0	184.0	0.0	0.7876088619232178	0.946900486946106	0.5568627119064331	4.708333015441895	18.833330154418945	0.2499999850988388	73.8	0.87412587676659	0.2123893786514214	batch-2025-12-03_2_bgl1100_Baffle_23	batch-2025-12-03_2_bgl1100_Baffle	94.32
138.0	39.0	11.0	3.368387324146759	3.0983016561465666	1.8914132190031967	-0.3207843160189395	1.0598358643447892	0.9187609642792935	0.037037037037037	0.921985815602837	0.5411764705882353	0.0019229761915497	0.0125146392984335	0.0132093620554773	0.4686457599540738	-0.7713200162627518	-0.3207843160857961	31.377658577430708	40.53423737167836	39.60021999189707	1.0792180543957872	0.8546778401752394	0.7653678236319961	0.4214227762534109	-0.9335160216388064	-1.3136850390490278	31.377658577430708	56.667467057476735	0.7737430637387072	65.0	101.0	191.0	0.0	0.7194231748580933	0.9219841361045836	0.4588235020637512	3.5641026496887207	12.818181037902832	0.2777777910232544	92.4	0.8281250026855468	0.2805755375498163	batch-2025-12-03_2_bgl1120_1	batch-2025-12-03_2_bgl1120	69.86
137.0	38.0	10.0	2.416473670325632	2.610334260666223	1.528662489459301	-0.2839253383181983	0.7508825259608414	0.3119355284766308	0.0367454068241469	0.924812030075188	0.5372549019607843	0.00204546651639	0.0104522936604084	0.0094763673346072	0.1104637296357748	-0.2168095331365775	-0.2839253382878222	31.092645401429166	40.44762314589054	39.32760300455318	0.8192532855914272	0.7276124421180559	0.6114692151212922	0.4971938801961578	-0.982741456644846	-0.9781563925694516	31.092645401429166	56.415162644768834	0.7713593870272215	64.0	101.0	191.0	0.0	0.720586895942688	0.924810230731964	0.4627450704574585	3.5789473056793213	13.29999828338623	0.2777777910232544	91.8	0.8342541463935776	0.2794117626513841	batch-2025-12-03_2_bgl1120_2	batch-2025-12-03_2_bgl1120	70.78
138.0	39.0	10.0	1.877418330941956	2.3154253235311546	1.5257401883460886	-0.2275155917715398	0.4302993553293453	0.3295141002447519	0.037037037037037	0.9270072992700732	0.5411764705882353	0.0017167845804051	0.0104874241623807	0.0073624248272234	0.0669422324740189	-0.30490299553965	-0.2275155917636412	31.377658577430708	40.74650121433437	39.65154843645359	0.6597575445086602	0.7240876415817917	0.4625047616762384	0.1094868300665549	-0.4336829420775676	-0.7435540771127443	31.377658577430708	56.85527815971159	0.7717798593157751	65.0	101.0	191.0	0.0	0.720586895942688	0.9270055294036864	0.4588235020637512	3.5789473056793213	13.69999885559082	0.2631579041481018	92.4	0.8387096800208116	0.2794117626513841	batch-2025-12-03_2_bgl1120_3	batch-2025-12-03_2_bgl1120	71.35
134.0	35.0	10.0	2.380489739936874	2.3988633953333744	1.3898859193882374	-1.603007037166951	0.7884356508894212	0.3785741791369568	0.0346666666666666	0.924812030075188	0.5254901960784314	0.0019485491670278	0.0097210730693009	0.0093352538821055	0.6449426201667484	-0.3784601500743775	-1.603007037145577	30.13687276663217	40.918032176610055	38.60433262395464	0.7708418574599611	0.7196016423723168	0.6033487574930977	-0.2422813905861673	-2.1306039503209275	-2.237894389855162	30.13687276663217	56.25459851911685	0.7563114149292894	62.0	102.0	191.0	0.0	0.7388045787811279	0.924810230731964	0.4745097756385803	3.828571319580078	13.29999828338623	0.2820512950420379	89.19999999999999	0.8314606769978538	0.2611940279015371	batch-2025-12-03_2_bgl1120_4	batch-2025-12-03_2_bgl1120	90.95
136.0	36.0	10.0	2.3461601634662586	2.601644824201243	1.4426815324938989	-1.1559456739594909	0.4548500214595988	0.4975653049135133	0.0346666666666666	0.9270072992700732	0.5333333333333333	0.0021329997229547	0.0099248223573448	0.0092006280920334	0.2792513109598238	-0.5037532341479115	-1.1559456738223683	30.790422708404805	40.918032176610055	39.07335747406799	0.7813419981368906	0.8065095809893936	0.5670780537581992	-0.3068076256468912	-0.6184016217872312	-1.2042439140474963	30.790422708404805	56.57749218109973	0.7623413342565558	63.0	102.0	191.0	0.0	0.7333319783210754	0.9270055294036864	0.4666666388511657	3.75	13.69999885559082	0.2777777910232544	91.2	0.8351648378818983	0.266666664691358	batch-2025-12-03_2_bgl1120_5	batch-2025-12-03_2_bgl1120	75.13
137.0	37.0	10.0	2.012521938774652	2.6562095508833856	1.4853471153469853	-0.3813394250756748	0.4343149591539202	0.4555237886747429	0.0361757105943152	0.9270072992700732	0.5372549019607843	0.0021778029785918	0.0102093949348226	0.0078922428971505	0.0716435308461125	-0.4312065812464154	-0.3813394248953369	31.11199265895076	40.918032176610055	39.163999434574514	0.7366832590374707	0.7734533573204547	0.5018027877842177	0.1038120051346213	-0.4218873177044902	-0.3487494659978304	31.11199265895076	56.64012896275439	0.7634987148608211	64.0	101.0	191.0	0.0	0.7318826913833618	0.9270055294036864	0.4627450704574585	3.729729652404785	13.69999885559082	0.2750000059604645	92.0	0.8351648378818983	0.2681159400861164	batch-2025-12-03_2_bgl1120_6	batch-2025-12-03_2_bgl1120	72.63
134.0	34.0	10.0	2.090654734881362	2.213111353851272	1.3460507021654853	-0.0401863219188535	0.8192724685630777	0.5225564862753914	0.0338753387533875	0.925925925925926	0.5254901960784314	0.0017148743244611	0.0093456714464787	0.00819864601914	0.5683767451395145	-0.4677971087703286	-0.040186321844532	30.13687276663217	40.95583986556059	38.52016614883439	0.7034545545720426	0.5641677505451317	0.5105583853679261	0.4176263125057062	-0.8101376776961956	-0.240848620968708	30.13687276663217	56.22440768231578	0.7547610978748508	61.0	102.0	191.0	0.0	0.7443594932556152	0.9259241819381714	0.4745097756385803	3.911764621734619	13.499999046325684	0.2777777910232544	89.19999999999999	0.8342541463935776	0.2556390958222624	batch-2025-12-03_2_bgl1120_7	batch-2025-12-03_2_bgl1120	78.36
138.0	37.0	10.0	1.9639156027884817	2.5665487233263105	1.3827005209224044	-0.400679339699053	0.6110130509421898	0.4736184336120009	0.03515625	0.927536231884058	0.5411764705882353	0.0021006845946674	0.0094695624926395	0.007701629814857	0.2540453089177216	-0.4334642206359981	-0.4006793395788957	31.092645401429166	41.43630852200423	39.36624428981606	0.717489492137814	0.7172069388190607	0.4975738001950207	0.2362564952543142	-0.4846855263246344	-0.4866707850601977	31.092645401429166	57.15477979501098	0.7597849684963814	64.0	101.0	193.0	0.0	0.7318826913833618	0.927534520626068	0.4588235020637512	3.729729652404785	13.79999828338623	0.2682926952838897	92.0	0.8387096800208116	0.2681159400861164	batch-2025-12-03_2_bgl1120_8	batch-2025-12-03_2_bgl1120	72.57
135.0	35.0	10.0	2.079301715518553	2.322416491855558	1.3874742686719088	0.0571216009667668	0.7213591537326131	0.4209332198418046	0.0346666666666666	0.925925925925926	0.5294117647058824	0.0018467026251059	0.0096484448620248	0.0081541243745778	0.5160973172869645	-0.3782039398447517	0.057121601074069	30.191550541492937	40.918032176610055	38.73112304910872	0.717135716511896	0.5892359383113273	0.5260120435233407	0.4012277390229083	-0.5004816500296246	-0.3284938867467405	30.191550541492937	56.34168305838313	0.7579482825044241	62.0	102.0	191.0	0.0	0.7388045787811279	0.9259241819381714	0.470588207244873	3.828571319580078	13.499999046325684	0.2777777910232544	89.6	0.8342541463935776	0.2611940279015371	batch-2025-12-03_2_bgl1120_9	batch-2025-12-03_2_bgl1120	76.98
149.0	54.0	17.0	2.309782902558511	3.320151279391593	1.8771659517558592	-1.5663182054673384	0.7545113985379253	0.7174551747975773	0.0478036175710594	0.8866666666666667	0.5843137254901961	0.0024245753706911	0.011731668071135	0.0090579721668944	0.676817960855768	-0.7037111387904154	-1.56631820555214	36.12391707082639	37.76972772399267	41.50078595202488	0.9161991180876607	1.3023900130442834	0.5258001460318382	0.2090594884768029	-1.025969835357181	-2.121309249228549	36.12391707082639	56.114771379560366	0.8324308685235607	78.0	97.0	189.0	0.0	0.6351340413093567	0.8866651654243469	0.4156862497329712	2.740740776062012	8.823528289794922	0.3090909123420715	103.8	0.7692307723633832	0.3648648623995617	batch-2025-12-03_2_bgl1120_10	batch-2025-12-03_2_bgl1120	16.36
146.0	51.0	16.0	2.444312390378017	3.34050155699654	1.717058877066317	-1.0391000866015745	0.6015806026690761	0.4513063482480973	0.0455729166666666	0.8888888888888888	0.5725490196078431	0.0027463510833792	0.010923313145263	0.0095855387858032	0.5494009736267941	-0.5328387029787188	-1.039100086495392	35.03266968316447	38.02526545926302	40.451766579257125	0.9357679300853194	1.2843739493202588	0.5893450700414539	0.0623960283161004	-0.8863317417047434	-0.6185756905270154	35.03266968316447	55.51816128646666	0.8163082045043693	76.0	98.0	189.0	0.0	0.6482747197151184	0.8888872861862183	0.427450954914093	2.843137264251709	8.999999046325684	0.314814805984497	100.6	0.7714285746938775	0.3517241355053508	batch-2025-12-03_2_bgl1120_11	batch-2025-12-03_2_bgl1120	16.58
149.0	53.0	17.0	2.5711459634970564	3.3734276100363254	1.7510056626077906	-1.1855791407078626	0.642414601491755	0.6865934079577045	0.0461538461538461	0.8866666666666667	0.5843137254901961	0.0026136020746286	0.0111014903458647	0.0100829253470504	0.6104577961872708	-0.7316154316865217	-1.1855791407574947	35.95056980598717	38.5332942210592	41.34629369023271	0.9445126997544284	1.3696517838633224	0.641295947593893	0.0069374026069443	-0.9769515903227818	-1.412493350336228	35.95056980598717	56.51841085385975	0.8205991149497301	78.0	98.0	190.0	0.0	0.6438345313072205	0.8866651654243469	0.4156862497329712	2.807692289352417	8.823528289794922	0.3137255012989044	103.79999999999998	0.7692307723633832	0.3561643811221617	batch-2025-12-03_2_bgl1120_12	batch-2025-12-03_2_bgl1120	16.42
129.0	31.0	8.0	2.130224022112176	2.257882478616936	0.8534907699112546	0.0719877169659431	0.6085990519162064	0.4313996759208349	0.0314207650273224	0.937984496124031	0.5058823529411764	0.0021203690381998	0.0059396269378229	0.0083538196945624	0.8477478769959216	-0.4041819289879604	0.0719877170149995	28.75371613078421	40.94382476402683	37.58233813078406	0.7193515186008708	0.4997724389242952	0.56485928149412	0.2990397892494815	-1.1481203513347915	0.29031504542303	28.75371613078421	55.57723387938556	0.7426170634053156	58.0	103.0	191.0	0.0	0.7615369558334351	0.9379826188087464	0.4941176176071167	4.193548202514648	16.124998092651367	0.2580645084381103	85.60000000000001	0.8571428596938775	0.2384615366272189	batch-2025-12-03_2_bgl1120_13	batch-2025-12-03_2_bgl1120	76.21
128.0	31.0	8.0	2.2877845979819105	2.4071829769369595	0.8973094365580124	0.203270842208073	0.6381421866814821	0.5886633023321024	0.0316804407713498	0.9375	0.5019607843137255	0.0022577940068605	0.0062493486816043	0.008971704305809	0.7440024245912366	-0.5293714022427647	0.203270842262686	28.55400846906594	40.67647727444529	37.41337689457961	0.7704901833742045	0.5563366396296758	0.6052950097659078	0.435250272443983	-0.9963911969810294	0.3255913074519273	28.55400846906594	55.26605263734988	0.7436359760095738	58.0	103.0	190.0	0.0	0.7596884369850159	0.9374980926513672	0.498039186000824	4.161290168762207	15.999998092651367	0.2631579041481018	84.99999999999999	0.855421689359849	0.240310075656511	batch-2025-12-03_2_bgl1120_14	batch-2025-12-03_2_bgl1120	73.29
129.0	32.0	8.0	2.404969134231045	2.4284668368222206	0.8877903832259442	-0.1568768818528134	0.6779012992663292	0.3472279299676933	0.032520325203252	0.937984496124031	0.5058823529411764	0.0023393616477999	0.0062142497306723	0.0094312515067918	0.6787072285456777	-0.2797435443713085	-0.1568768817804435	28.63763576350668	40.61413940243777	37.52388290570991	0.7878577415972009	0.6291940272225655	0.6446583883853213	0.2645455673166483	-0.9075425337766568	0.182462175133706	28.63763576350668	55.29511829919597	0.745870072461003	58.0	103.0	190.0	0.0	0.7557237148284912	0.9379826188087464	0.4941176176071167	4.09375	16.124998092651367	0.2580645084381103	85.19999999999999	0.8562874277313636	0.2442748072956121	batch-2025-12-03_2_bgl1120_15	batch-2025-12-03_2_bgl1120	74.21
128.0	29.0	8.0	2.122300444041301	2.033520865227769	1.014713330107492	-0.4537030570618058	0.7383451794132005	0.322953134725853	0.0304347826086956	0.9375	0.5019607843137255	0.0017871673115837	0.0073492070209793	0.0083227468393779	0.897343068721349	-0.2690973434605302	-0.4537030570169421	28.07928110533726	40.760261584698085	37.08219795702756	0.6595541664235288	0.6194983658257895	0.5120980791662976	0.0477239607984727	-0.9108964305564596	-0.5489492855772763	28.07928110533726	55.104340389638935	0.7381831841941984	56.0	104.0	190.0	0.0	0.7716519832611084	0.9374980926513672	0.498039186000824	4.379310131072998	15.999998092651367	0.2758620381355285	84.19999999999999	0.8545454571900826	0.2283464548949098	batch-2025-12-03_2_bgl1120_16	batch-2025-12-03_2_bgl1120	78.15
127.0	29.0	8.0	2.129775276493234	1.9098275046897173	1.020130383569683	-0.7223291269102681	0.7316016250484735	0.1392343907368956	0.0305555555555555	0.9375	0.4980392156862745	0.0016839181637812	0.0074488552602244	0.0083520599078204	0.8924976760569577	-0.0878380682435698	-0.7223291269096593	28.07928110533726	40.75550170860459	37.08219795702756	0.6407098848169621	0.6289717540212385	0.5129659653411314	-0.1171865863768699	-1.3851257319947674	-0.9219922182707164	28.07928110533726	55.10081963858841	0.7382413164597109	56.0	104.0	190.0	0.0	0.7716519832611084	0.9374980926513672	0.5019607543945312	4.379310131072998	15.999998092651367	0.2758620381355285	84.19999999999999	0.8545454571900826	0.2283464548949098	batch-2025-12-03_2_bgl1120_17	batch-2025-12-03_2_bgl1120	80.56
122.0	27.0	7.0	2.521915553811818	1.8307531943464883	1.398669071784689	-0.2935810338320963	0.4581713515180516	-0.0184338254085254	0.028735632183908	0.9444444444444444	0.4784313725490196	0.0012819935577917	0.010626445614425	0.0098898649169108	0.8800231213466106	0.0583834122568523	-0.2935810338075144	26.69127942304216	40.11744989713309	35.9518727184775	0.7387134689715025	0.5554912208553617	0.5206038490772346	0.0037024324259718	-1.1981076982168697	-1.4077651448121151	26.69127942304216	53.86972190585905	0.7306925244395577	53.0	105.0	189.0	0.0	0.7804861664772034	0.9444425106048584	0.5215686559677124	4.55555534362793	17.999998092651367	0.2413792908191681	80.2	0.8711656465429636	0.2195121933372992	batch-2025-12-03_2_bgl1120_18	batch-2025-12-03_2_bgl1120	86.65
125.0	28.0	7.0	2.4707338102985466	1.7412027806604484	1.106076574982173	-0.6966754766269592	0.5703270008906062	-0.6199985162198453	0.0294117647058823	0.942622950819672	0.4901960784313725	0.0015054672771743	0.0081443264995135	0.0096891521972475	0.9041803356251948	0.650321455093014	-0.6966754766409323	27.187459292136708	40.12344177567672	36.41923816636526	0.7014991856403253	0.6277017608510954	0.5191084874625418	-0.3280019748801479	-1.0772353102700298	-0.4510718926727485	27.187459292136708	54.18718933977436	0.7370419267132485	54.0	105.0	189.0	0.0	0.7749983072280884	0.9426209330558776	0.5098038911819458	4.444444179534912	17.428569793701172	0.2592592537403106	81.80000000000001	0.866242040772445	0.224999998125	batch-2025-12-03_2_bgl1120_19	batch-2025-12-03_2_bgl1120	86.6
123.0	26.0	6.0	2.4515695981804653	1.7524793069323072	1.369758273184153	-0.0038197470201309	0.4041471085964276	-0.0095453935326355	0.028735632183908	0.95	0.4823529411764706	0.0010392861782957	0.0103375328287581	0.0096139984242371	1.379991363541229	0.0481898742724135	-0.0038197470175862	26.767548495156227	40.12344177567672	36.2399534690072	0.7147167655452039	0.5244280677695221	0.465343737024232	0.1281239417149937	-0.801719725535908	-0.4293028645860466	26.767548495156227	54.06685497938573	0.7345865727677252	53.0	105.0	189.0	0.0	0.7851223349571228	0.9499979615211488	0.5176470279693604	4.65384578704834	19.99999618530273	0.2399999797344207	80.60000000000001	0.8807947043550721	0.2148760312820162	batch-2025-12-03_2_bgl1120_20	batch-2025-12-03_2_bgl1120	89.97
122.0	26.0	6.0	2.4893767629790307	1.831292851494451	1.4486874701461143	-0.1197353220658307	0.4997126117907997	0.0681889642119773	0.028735632183908	0.9504132231404958	0.4784313725490196	0.0011269139752959	0.0110475665591257	0.0097622618156013	0.8531893173197442	-0.0081583181267328	-0.1197353220354528	26.421501236841323	40.11744989713309	35.9518727184775	0.7349636027388423	0.5228439726680426	0.4961165271339214	0.1476435721074177	-1.121612562910579	-1.2231850300214446	26.421501236841323	53.86972190585905	0.7306925244395577	52.0	105.0	189.0	0.0	0.7851223349571228	0.9504112005233764	0.5215686559677124	4.65384578704834	20.16666412353516	0.2307692170143127	79.60000000000001	0.8831168853938269	0.2148760312820162	batch-2025-12-03_2_bgl1120_21	batch-2025-12-03_2_bgl1120	88.8
120.0	25.0	5.0	2.108373915605831	1.5724709776181292	1.110034374759452	-0.2280177731023129	0.8942824622066015	0.421428289017915	0.028735632183908	0.956896551724138	0.4705882352941176	0.0013263471721959	0.0087559242739723	0.0082681330023708	0.4736404702962487	-0.3363845149673297	-0.2280177730316937	25.870601582681807	39.76208399520181	35.287980943607955	0.6186763037811681	0.481640842782798	0.5416629603248854	0.1448608377403912	-0.7624383783460847	-0.7529612089774671	25.870601582681807	53.16262712392911	0.7258537232871429	51.0	105.0	189.0	0.0	0.7916649580001831	0.9568943977355956	0.529411792755127	4.799999713897705	23.199995040893555	0.2083333134651184	78.19999999999999	0.8958333355034722	0.2083333315972222	batch-2025-12-03_2_bgl1120_22	batch-2025-12-03_2_bgl1120	94.43
120.0	24.0	5.0	2.578545242544887	1.6122059468990857	1.182624392150898	-0.7064202063064815	0.8464527753545494	0.5169453631583142	0.0284900284900284	0.956896551724138	0.4705882352941176	0.0013753403564252	0.0093305719473721	0.0101119421276284	0.4464801127062616	-0.4607362473439069	-0.7064202062533014	25.85759547902746	39.79265801330162	35.287980943607955	0.7118406235409991	0.6424856415193786	0.6635212581357379	-0.239020348125155	-1.3933525257027697	-1.2292958936320166	25.85759547902746	53.185498313356206	0.7254721484985736	51.0	106.0	189.0	0.0	0.7933867573738098	0.9568943977355956	0.529411792755127	4.839999675750732	23.199995040893555	0.2083333134651184	77.8	0.897260276083693	0.2066115685404002	batch-2025-12-03_2_bgl1120_23	batch-2025-12-03_2_bgl1120	94.32
110.0	23.0	5.0	3.0453792052342	1.881641838768801	1.7150322560635172	0.2257726518749143	0.9858226698128804	-0.0133006479731481	0.0295950155763239	0.9553571428571428	0.4313725490196078	0.0025835243633239	0.0152413924874256	0.0119426635499392	-0.2560069140212905	0.0197653379671673	0.2257726517848186	23.486090018733822	37.12420111120026	33.35659728521503	0.849611965317539	0.7619178922959995	1.0916887972728435	0.318087328194515	0.2272645288323797	-0.3059892841602074	23.486090018733822	49.9086053761559	0.7319932447833726	47.0	107.0	183.0	0.0	0.7909072041511536	0.9553549289703368	0.5686274766921997	4.782608509063721	22.399995803833008	0.2083333134651184	72.0	0.8936170235400633	0.2090909071900826	batch-2025-12-04_3_bgl1050_1	batch-2025-12-04_3_bgl1050	282.42
114.0	24.0	5.0	2.920590295276596	1.540016362125023	1.4858940467333626	-0.8719040915093941	0.0882489769058618	-0.2287922649178038	0.0287878787878787	0.9553571428571428	0.4470588235294118	0.0025773252442679	0.0132146661175142	0.0114532952755991	-1.002152098778346	0.196346413597409	-0.8719040915683101	24.31528945388424	38.40428161948275	34.17631983641476	0.7599748262249881	0.8215411912091675	1.0862558183014108	-0.6240955182646605	-0.705803409247176	-0.7149682603816117	24.31528945388424	51.409237343783445	0.7272119651873864	48.0	106.0	186.0	0.0	0.7913026213645935	0.9553549289703368	0.5529412031173706	4.791666507720947	22.399995803833008	0.2083333134651184	74.0	0.8936170235400633	0.2086956503591682	batch-2025-12-04_3_bgl1050_2	batch-2025-12-04_3_bgl1050	293.51
115.0	24.0	5.0	2.231076757230568	1.45053311438426	1.2298328181355511	-0.7110382654915157	1.0250766260826127	0.0484261680605033	0.0287878787878787	0.9565217391304348	0.4509803921568627	0.0018656191314203	0.0107055676319269	0.0087493206165887	0.6329210254598887	-0.0598953598798315	-0.7110382655948282	24.671648272231792	38.434231008997486	34.17631983641476	0.6273881736587549	0.5431300079934465	0.8400059018017422	-0.1596896516477694	-1.3323281327288543	-0.8114656534420392	24.671648272231792	51.43161431273474	0.7268248484371915	49.0	106.0	186.0	0.0	0.7913026213645935	0.956519603729248	0.5490195751190186	4.791666507720947	22.99999618530273	0.2083333134651184	74.8	0.8958333355034722	0.2086956503591682	batch-2025-12-04_3_bgl1050_3	batch-2025-12-04_3_bgl1050	278.1
110.0	23.0	5.0	2.916228934348049	1.7737297969212416	1.3415872705246947	0.0444694512746633	0.0208952331754044	-0.4663462798129327	0.0258899676375404	0.9537037037037036	0.4313725490196078	0.0023650500562164	0.0120733171861637	0.0114361918994044	-0.0993411163284228	0.4532176400264613	0.0444694512305295	23.486090018733822	37.12420111120026	31.83270606426889	0.8208964415921443	0.6554544524620501	1.0510502330012077	-0.0051634746453553	0.0837220310037721	0.0813815599155866	23.486090018733822	48.90324614500539	0.7088119943773067	47.0	108.0	183.0	0.0	0.7909072041511536	0.9537014365196228	0.5686274766921997	4.782608509063721	21.59999656677246	0.238095223903656	72.0	0.8880597039986633	0.2090909071900826	batch-2025-12-04_3_bgl1050_4	batch-2025-12-04_3_bgl1050	286.21
108.0	23.0	5.0	2.350405812269144	1.693268867931869	1.3456804912985807	-0.0746729231942333	-0.1409210248318599	-0.206189952173268	0.0258899676375404	0.9537037037037036	0.4235294117647059	0.0025486410642716	0.0122118873589262	0.009217277695167	-0.3086824871984386	0.1929576636329243	-0.0746729232008686	22.829023963516256	37.10987662618728	31.788235484649608	0.6887344932357016	0.5476103809665341	0.8963089896303095	-0.1592860954058649	-0.2020717075061288	-0.0838935445411823	22.829023963516256	48.86343068633615	0.7083119284741004	46.0	108.0	183.0	0.0	0.7913026213645935	0.9537014365196228	0.5764706134796143	4.791666507720947	21.59999656677246	0.238095223903656	70.0	0.8880597039986633	0.2086956503591682	batch-2025-12-04_3_bgl1050_5	batch-2025-12-04_3_bgl1050	194.0
107.0	19.0	5.0	1.8209235144206808	1.3813129171412062	1.7740859657140235	-0.8410516910069332	-0.294914372374688	-0.2502283898586715	0.0204081632653061	0.9514563106796116	0.4196078431372549	0.0030750529188958	0.0167537765116929	0.0071408765271422	0.3858782644169016	0.2640768087719403	-0.8410516910981652	22.299283978050603	37.35981907657324	30.436658778883384	0.5368648944959052	0.4158190367317926	0.9842854553851836	-0.9434223026062992	-0.420170161157173	0.0439790286091695	22.299283978050603	48.1886530114348	0.6836340980079096	43.0	110.0	183.0	0.0	0.8224279284477234	0.9514539241790771	0.5803921222686768	5.63157844543457	20.59999656677246	0.2941175997257232	68.6	0.8800000028799999	0.1775700917984103	batch-2025-12-04_3_bgl1050_6	batch-2025-12-04_3_bgl1050	273.5
107.0	19.0	5.0	1.8689407331876555	1.397143036850294	1.7401021761932205	-0.6516937858403345	-0.1865675758361117	-0.2809486405945763	0.0204081632653061	0.9514563106796116	0.4196078431372549	0.0030311628990572	0.0164216594845437	0.0073291793458375	0.6360256167105074	0.3105812084417771	-0.6516937857908229	22.299283978050603	37.10987662618728	30.436658778883384	0.5471001907049607	0.438446010333378	0.9754642910227492	-0.8252078122101074	-0.0864326046006255	0.2681810897265709	22.299283978050603	47.9951366372992	0.6869233395192683	43.0	110.0	183.0	0.0	0.8224279284477234	0.9514539241790771	0.5803921222686768	5.63157844543457	20.59999656677246	0.2941175997257232	68.6	0.8800000028799999	0.1775700917984103	batch-2025-12-04_3_bgl1050_7	batch-2025-12-04_3_bgl1050	499.3
107.0	19.0	5.0	1.87336333882986	1.4121141724675423	1.71793826643986	-0.6090474306902672	-0.2192757619207239	-0.4880122198368322	0.0204081632653061	0.9514563106796116	0.4196078431372549	0.0030257231291839	0.0161657999802698	0.007346522897375	0.6672321863843549	0.5044073179106627	-0.6090474307695598	22.299283978050603	37.12420111120026	30.436658778883384	0.5524314421761736	0.4296935483386398	0.9485725453836066	-0.7584946209874792	-0.1054977889257905	0.2664531268746318	22.299283978050603	48.00621319961638	0.6867341132994483	43.0	110.0	183.0	0.0	0.8224279284477234	0.9514539241790771	0.5803921222686768	5.63157844543457	20.59999656677246	0.2941175997257232	68.6	0.8800000028799999	0.1775700917984103	batch-2025-12-04_3_bgl1050_8	batch-2025-12-04_3_bgl1050	502.54
105.0	19.0	5.0	2.2440038763894945	1.68655355739808	1.449614090453362	-0.475343687471046	0.0648720437673087	-0.5660768662226162	0.0204081632653061	0.9514563106796116	0.4117647058823529	0.0027886681728815	0.0136961565256845	0.0088000152015252	0.8282186990430525	0.621049850442105	-0.4753436874844931	21.891219253261205	36.836014740091656	29.83895471490597	0.6776579925391574	0.4245039080866601	0.9346292813367748	-0.354789657986737	-1.2547546813321058	0.434345170885994	21.891219253261205	47.40522334522282	0.6808380520750889	43.0	110.0	182.0	0.0	0.8224279284477234	0.9514539241790771	0.5882352590560913	5.63157844543457	20.59999656677246	0.2941175997257232	68.2	0.8800000028799999	0.1775700917984103	batch-2025-12-04_3_bgl1050_9	batch-2025-12-04_3_bgl1050	607.73
105.0	19.0	5.0	2.12970549229672	1.5374322154587727	1.5275530077953627	-0.1985608302600764	0.0759287075616135	-0.4608800777174555	0.0204081632653061	0.9514563106796116	0.4117647058823529	0.0026721469463923	0.014330076169073	0.0083517862442915	1.1498384682881244	0.5366185808618773	-0.1985608302171247	21.891219253261205	36.836014740091656	29.83895471490597	0.630821544040701	0.4390362705159416	0.8977614869509911	-0.2636449959068476	0.024400253246912	0.7797858245398214	21.891219253261205	47.40522334522282	0.6808380520750889	43.0	110.0	182.0	0.0	0.8224279284477234	0.9514539241790771	0.5882352590560913	5.63157844543457	20.59999656677246	0.2941175997257232	68.2	0.8800000028799999	0.1775700917984103	batch-2025-12-04_3_bgl1050_11	batch-2025-12-04_3_bgl1050	343.81
107.0	19.0	5.0	1.98618228995604	1.3298697640980244	1.827678653337409	-1.0364079023382191	-0.4849762213327279	-0.0813610736145597	0.0218068535825545	0.9537037037037036	0.4196078431372549	0.002987149207016	0.0171802727291108	0.0077889501566835	-0.0523900490233219	0.0881283580537267	-1.0364079024158108	22.299283978050603	37.41140506421639	30.589794856994164	0.5634011113491683	0.4754503028061874	0.9959258138295484	-1.155470582336115	-0.0840333770669119	-0.3436720923210005	22.299283978050603	48.32544648807564	0.6854166226884536	43.0	109.0	183.0	0.0	0.8224279284477234	0.9537014365196228	0.5803921222686768	5.63157844543457	21.59999656677246	0.2631578743457794	68.6	0.8880597039986633	0.1775700917984103	batch-2025-12-04_3_bgl1050_12	batch-2025-12-04_3_bgl1050	313.52
98.0	15.0	5.0	2.5075960294613364	0.7616130181672017	1.0542179999004289	-1.0781812239010624	-0.6524289161284655	-0.2953034911303011	0.017921146953405	0.9489795918367347	0.3843137254901961	0.0016555076080576	0.0102426182429185	0.0098337099194628	-0.3131913274585806	0.5072424196225574	-1.0781812239476765	19.843011073140524	35.751997295966895	27.95733102807393	0.6137902653134508	0.7823704075232694	0.7396658967149328	-1.1576261630338776	-0.8202019881366757	-0.7692928122961104	19.843011073140524	45.38521420974159	0.6636558748086995	39.0	111.0	180.0	0.0	0.8469365239143372	0.9489771127700806	0.615686297416687	6.533332824707031	19.59999656677246	0.3333333134651184	62.8	0.8728813591640332	0.1530612229279467	batch-2025-12-04_3_bgl1050_13	batch-2025-12-04_3_bgl1050	406.0
98.0	15.0	5.0	2.1866578672140102	0.7646041707327869	1.077115410579834	-0.8680875299658136	0.6198668808660275	-0.2226625373084301	0.017921146953405	0.9489795918367347	0.3843137254901961	0.0018331533647621	0.010652571721899	0.0085751288910368	0.0983861424904673	0.3764039901364748	-0.8680875300358547	19.843011073140524	35.751997295966895	27.95733102807393	0.5339629719372637	0.6865560440682158	0.7521517950821978	-0.7356816369802428	-0.8403561933445722	-0.0259281701066188	19.843011073140524	45.38521420974159	0.6636558748086995	39.0	111.0	180.0	0.0	0.8469365239143372	0.9489771127700806	0.615686297416687	6.533332824707031	19.59999656677246	0.3333333134651184	62.8	0.8728813591640332	0.1530612229279467	batch-2025-12-04_3_bgl1050_14	batch-2025-12-04_3_bgl1050	396.81
98.0	15.0	5.0	2.5845217044411464	0.781356987124692	1.0772044916741084	-1.097029867496986	-0.1318692162241795	-0.3063864984769589	0.017921146953405	0.9489795918367347	0.3843137254901961	0.001744347447804	0.0105684160075212	0.0101353792331005	0.2903656293783033	0.4483666351091329	-1.097029867573757	19.843011073140524	35.751997295966895	27.95733102807393	0.6297972576946566	0.8121204978821441	0.7898721584376076	-1.16190262569873	-0.9045239556140828	-0.600012705571903	19.843011073140524	45.38521420974159	0.6636558748086995	39.0	111.0	180.0	0.0	0.8469365239143372	0.9489771127700806	0.615686297416687	6.533332824707031	19.59999656677246	0.3333333134651184	62.8	0.8728813591640332	0.1530612229279467	batch-2025-12-04_3_bgl1050_15	batch-2025-12-04_3_bgl1050	538.24
91.0	14.0	3.0	3.3309900563534764	1.2621540478379203	1.3271518422663755	0.2198782195065624	-0.3019865705528841	-0.1543659215500946	0.0170454545454545	0.9662921348314606	0.3568627450980392	0.0019791643247926	0.013534615864727	0.0130627061033526	0.4325987798236265	0.2156604807094199	0.2198782195214177	17.89321518407629	34.29090471094767	26.09286873789744	0.8644148743368965	0.9658433560935764	0.8519712529410445	0.2546100555415371	-0.1835173215643436	0.5072807369560246	17.89321518407629	43.08948763757163	0.6504576682207542	35.0	112.0	177.0	0.0	0.8494600057601929	0.9662893414497375	0.6431372165679932	6.642856597900391	29.666656494140625	0.2499999850988388	57.6	0.915094342025632	0.1505376327899179	batch-2025-12-04_3_bgl1050_16	batch-2025-12-04_3_bgl1050	468.2
91.0	14.0	3.0	3.1375794056489066	1.1886293013833669	1.4125776506676393	-0.1040134717693418	-0.6893615107335099	-0.1890829986260849	0.0170454545454545	0.9662921348314606	0.3568627450980392	0.0021034332668373	0.0145361745034588	0.0123042329633247	0.5356097176637943	0.2558318535318447	-0.1040134717862461	18.2654064512554	34.29090471094767	26.09286873789744	0.8098793865461227	0.943573385233067	0.7478706868341474	-0.1005822929913616	-0.4321466411344228	0.7347366220235284	18.2654064512554	43.08948763757163	0.6504576682207542	36.0	112.0	177.0	0.0	0.8494600057601929	0.9662893414497375	0.6431372165679932	6.642856597900391	29.666656494140625	0.2499999850988388	58.6	0.915094342025632	0.1505376327899179	batch-2025-12-04_3_bgl1050_17	batch-2025-12-04_3_bgl1050	469.55
84.0	12.0	1.0	2.3930419172187847	0.9182859300014196	0.8068597381133901	0.4829064453929134	0.4237942440650038	1.8425183352550327	0.0220883534136546	0.988095238095238	0.3294117647058823	0.0015400543989902	0.0089211248373464	0.009384478106747	1.0312218030209468	-1.712745114898999	0.4829064454294967	16.258361486331637	31.82821245838169	24.540619575063864	0.6147989686751644	0.7710396666484536	0.6193040814944705	0.6181604215959209	-0.1162446148091286	0.1447193039733771	16.258361486331637	40.19051029066304	0.6568272405847654	32.0	113.0	174.0	0.0	0.8571402430534363	0.9880921840667723	0.6705882549285889	6.999999523162842	83.99992370605469	0.0833333283662796	53.0	0.9690721659049846	0.1428571411564626	batch-2025-12-04_3_bgl1050_18	batch-2025-12-04_3_bgl1050	527.15
84.0	12.0	1.0	2.498990892536238	0.8394264568048004	0.7497742735303558	-0.3180351197391897	0.3802683016778322	2.069855270331369	0.0220883534136546	0.988095238095238	0.3294117647058823	0.0013813081128768	0.0083721878847255	0.0097999642844551	0.8376330998292976	-1.9552044279146408	-0.3180351196991478	16.258361486331637	31.82821245838169	24.540619575063864	0.6346747360590015	0.8014637004447355	0.7091021467315778	-0.1352418389746972	-0.809696862339172	-0.9061182572076826	16.258361486331637	40.19051029066304	0.6568272405847654	32.0	113.0	174.0	0.0	0.8571402430534363	0.9880921840667723	0.6705882549285889	6.999999523162842	83.99992370605469	0.0833333283662796	53.0	0.9690721659049846	0.1428571411564626	batch-2025-12-04_3_bgl1050_19	batch-2025-12-04_3_bgl1050	523.9
84.0	12.0	1.0	2.1843907237670503	0.8987741567455277	0.6519708517195757	0.1697938373220701	0.0297849677499608	1.7385716627997727	0.0220883534136546	0.988095238095238	0.3294117647058823	0.0016101221966229	0.0074573960123894	0.0085662381324172	1.1763665087149862	-1.6170765155353275	0.1697938373584506	16.258361486331637	31.82821245838169	24.540619575063864	0.5531435089392666	0.7423619051314004	0.6127777463023758	0.2975636842725729	-0.4745669980724369	-0.1147143437046294	16.258361486331637	40.19051029066304	0.6568272405847654	32.0	113.0	174.0	0.0	0.8571402430534363	0.9880921840667723	0.6705882549285889	6.999999523162842	83.99992370605469	0.0833333283662796	53.0	0.9690721659049846	0.1428571411564626	batch-2025-12-04_3_bgl1050_20	batch-2025-12-04_3_bgl1050	494.7
84.0	12.0	1.0	2.245359047060686	0.8146099339852129	0.6077426161494616	-0.2527863253540915	-0.0687298978377402	2.036535024563386	0.0220883534136546	0.988095238095238	0.3294117647058823	0.0015896003946077	0.0071231794782881	0.008805329596314	0.7957577107893782	-2.0525908949574374	-0.2527863253265119	16.258361486331637	31.82821245838169	24.540619575063864	0.554828731856413	0.7765418147745945	0.6886963296471528	-0.2093773904471429	-0.6326335695723064	-0.7645975292947383	16.258361486331637	40.19051029066304	0.6568272405847654	32.0	113.0	174.0	0.0	0.8571402430534363	0.9880921840667723	0.6705882549285889	6.999999523162842	83.99992370605469	0.0833333283662796	53.0	0.9690721659049846	0.1428571411564626	batch-2025-12-04_3_bgl1050_21	batch-2025-12-04_3_bgl1050	628.02
80.0	12.0	1.0	2.4074453663736666	1.1148109321323123	0.88513217981406	0.3919895031710065	-0.2116785721555416	1.2847909906926145	0.0241228070175438	0.9878048780487804	0.3137254901960784	0.0024313744258527	0.0110942952594345	0.0094409622210721	-0.2554352485295963	-1.263572103043796	0.3919895031559109	15.323564132758062	30.377415052779188	22.39712349041172	0.6258057819030113	0.7937239363048628	0.9490311748405827	0.2754516430913462	0.2987158351990568	0.2977160354165121	15.323564132758062	37.74146904842958	0.6353203545463555	31.0	114.0	171.0	0.0	0.8499972820281982	0.9878017902374268	0.686274528503418	6.666666030883789	81.99992370605469	0.0833333283662796	50.4	0.9690721659049846	0.149999998125	batch-2025-12-04_3_bgl1050_22	batch-2025-12-04_3_bgl1050	623.69
78.0	12.0	1.0	2.588086478940969	1.0857723075123555	0.8546582081645722	-0.1219686432760458	-0.3995652639078341	1.48002740403666	0.0241228070175438	0.9871794871794872	0.3058823529411765	0.0023401905192433	0.0107911456913015	0.010149358740956	-0.7744192796415637	-1.468751437895962	-0.12196864326521	14.643142732267872	30.377415052779188	22.17242217568336	0.6576058256128257	0.8828015579142937	0.9952239147807448	-0.2286944876933411	-0.1889487457252897	-0.1300026809558861	14.643142732267872	37.60855820721596	0.6305113784584174	30.0	114.0	171.0	0.0	0.8499972820281982	0.987176239490509	0.6941176652908325	6.666666030883789	77.99992370605469	0.0833333283662796	49.0	0.9666666677777778	0.149999998125	batch-2025-12-04_3_bgl1050_23	batch-2025-12-04_3_bgl1050	633.42
114.0	23.0	6.0	2.949094858766181	1.275278233493445	1.13460451907163	-0.6806495829033813	1.1828733341481317	-0.1335298666970585	0.0267295597484276	0.9469026548672566	0.4470588235294118	0.0013563016833079	0.0091687543595898	0.0115650778775193	0.8882095414054646	0.1315945999409249	-0.680649582905697	24.33631541781954	38.47351131979237	33.369816100367544	0.7577667058053706	0.7999674663028128	0.6973803436554917	-0.3775778089204267	-1.0592317859942044	-0.2444776680787954	24.33631541781954	50.928927927520135	0.7144780666474039	48.0	107.0	186.0	0.0	0.792790949344635	0.946900486946106	0.5529412031173706	4.826086521148682	18.833330154418945	0.2608695328235626	74.19999999999999	0.872340428248076	0.2072072053404756	batch-2025-12-04_3_bgl1100_1	batch-2025-12-04_3_bgl1100	282.42
115.0	23.0	6.0	3.4313330642128905	1.578426146097197	1.1005098056905704	-0.1988145875973476	1.4760098749296	-0.2921119170823416	0.0265486725663716	0.9473684210526316	0.4509803921568627	0.0016493065223363	0.0088028128770151	0.0134562080949507	0.8852307429054129	0.3888555432930459	-0.1988145875821471	24.68542354067958	38.47989905359891	33.53268846303358	0.8981020824496724	0.8627732514118585	0.9142407998238364	0.1000740607250827	-0.6634718172814478	0.322895408896524	24.68542354067958	51.04060958427151	0.7168066879827579	49.0	107.0	186.0	0.0	0.79645836353302	0.9473662972450256	0.5490195751190186	4.913043022155762	18.99999618530273	0.2608695328235626	75.2	0.87412587676659	0.2035398212076122	batch-2025-12-04_3_bgl1100_2	batch-2025-12-04_3_bgl1100	293.51
116.0	24.0	7.0	3.0572033072612608	1.537274270548389	1.1297566349728363	-1.7449272483250842	0.7515852371667446	-0.6625901165285064	0.0267295597484276	0.9416666666666668	0.4549019607843137	0.0017846252094767	0.0092184610670352	0.0119890325774918	0.754904210356919	0.7085796820733309	-1.7449272483078986	24.77235361695182	39.13865914710307	34.17917761985135	0.8055015543373111	0.8012935737773338	0.8455477842129883	-1.2567705706919643	-2.2543012360064605	-0.9662285773899034	24.77235361695182	51.96201326548522	0.7178574645328921	49.0	106.0	187.0	0.0	0.7948700785636902	0.9416646361351012	0.545098066329956	4.874999523162842	17.142854690551758	0.2692307531833648	75.6	0.8645161316545265	0.2051282033749726	batch-2025-12-04_3_bgl1100_3	batch-2025-12-04_3_bgl1100	278.1
112.0	23.0	6.0	3.2414478777213764	1.3645351396335847	1.1733112844564064	-0.0237066917851039	0.921803630445	-0.0431192232921736	0.0269841269841269	0.9473684210526316	0.4392156862745098	0.0013439843961083	0.0093437747221853	0.0127115603047934	0.4768600924471555	0.2157812649712495	-0.0237066917817499	23.907390592190133	37.81350599023639	32.91820934495447	0.8418807530255787	0.8325154337263253	0.7179813222077424	0.198969919399697	-0.5288192866423804	0.1225737328605748	23.907390592190133	50.13451647070999	0.7162989911637905	47.0	107.0	184.0	0.0	0.7962943911552429	0.9473662972450256	0.5607843399047852	4.909090518951416	18.99999618530273	0.2608695328235626	73.0	0.87412587676659	0.2037037018175583	batch-2025-12-04_3_bgl1100_4	batch-2025-12-04_3_bgl1100	286.21
111.0	23.0	6.0	2.595836585745113	1.1140172572181708	1.1362021698282856	-0.4448051621366673	0.1480627766097219	-0.0875128096594376	0.0269841269841269	0.9473684210526316	0.4352941176470588	0.0012218666568262	0.0093664612418436	0.0101797513166502	0.4849459573858761	0.1467328555073184	-0.4448051621258949	23.693041847588844	37.4456344975862	32.51814507871374	0.6690728170938447	0.7097269102121959	0.5467082898295893	-0.3206391008954853	-0.625277792741631	-0.701106377575697	23.693041847588844	49.59440797395501	0.7150851186647493	47.0	108.0	184.0	0.0	0.7946410179138184	0.9473662972450256	0.5647058486938477	4.869565010070801	18.99999618530273	0.2608695328235626	72.39999999999999	0.87412587676659	0.2053571410235969	batch-2025-12-04_3_bgl1100_5	batch-2025-12-04_3_bgl1100	194.0
107.0	20.0	3.0	2.118730749354216	1.2332155315301996	1.1307498610653486	-0.5835965574908509	-0.0316166492688022	0.3105232538570945	0.0269841269841269	0.97196261682243	0.4196078431372549	0.0013097973335894	0.0101718695251672	0.0083087480366927	-0.5658329791435366	-0.2518205382408504	-0.5835965575675156	22.548025547535097	37.38633805582581	32.43241080442345	0.5922716911913408	0.5060245471401102	0.5809447653659175	-0.4981065113180506	-0.2388964609153861	-2.191463091743916	22.548025547535097	49.49342929936631	0.7145627665670846	44.0	108.0	184.0	0.0	0.8113187551498413	0.9719602465629578	0.5803921222686768	5.299999713897705	35.666656494140625	0.1499999910593032	69.0	0.9312977114969988	0.188679243503026	batch-2025-12-04_3_bgl1100_6	batch-2025-12-04_3_bgl1100	273.5
107.0	20.0	3.0	2.137245429298678	1.0830527692166665	1.1235360037989035	0.3327522322354623	0.0464216270243011	0.3473649907061082	0.0269841269841269	0.97196261682243	0.4196078431372549	0.0015075109673137	0.0100700161020476	0.0083813546246972	-0.5527581935872207	-0.2682893369045722	0.3327522321985844	22.291512430198992	37.09840352489721	32.2938755465286	0.5696001165199811	0.5727791112809256	0.5587711235455157	0.1972459840631915	0.6653331582468612	-1.588483461480539	22.291512430198992	49.18522076712458	0.7162712699261382	44.0	108.0	183.0	0.0	0.8113187551498413	0.9719602465629578	0.5803921222686768	5.299999713897705	35.666656494140625	0.1499999910593032	68.4	0.9312977114969988	0.188679243503026	batch-2025-12-04_3_bgl1100_7	batch-2025-12-04_3_bgl1100	499.3
107.0	20.0	3.0	2.225783682343204	1.161548452084449	1.1236218789030734	-0.0606820285681758	-0.1274904917536975	0.3314937977690706	0.0269841269841269	0.97196261682243	0.4196078431372549	0.0014604257540399	0.0100975002140557	0.0087285634601692	-0.5817287438221463	-0.2400821901186899	-0.0606820285885716	22.43693379248895	36.727711503943965	32.32128484953167	0.6036017118114576	0.5602806528963759	0.6201935128089814	-0.1828168846345314	0.4500648226111217	-1.8397523553526856	22.43693379248895	48.92433184665381	0.7216686412585499	44.0	108.0	182.0	0.0	0.8113187551498413	0.9719602465629578	0.5803921222686768	5.299999713897705	35.666656494140625	0.1499999910593032	68.8	0.9312977114969988	0.188679243503026	batch-2025-12-04_3_bgl1100_8	batch-2025-12-04_3_bgl1100	502.54
106.0	20.0	3.0	1.9332267818898023	1.3345600400536644	0.9213011368772436	-0.2740682589334563	0.0383323693282823	-0.0840327094986416	0.0264026402640264	0.971153846153846	0.4156862745098039	0.001825006241875	0.0085601519542179	0.007581281497609	-0.3136895662522532	0.1379691139058403	-0.2740682589851403	22.087207713738103	36.70156003027336	31.335247767581706	0.5720422215717177	0.3851472146187653	0.6951369708386185	-0.2156880997372489	0.1473695722440197	-0.5681223537554829	22.087207713738103	48.258701405150696	0.7066874515277796	44.0	108.0	182.0	0.0	0.8130821585655212	0.9711514115333556	0.5843137502670288	5.34999942779541	34.666656494140625	0.1578947156667709	68.0	0.9285714302721088	0.1869158861035898	batch-2025-12-04_3_bgl1100_9	batch-2025-12-04_3_bgl1100	607.73
106.0	20.0	3.0	1.94778647504982	1.2579509952633945	1.0848716254749078	-0.5164366274984916	-0.0373582125400146	0.1582378996873353	0.0269841269841269	0.97196261682243	0.4156862745098039	0.0019232923255452	0.0100676857695018	0.0076383783335293	-0.4151939924100128	-0.1318141382859254	-0.5164366274579882	22.195162317659552	36.715843581033525	32.23196426945159	0.5516020601654092	0.4790624426123296	0.6771924881808145	-0.3115295116876084	-0.7317048150648715	-1.2028191395002017	22.195162317659552	48.85644983555523	0.7204566628204294	44.0	108.0	182.0	0.0	0.8148128390312195	0.9719602465629578	0.5843137502670288	5.399999618530273	35.666656494140625	0.1499999910593032	68.0	0.9312977114969988	0.1851851834705075	batch-2025-12-04_3_bgl1100_11	batch-2025-12-04_3_bgl1100	343.81
108.0	20.0	3.0	2.2925132055011623	1.112274074664805	1.1386848097493265	-0.0823874094380838	0.149094973616051	0.3039814871821917	0.0269841269841269	0.9722222222222222	0.4235294117647059	0.0013273937028083	0.0101389962540082	0.008990247864709	-0.3040195511151663	-0.2438743485482898	-0.0823874095086788	22.64006628276781	37.40975136544111	32.4573306463037	0.6033109502116207	0.6241712191936964	0.5815069052190331	-0.1231722660408913	0.1519338518914646	-1.8117904726461824	22.64006628276781	49.52744501695609	0.7146330610007867	44.0	108.0	184.0	0.0	0.8148128390312195	0.9722198843955994	0.5764706134796143	5.399999618530273	35.9999885559082	0.1499999910593032	69.39999999999999	0.9312977114969988	0.1851851834705075	batch-2025-12-04_3_bgl1100_12	batch-2025-12-04_3_bgl1100	313.52
98.0	16.0	3.0	2.668315187010707	1.0223157930340303	0.8516543873901784	0.0235492945293763	0.5346502637988563	0.0534837201903728	0.0228070175438596	0.9693877551020408	0.3843137254901961	0.0016009831592794	0.0086079877259061	0.0104639811255279	0.1579407672231743	-0.0811564283632363	0.0235492944785941	19.94216829239366	35.367143730329786	28.884396579150167	0.687465304739764	0.7244357935170767	0.9326417760082588	0.2058674107756362	-0.5348516329288197	0.1668294688441999	19.94216829239366	45.663368484852576	0.684842095355233	39.0	110.0	180.0	0.0	0.8367325067520142	0.9693852066993712	0.615686297416687	6.124999046325684	32.666656494140625	0.1874999850988388	62.6	0.9230769250493096	0.1632653044564765	batch-2025-12-04_3_bgl1100_13	batch-2025-12-04_3_bgl1100	406.0
100.0	16.0	3.0	2.323920853182934	1.0173242167335623	0.8246724176152347	-0.5696585333746162	0.437976371625935	-0.0995766353349689	0.0235690235690235	0.9702970297029704	0.392156862745098	0.0015754744156261	0.0082774968411086	0.009113415110524	0.0612071746859366	0.0764620790888718	-0.5696585334119928	20.38182355028652	36.01750595940479	29.862749438027983	0.6084954485676819	0.616302965033176	0.8486592645841745	-0.261076108240506	-1.3465924968705023	-0.3549917809640722	20.38182355028652	46.78722624321942	0.6922451605610973	40.0	109.0	181.0	0.0	0.8333312273025513	0.9702945351600648	0.6078431606292725	5.999999523162842	33.666656494140625	0.1764705628156662	63.6	0.92561983655488	0.1666666650326797	batch-2025-12-04_3_bgl1100_14	batch-2025-12-04_3_bgl1100	396.81
98.0	16.0	3.0	2.5860259271357915	0.92031271900384	0.838135101779728	-0.5504689192132354	0.2753275066897793	0.0060601552302827	0.0228070175438596	0.9693877551020408	0.3843137254901961	0.0014101909173469	0.0084559365132246	0.0101412781456276	0.1088811770265318	-0.0170479289280522	-0.5504689192598677	19.94216829239366	35.367143730329786	28.884396579150167	0.6504984158598714	0.7551493662216661	0.8692453959717257	-0.4090772096336973	-0.8418930170037152	-0.57497867480394	19.94216829239366	45.663368484852576	0.684842095355233	39.0	110.0	180.0	0.0	0.8367325067520142	0.9693852066993712	0.615686297416687	6.124999046325684	32.666656494140625	0.1874999850988388	62.6	0.9230769250493096	0.1632653044564765	batch-2025-12-04_3_bgl1100_15	batch-2025-12-04_3_bgl1100	538.24
93.0	15.0	3.0	3.005506230912723	0.904198565704065	0.7981002174861195	0.2720168174694375	0.1379784848311106	-0.170817667363234	0.0222222222222222	0.9677419354838708	0.3647058823529411	0.0014517754002599	0.0082371040906601	0.0117862989447634	0.3650185563928028	0.2505921066532719	0.272016817457964	18.697158075316544	33.99234155735131	27.157374505151576	0.7590829810738834	0.8594883798330637	0.990734418415628	0.2631404256394762	0.1530734036719608	0.4325268841308463	18.697158075316544	43.50864597484838	0.6740858832204673	37.0	111.0	177.0	0.0	0.8387073874473572	0.9677392244338988	0.6352940797805786	6.199999809265137	30.99999046325684	0.199999988079071	59.4	0.9189189211102994	0.1612903208463406	batch-2025-12-04_3_bgl1100_16	batch-2025-12-04_3_bgl1100	468.2
93.0	15.0	3.0	2.6432255295424545	0.8962367162393814	0.822034966786112	-0.18678763254246	0.0248184029135284	-0.1387954846143874	0.0222222222222222	0.967391304347826	0.3647058823529411	0.0015141247276599	0.0086451986149495	0.0103655903119287	0.4347207811736013	0.1838033009593784	-0.1867876325623727	18.697158075316544	33.99234155735131	27.157374505151576	0.6765393497270575	0.7538152629974266	0.8907060029800439	-0.2135981967319564	-0.1934349855766611	-0.0085298524497019	18.697158075316544	43.50864597484838	0.6740858832204673	37.0	111.0	177.0	0.0	0.8387073874473572	0.9673885703086852	0.6352940797805786	6.199999809265137	30.666656494140625	0.199999988079071	59.4	0.918181820413223	0.1612903208463406	batch-2025-12-04_3_bgl1100_17	batch-2025-12-04_3_bgl1100	469.55
86.0	13.0	3.0	2.030165543453939	0.9581998521938372	0.8182076380085732	0.5879590123800821	0.0699393635790315	-0.1403295345993679	0.0200803212851405	0.9651162790697674	0.3372549019607843	0.0017121268959965	0.0093373422593291	0.0079614335037363	0.1290921107044986	0.1573524684063557	0.5879590123257421	16.861658873312123	32.27957867753964	24.574572730803084	0.5627146315459356	0.4915343181544863	0.7913260026920457	0.5002316955755545	0.3606565559127129	0.4705495085428077	16.861658873312123	40.569456793270014	0.6506965094739261	34.0	113.0	174.0	0.0	0.8488346338272095	0.965113401412964	0.6627451181411743	6.615384101867676	28.66665840148925	0.2307692170143127	54.8	0.9117647084775086	0.1511627889399675	batch-2025-12-04_3_bgl1100_18	batch-2025-12-04_3_bgl1100	527.15
87.0	14.0	3.0	1.890284489924976	0.8848198839557098	0.8165873300235288	0.0107957608935794	-0.2791891108752726	-0.1068480045837906	0.0200803212851405	0.9651162790697674	0.3411764705882353	0.0016364982024918	0.0093319193178749	0.0074128803526451	0.3601236039377902	0.1143113432762831	0.0107957608440492	17.224940816130726	32.28548626446812	24.66367968122723	0.5201121181142148	0.4709089380571446	0.7572634613802051	-0.111676461359308	0.1918529535691753	-0.0135007355371964	17.224940816130726	40.62818872102645	0.652353501553384	35.0	113.0	174.0	0.0	0.8444420099258423	0.965113401412964	0.6588234901428223	6.428571224212647	28.66665840148925	0.2307692170143127	55.79999999999999	0.9117647084775086	0.1555555538271605	batch-2025-12-04_3_bgl1100_19	batch-2025-12-04_3_bgl1100	523.9
86.0	13.0	3.0	1.6636333436651134	0.9430526780261398	0.8472405414818092	0.2594424875605794	0.1020124233005673	0.1206840358157795	0.0200803212851405	0.9651162790697674	0.3372549019607843	0.0018982367677309	0.0097992544110776	0.0065240523280978	-0.0522102472333731	-0.1039862421433641	0.2594424875176017	16.861658873312123	32.2522078922019	24.574572730803084	0.4807252147784319	0.3650476163232161	0.7212186191155111	0.2138360492638136	0.0926932085069433	0.2657809536822819	16.861658873312123	40.54768228670218	0.6511054009138085	34.0	113.0	174.0	0.0	0.8488346338272095	0.965113401412964	0.6627451181411743	6.615384101867676	28.66665840148925	0.2307692170143127	54.8	0.9117647084775086	0.1511627889399675	batch-2025-12-04_3_bgl1100_20	batch-2025-12-04_3_bgl1100	494.7
86.0	13.0	3.0	1.7314093296403796	0.9619015658592922	0.8621896700579075	0.375335981549689	0.0217642973119408	0.0411406553218621	0.0200803212851405	0.9651162790697674	0.3372549019607843	0.0018237405871378	0.0099383458339351	0.0067898405083914	-0.1244541092702143	-0.0406088486601641	0.3753359814642735	16.861658873312123	32.2522078922019	24.574572730803084	0.4975586149603854	0.3878688937502805	0.7248027428691648	0.2778221746862566	0.1900271404089966	0.3237888409316065	16.861658873312123	40.54768228670218	0.6511054009138085	34.0	113.0	174.0	0.0	0.8488346338272095	0.965113401412964	0.6627451181411743	6.615384101867676	28.66665840148925	0.2307692170143127	54.8	0.9117647084775086	0.1511627889399675	batch-2025-12-04_3_bgl1100_21	batch-2025-12-04_3_bgl1100	628.02
83.0	12.0	3.0	1.964058052968109	0.665903194302295	0.7544964178034137	-0.6716196922641814	-0.1548238516041774	-0.2529641652734146	0.01875	0.963855421686747	0.3254901960784314	0.0012588462057511	0.008719370995477	0.0077021884430058	-0.1233300730646865	0.3570910584343282	-0.6716196923129288	16.04975532518236	31.549117639830897	23.41547458343801	0.510896142353728	0.5970552562989291	0.600227133467639	-0.587895854102416	-0.8987808056689482	-0.0620308960324623	16.04975532518236	39.28907321151163	0.6384846569489067	32.0	114.0	173.0	0.0	0.8554190397262573	0.9638524055480956	0.6745097637176514	6.916666030883789	27.66665840148925	0.2499999850988388	52.8	0.908163268117451	0.1445783115111046	batch-2025-12-04_3_bgl1100_22	batch-2025-12-04_3_bgl1100	623.69
83.0	12.0	3.0	2.115218310180372	0.7820002276088036	0.7744688239354695	-0.6671160172198864	0.108154892855659	-0.414912783819279	0.0189873417721519	0.963855421686747	0.3254901960784314	0.0012420702263042	0.0089047198571403	0.0082949737654126	0.494536022311584	0.5466947032683086	-0.6671160172941809	16.04975532518236	31.549117639830897	23.41547458343801	0.5642625840031513	0.6079790854277378	0.6394587826661735	-0.5094257759996238	-1.1546655143367408	-0.4268141509628518	16.04975532518236	39.28907321151163	0.6384846569489067	32.0	114.0	173.0	0.0	0.8554190397262573	0.9638524055480956	0.6745097637176514	6.916666030883789	27.66665840148925	0.2499999850988388	52.8	0.908163268117451	0.1445783115111046	batch-2025-12-04_3_bgl1100_23	batch-2025-12-04_3_bgl1100	633.42
112.0	23.0	5.0	2.525939336963208	1.7369763256965836	1.496833556351961	0.0082893554514137	0.8721386762565739	0.7344770821247445	0.02803738317757	0.9541284403669724	0.4392156862745098	0.0010169904085979	0.0122866984150092	0.0099056444586789	0.6998830619281734	-0.6168373232636283	0.0082893554983474	23.900232917779743	37.76612023975745	33.2030516540954	0.7506581242436389	0.5050103423211756	0.5192873606882555	0.4079583994091481	-1.806266783088238	-1.956450377737	23.900232917779743	50.28640449573169	0.7211900565830439	48.0	107.0	184.0	0.0	0.7909072041511536	0.9541261792182922	0.5607843399047852	4.782608509063721	21.79999542236328	0.2272727042436599	72.8	0.8897058847858996	0.2090909071900826	batch-2025-12-04_3_bgl1100_Baffle_1	batch-2025-12-04_3_bgl1100_Baffle	282.42
113.0	24.0	6.0	2.9414962465837604	1.8086701440466804	1.5891930125697409	0.6490944124406406	1.0483752256623713	0.8514847984342729	0.02803738317757	0.9478260869565218	0.4431372549019607	0.0008868017376112	0.0125566056636221	0.0115352793983649	1.2330646064121409	-0.7164081197758844	0.6490944124516875	24.252208986132025	37.769345266490426	33.21507792689535	0.8519540122235598	0.5664065401749246	0.5150690837650441	0.7922623754393718	-0.2343467970622542	-0.5451453475103594	24.252208986132025	50.29676772466689	0.7213272932397179	49.0	107.0	184.0	0.0	0.7904742956161499	0.9478239417076112	0.5568627119064331	4.772727012634277	19.16666412353516	0.2499999850988388	73.8	0.8758620715338882	0.2095238075283447	batch-2025-12-04_3_bgl1100_Baffle_2	batch-2025-12-04_3_bgl1100_Baffle	293.51
115.0	24.0	6.0	2.5684531225191187	1.5798483298919048	1.357714818651857	-1.5732967974419605	0.1671378328362437	-0.0304914949819639	0.02803738317757	0.9469026548672566	0.4509803921568627	0.0009696185989215	0.010993730987192	0.0100723651863498	0.6355842615616376	0.0770026466311953	-1.573296797478687	24.67853707266048	38.4253629636066	33.77494655741546	0.7308692032846318	0.5797479638984456	0.5514818487359079	-1.1135888703876258	-2.042076525714804	-2.9503683923296933	24.67853707266048	51.15911975240759	0.7210770900881605	49.0	107.0	186.0	0.0	0.7876088619232178	0.946900486946106	0.5490195751190186	4.708333015441895	18.833330154418945	0.2499999850988388	75.0	0.87412587676659	0.2123893786514214	batch-2025-12-04_3_bgl1100_Baffle_3	batch-2025-12-04_3_bgl1100_Baffle	278.1
111.0	22.0	5.0	2.569044187655469	1.7404778274291348	1.536901495820966	-0.4260687290600188	0.9430064091292776	0.77063191646222	0.02803738317757	0.9553571428571428	0.4352941176470588	0.0011968865951094	0.012937939881492	0.0100746830888479	-0.4553330445993415	-0.6269644273189827	-0.4260687291332188	23.54935710833052	37.75767549030654	33.188394138871885	0.7579232910336586	0.5219807822765853	0.637095388574585	0.2047196048823905	-2.7730351176705423	-2.351015021325743	23.54935710833052	50.27038456137372	0.7210819968475771	47.0	107.0	184.0	0.0	0.7981632947921753	0.9553549289703368	0.5647058486938477	4.954545021057129	22.399995803833008	0.2173912823200225	71.8	0.8928571451530611	0.2018348605336251	batch-2025-12-04_3_bgl1100_Baffle_4	batch-2025-12-04_3_bgl1100_Baffle	286.21
111.0	22.0	5.0	2.1161908521247152	1.420058754027393	1.171498934405771	-0.9003679942833481	0.4536496634032658	0.1156745979658177	0.02803738317757	0.9545454545454546	0.4352941176470588	0.0013640264062806	0.0101799346936448	0.0082987876553935	-0.0713695023408756	-0.0309158174454682	-0.9003679942613769	23.54935710833052	37.75767549030654	33.17123853372151	0.6038448378452747	0.5248467221151544	0.6226523379978688	-0.3413225198161517	-1.9569702156245263	-1.796588753331135	23.54935710833052	50.25906012145816	0.7208256165034475	47.0	107.0	184.0	0.0	0.7981632947921753	0.9545432329177856	0.5647058486938477	4.954545021057129	21.99999618530273	0.2173912823200225	71.8	0.8905109513026799	0.2018348605336251	batch-2025-12-04_3_bgl1100_Baffle_5	batch-2025-12-04_3_bgl1100_Baffle	194.0
107.0	19.0	4.0	1.959415577398884	1.203799871493528	0.8314677282352096	-0.7263343197393972	0.3695485989112907	-0.1463634247767992	0.0247524752475247	0.9622641509433962	0.4196078431372549	0.0016184205384012	0.007667980479705	0.0076839826564656	0.2471990149485536	0.1502838046178298	-0.7263343197932832	22.421498756686724	37.46147831369848	31.5328032125655	0.5388234999078044	0.5031789260884376	0.6970907951093104	-0.3145970613968646	-1.6282696457442725	-0.6912339975322176	22.421498756686724	48.96611109624781	0.6996787831550402	44.0	109.0	183.0	0.0	0.820752739906311	0.9622617959976196	0.5803921222686768	5.578946590423584	26.4999942779541	0.2222221940755844	69.0	0.9062500021972656	0.1792452813278747	batch-2025-12-04_3_bgl1100_Baffle_6	batch-2025-12-04_3_bgl1100_Baffle	273.5
107.0	19.0	4.0	1.9737451000847144	1.1819926060100223	0.8324106581778188	-0.4877208300188796	0.3152152235376353	-0.1192690617013833	0.0247524752475247	0.9622641509433962	0.4196078431372549	0.0015785562926631	0.0076581647176331	0.0077401768630765	0.3397515093504899	0.1146992133691497	-0.4877208300728183	22.3148176189462	37.46147831369848	31.259174709209404	0.5412043676743504	0.501011823117241	0.6887746091350347	-0.1400820497083476	-1.4735804059316553	-0.4509914228513184	22.3148176189462	48.79035110499389	0.6953881832168796	44.0	109.0	183.0	0.0	0.8190456032752991	0.9622617959976196	0.5803921222686768	5.526315212249756	26.4999942779541	0.2222221940755844	69.0	0.9062500021972656	0.1809523792290249	batch-2025-12-04_3_bgl1100_Baffle_7	batch-2025-12-04_3_bgl1100_Baffle	499.3
107.0	19.0	4.0	2.0527333119179008	1.2469156066062514	0.8361436374701646	-0.526011876430113	0.5047732530468549	0.0658981805214144	0.0247524752475247	0.9622641509433962	0.4196078431372549	0.0017662909172398	0.0077270750427791	0.0080499345565383	0.502565742015076	-0.0665642265434389	-0.5260118764904594	22.3148176189462	37.432774885112266	31.234975868481463	0.5662023428783605	0.5155229971999479	0.7325260230019114	-0.100637473332771	-1.5805720790539122	-0.3468902006649692	22.3148176189462	48.75280866887682	0.6953842823515743	44.0	109.0	183.0	0.0	0.8217800855636597	0.9622617959976196	0.5803921222686768	5.611110687255859	26.4999942779541	0.2222221940755844	68.8	0.9062500021972656	0.1782178200176453	batch-2025-12-04_3_bgl1100_Baffle_8	batch-2025-12-04_3_bgl1100_Baffle	502.54
106.0	19.0	4.0	2.27034406458589	1.1401909286023932	0.7676293923733039	-0.9194831860211354	0.6078250055907066	0.260076591448519	0.0240549828178694	0.961904761904762	0.4156862745098039	0.0016206446918399	0.0073517483745196	0.0089033100571977	0.5677746115628024	-0.3345846427120705	-0.9194831860467714	21.968006607074287	37.08499557573636	31.20870796811188	0.5889437024561935	0.6427004252200254	0.8106561960008293	-0.5485117027431661	-1.13822313368976	-0.9104558674194604	21.968006607074287	48.469375381691016	0.6995652178955198	43.0	109.0	183.0	0.0	0.8190456032752991	0.961902379989624	0.5843137502670288	5.526315212249756	26.2499942779541	0.2222221940755844	67.99999999999999	0.9062500021972656	0.1809523792290249	batch-2025-12-04_3_bgl1100_Baffle_9	batch-2025-12-04_3_bgl1100_Baffle	607.73
106.0	19.0	4.0	2.1974919795017422	1.1611091725750222	0.8549755210132282	-0.9761413725568854	0.709252203533321	0.1827871933553362	0.022875816993464	0.9622641509433962	0.4156862745098039	0.0015987459691964	0.0080093231809911	0.0086176156058901	0.807079058220071	-0.2701715627921819	-0.9761413725361664	21.968006607074287	37.432774885112266	31.20870796811188	0.5726144581405039	0.6352360775504383	0.7377050200473142	-0.4391819686363545	-1.8851745822356487	-0.8476047283534974	21.968006607074287	48.73598350950129	0.6949704465876416	43.0	109.0	183.0	0.0	0.8240721225738525	0.9622617959976196	0.5843137502670288	5.684209823608398	26.4999942779541	0.2222221940755844	67.99999999999999	0.9062500021972656	0.1759259242969822	batch-2025-12-04_3_bgl1100_Baffle_11	batch-2025-12-04_3_bgl1100_Baffle	343.81
108.0	19.0	4.0	2.087303740163044	1.1661075642586918	0.9383720455913012	-1.364884239861878	0.221972921741383	-0.0274601542718937	0.0253968253968253	0.9622641509433962	0.4235294117647059	0.0015220065820253	0.0086228420369651	0.0081855048633861	-0.0211878082215137	-0.0158631548613638	-1.3648842399029109	22.519236722204305	37.74828446850642	32.331403410593	0.5648291157158287	0.5314785015038217	0.7262633522166229	-0.8313323280275425	-2.566439424553653	-1.4665233324817537	22.519236722204305	49.70163605771733	0.7082555319766216	44.0	108.0	184.0	0.0	0.8214266896247864	0.9622617959976196	0.5764706134796143	5.59999942779541	26.4999942779541	0.2222221940755844	69.19999999999999	0.9062500021972656	0.1785714269770408	batch-2025-12-04_3_bgl1100_Baffle_12	batch-2025-12-04_3_bgl1100_Baffle	313.52
96.0	17.0	4.0	2.664925085533543	1.1100089284884205	0.768008828547792	0.5239225408099206	0.1690893768971482	-0.2133371980554182	0.0222222222222222	0.9578947368421052	0.3764705882352941	0.0015088151254164	0.0075305598310471	0.0104506866099274	-0.4949844299048603	0.2978852012035466	0.5239225408066507	19.62766454155109	34.38088961849525	28.000264901945908	0.7070096991282514	0.6823441574586032	0.8579965616107224	0.5014373464914047	0.3871612037466164	0.5526795882347755	19.62766454155109	44.34027971876473	0.6834681527303422	39.0	111.0	178.0	0.0	0.8282806873321533	0.957892119884491	0.6235294342041016	5.82352876663208	23.7499942779541	0.2499999701976776	61.79999999999999	0.8947368448753462	0.1717171699826548	batch-2025-12-04_3_bgl1100_Baffle_13	batch-2025-12-04_3_bgl1100_Baffle	406.0
99.0	17.0	4.0	2.374700908505013	0.9426917398797674	0.76114175819026	-0.1157135309177294	0.3053302804834227	-0.2819881663751992	0.0222222222222222	0.9583333333333334	0.388235294117647	0.0014487825616129	0.0074638991872515	0.0093125525823842	-0.0224085132544377	0.3744105042717723	-0.1157135309525612	20.286484073259984	35.39540081549225	28.53772058572369	0.6164259202308856	0.6454260264579249	0.7803048147492926	0.0151862862858158	-0.4842774380345971	0.2811978711688714	20.286484073259984	45.46686590384461	0.6785433753915721	40.0	111.0	180.0	0.0	0.8282806873321533	0.9583307504653932	0.611764669418335	5.82352876663208	23.9999942779541	0.2499999701976776	63.4	0.8974359000657461	0.1717171699826548	batch-2025-12-04_3_bgl1100_Baffle_14	batch-2025-12-04_3_bgl1100_Baffle	396.81
96.0	17.0	4.0	2.4622286117876526	1.025224655025455	0.8067983508683995	0.1428952772193088	-0.0646832259256672	-0.1285846857691787	0.0222222222222222	0.9578947368421052	0.3764705882352941	0.0015195959342439	0.0079967802850748	0.0096557984776023	-0.3835826339364546	0.1891114264437995	0.1428952771949774	19.62766454155109	34.362798822901915	28.000264901945908	0.6466425830259843	0.6664224712144581	0.7867727003984625	0.1041845227277076	0.1100552516519261	0.2502254167699698	19.62766454155109	44.32625381782644	0.6837258799887984	39.0	111.0	178.0	0.0	0.8282806873321533	0.957892119884491	0.6235294342041016	5.82352876663208	23.7499942779541	0.2499999701976776	61.79999999999999	0.8947368448753462	0.1717171699826548	batch-2025-12-04_3_bgl1100_Baffle_15	batch-2025-12-04_3_bgl1100_Baffle	538.24
92.0	15.0	4.0	2.2183572134404144	1.066925551987093	0.9120473938998236	0.4088275608310289	0.2827334670919028	-0.2960152071851727	0.0201465201465201	0.956043956043956	0.3607843137254902	0.002062804713222	0.0098015969138836	0.0086994400527254	0.3680816201554111	0.2479251770335065	0.4088275608498358	18.490728572895208	33.70838335347048	26.29681171366456	0.6089467201703109	0.5360649086567062	0.8541676377976287	0.4001001254199095	0.223873785617239	-0.1105532880851551	18.490728572895208	42.75251354725767	0.6625050969704739	37.0	112.0	176.0	0.0	0.8369541764259338	0.9560412764549256	0.6392157077789307	6.1333327293396	22.7499942779541	0.2857142686843872	59.2	0.8899082599107818	0.1630434764886578	batch-2025-12-04_3_bgl1100_Baffle_16	batch-2025-12-04_3_bgl1100_Baffle	468.2
92.0	15.0	4.0	1.7586530529954725	0.9913098387139584	0.8606487659746452	-0.4612440411222089	0.0103352559811133	-0.1963883590978062	0.0191570881226053	0.956043956043956	0.3607843137254902	0.0020484750937323	0.0093487035668547	0.0068966786391966	0.6274851377376383	0.1701341905612664	-0.4612440411413739	18.490728572895208	33.70838335347048	26.043821896973345	0.4919157355318035	0.4444311347261538	0.7207474377586065	-0.3169540968948898	-1.1168038857319125	-0.137423913220944	18.490728572895208	42.597368079563246	0.657822377598	37.0	112.0	176.0	0.0	0.8369541764259338	0.9560412764549256	0.6392157077789307	6.1333327293396	22.7499942779541	0.2857142686843872	59.2	0.8899082599107818	0.1630434764886578	batch-2025-12-04_3_bgl1100_Baffle_17	batch-2025-12-04_3_bgl1100_Baffle	469.55
86.0	13.0	4.0	2.430847880600122	0.7528162212244438	0.8123885935323105	0.0393194045189913	0.1974149465202705	-0.5109439668734103	0.0182926829268292	0.9534883720930232	0.3372549019607843	0.0012813700837651	0.008854030749204	0.0095327367866618	1.7305197605283895	0.6085948659485063	0.0393194044450306	16.872209598496838	32.286082242875906	24.18022487101032	0.6194265085356687	0.73456307535268	0.7414791009131695	0.1121220363286879	-0.3825983189786735	0.6627136488831673	16.872209598496838	40.33701007023665	0.6428201101026859	34.0	113.0	174.0	0.0	0.8488346338272095	0.9534854888916016	0.6627451181411743	6.615384101867676	21.4999942779541	0.307692289352417	55.0	0.8834951490244132	0.1511627889399675	batch-2025-12-04_3_bgl1100_Baffle_18	batch-2025-12-04_3_bgl1100_Baffle	527.15
87.0	13.0	4.0	2.473954540569016	0.7501305993387163	0.8094791698988939	-0.6001595320846258	-0.0441932123133541	-0.3868026296095442	0.0182926829268292	0.9540229885057472	0.3411764705882353	0.0012490339467078	0.0088916347156238	0.0097017825120371	1.6599560547526615	0.4661766131753556	-0.6001595321411504	17.100863926816096	32.63345179391883	24.51227579699255	0.6265725625241076	0.756110409038057	0.7836924575156128	-0.560116213153589	-0.8706079162006821	0.0674589580608996	17.100863926816096	40.81413775560928	0.6442300121957085	34.0	113.0	174.0	0.0	0.8488346338272095	0.9540201425552368	0.6588234901428223	6.615384101867676	21.7499942779541	0.307692289352417	55.6	0.8846153879437869	0.1511627889399675	batch-2025-12-04_3_bgl1100_Baffle_19	batch-2025-12-04_3_bgl1100_Baffle	523.9
86.0	13.0	4.0	2.2432757408746737	0.7189452535334478	0.8666106184255975	-0.1124400111996043	0.0244896397145153	-0.1606581508396506	0.0182926829268292	0.9540229885057472	0.3372549019607843	0.0013217789159692	0.0094519370391818	0.0087971597681383	1.2552013519572365	0.2519648584345006	-0.1124400112824137	16.872209598496838	32.286082242875906	24.18022487101032	0.571212280428777	0.7019758706487879	0.617227672544335	-0.0693261168380741	-0.3554073520681189	0.6601786205017248	16.872209598496838	40.33701007023665	0.6428201101026859	34.0	113.0	174.0	0.0	0.8488346338272095	0.9540201425552368	0.6627451181411743	6.615384101867676	21.7499942779541	0.307692289352417	55.0	0.8846153879437869	0.1511627889399675	batch-2025-12-04_3_bgl1100_Baffle_20	batch-2025-12-04_3_bgl1100_Baffle	494.7
86.0	13.0	4.0	2.315949298690485	0.6873124168918064	0.7471302948634981	0.2175709289251106	-0.037848687274367	-0.3471961673076345	0.0182926829268292	0.9540229885057472	0.3372549019607843	0.0011423039900859	0.0081376502960586	0.0090821541125129	1.3507634649829068	0.4222095464976293	0.2175709288175243	16.872209598496838	32.286082242875906	24.18022487101032	0.5850433605973366	0.7159760208237983	0.6867236830065633	0.2638017347676881	-0.1507043899904549	0.9454069881666436	16.872209598496838	40.33701007023665	0.6428201101026859	34.0	113.0	174.0	0.0	0.8488346338272095	0.9540201425552368	0.6627451181411743	6.615384101867676	21.7499942779541	0.307692289352417	55.0	0.8846153879437869	0.1511627889399675	batch-2025-12-04_3_bgl1100_Baffle_21	batch-2025-12-04_3_bgl1100_Baffle	628.02
81.0	12.0	3.0	2.178358900533893	0.6355272032059082	0.73030994827415	0.6009183490709751	0.2721445370430949	-0.2863245470124259	0.0194805194805194	0.9625	0.3176470588235294	0.0013038412052887	0.0086999351384961	0.008542583923663	0.979925021864426	0.4112514312866258	0.6009183490306236	15.70678863785146	30.49024230943434	22.507952607982585	0.5503792612488609	0.684495022824013	0.7427235102981056	0.5087707715266848	0.755026162692655	0.1429924483642839	15.70678863785146	37.89805808601821	0.6359074198387031	32.0	114.0	171.0	0.0	0.8488346338272095	0.9624968767166138	0.6823529005050659	6.615384101867676	26.66665840148925	0.2499999850988388	51.6	0.9052631608864266	0.1511627889399675	batch-2025-12-04_3_bgl1100_Baffle_22	batch-2025-12-04_3_bgl1100_Baffle	623.69
80.0	12.0	3.0	2.311972072713701	0.6580430219458622	0.7484431272563268	0.5266023058958343	0.0061116304177377	-0.3886012805621212	0.0197368421052631	0.9625	0.3137254901960784	0.0013891398919241	0.0089091160194439	0.0090665571479021	1.1063014283448804	0.5654475567177917	0.5266023059084125	15.358373576306406	30.49024230943434	22.39712349041172	0.588906641835676	0.7142599114121306	0.778818133010329	0.4230465736502105	0.6014933123180338	0.1395200065350694	15.358373576306406	37.83234088359816	0.6335505533470746	31.0	114.0	171.0	0.0	0.8488346338272095	0.9624968767166138	0.686274528503418	6.615384101867676	26.66665840148925	0.2499999850988388	51.0	0.9052631608864266	0.1511627889399675	batch-2025-12-04_3_bgl1100_Baffle_23	batch-2025-12-04_3_bgl1100_Baffle	633.42
119.0	24.0	6.0	3.1895647472978603	1.8217870707051864	1.2270576526243713	-0.1361883425219513	0.9456253250701402	0.5910807384297465	0.0277777777777777	0.9504132231404958	0.4666666666666667	0.0014551644811754	0.0094997042961014	0.0125080970482204	0.0090132203782254	-0.4832992539200552	-0.136188342549366	25.525468359620582	39.79265801330162	35.27787168725007	0.8824661881852152	0.6852229030604694	0.8248503714811273	0.1984028503473617	-1.0749917789746724	-0.5858712468269263	25.525468359620582	53.178791473158334	0.7253299187426683	50.0	106.0	189.0	0.0	0.7966084480285645	0.9504112005233764	0.5333333015441895	4.916666507720947	20.16666412353516	0.2399999797344207	77.19999999999999	0.8807947043550721	0.2033898287848319	batch-2025-12-04_3_bgl1120_1	batch-2025-12-04_3_bgl1120	282.42
119.0	24.0	6.0	2.6697649632302545	1.7163075578215954	1.117003166849896	-0.2783759906394893	1.0250325572343455	0.491317319110567	0.0277777777777777	0.9504132231404958	0.4666666666666667	0.0015457461496558	0.0087660016612494	0.0104696665224736	0.3735257526696044	-0.3932478288866694	-0.2783759906475282	25.525468359620582	39.79265801330162	35.264965645417774	0.7531984085518962	0.5989571217111584	0.7119406800465469	0.1961843918955475	-1.683254996144987	-0.6943660000427196	25.525468359620582	53.170230709825525	0.7251482881449536	50.0	106.0	189.0	0.0	0.7966084480285645	0.9504112005233764	0.5333333015441895	4.916666507720947	20.16666412353516	0.2399999797344207	77.19999999999999	0.8807947043550721	0.2033898287848319	batch-2025-12-04_3_bgl1120_2	batch-2025-12-04_3_bgl1120	293.51
121.0	24.0	6.0	2.34537007882594	1.5982292112920984	1.1617531459780852	-0.1430793757327098	0.997252774199852	0.3813040209825163	0.0277777777777777	0.9504132231404958	0.4745098039215686	0.0013192174268849	0.0090217332346887	0.0091975297208852	0.1540600331783353	-0.2599396488322618	-0.1430793755739994	25.95918362220757	40.12860799505749	35.56372824563652	0.6656731822087247	0.5430053498416099	0.5974995839339968	0.2932344512648213	-1.1392675671609078	-0.6784517342251732	25.95918362220757	53.61980927185845	0.7251627720932113	51.0	105.0	189.0	0.0	0.7967463135719299	0.9504112005233764	0.5254901647567749	4.919999599456787	20.16666412353516	0.2399999797344207	78.6	0.8807947043550721	0.2032520308678696	batch-2025-12-04_3_bgl1120_3	batch-2025-12-04_3_bgl1120	278.1
117.0	23.0	5.0	2.9840061716338844	1.662200404258239	0.9958164302691136	-0.9139651192679424	0.757903874152403	0.457902566124464	0.027027027027027	0.956896551724138	0.4588235294117647	0.001570147909014	0.0079708991235581	0.0117019849867998	0.5897226856072824	-0.4361004572994422	-0.9139651191995808	24.85224084669963	39.43331140650644	34.4935041215044	0.8063079058494718	0.7283836023985127	0.8316296033840048	-0.4408523618106909	-1.7360601447405433	-1.1848251960517038	24.85224084669963	52.39072317751257	0.7186771110256244	49.0	106.0	188.0	0.0	0.8017223477363586	0.9568943977355956	0.541176438331604	5.043478012084961	23.199995040893555	0.2272727042436599	75.60000000000001	0.8958333355034722	0.1982758603596908	batch-2025-12-04_3_bgl1120_4	batch-2025-12-04_3_bgl1120	286.21
117.0	23.0	5.0	2.612114013344841	1.4898121434887632	1.014696632985151	-1.1639591639931737	0.1825840278235236	0.5435181027593451	0.027027027027027	0.9565217391304348	0.4588235294117647	0.0013497914665311	0.0082024393726749	0.0102435843660558	0.2003750908579955	-0.5651843228915241	-1.1639591639948237	24.85224084669963	39.13865914710307	34.33411674988119	0.709706408502796	0.6395867105785968	0.7153539054464692	-0.8442597389571143	-1.5762144077027236	-1.5545539458901372	24.85224084669963	52.064058743317226	0.7200989887183213	49.0	106.0	187.0	0.0	0.8017223477363586	0.956519603729248	0.541176438331604	5.043478012084961	22.99999618530273	0.2272727042436599	75.60000000000001	0.8958333355034722	0.1982758603596908	batch-2025-12-04_3_bgl1120_5	batch-2025-12-04_3_bgl1120	194.0
112.0	20.0	4.0	2.496691931756476	1.137242089653394	0.6713238633886541	-0.4790638967215308	0.7158951714065869	0.7581035512341642	0.0235849056603773	0.9636363636363636	0.4392156862745098	0.0013194711070213	0.005829818199391	0.0097909487519884	0.1040869536276909	-0.7924836004158814	-0.4790638967737348	23.529210741977693	38.79976192330653	32.8314855202948	0.6472375080982198	0.6370589586352153	0.7916789094481572	-0.3085619936726668	-0.6026338149490635	-0.5536967504103608	23.529210741977693	50.826449480310885	0.7022707154620547	46.0	108.0	186.0	0.0	0.8224279284477234	0.9636340737342834	0.5607843399047852	5.63157844543457	27.4999942779541	0.2105262875556945	72.2	0.9104477631989308	0.1775700917984103	batch-2025-12-04_3_bgl1120_6	batch-2025-12-04_3_bgl1120	273.5
112.0	20.0	4.0	2.411552270099826	1.1464056827964804	0.6447914024240344	-0.2640868263101689	0.8550321272910656	0.9202803266585156	0.0235849056603773	0.9636363636363636	0.4392156862745098	0.0012643198314347	0.0055631118814614	0.0094570677258826	-0.0051734336873051	-0.8898815673441414	-0.2640868263130021	23.529210741977693	38.79976192330653	32.8314855202948	0.6341165400652288	0.5891607994943027	0.7664846807694327	-0.0549039091737006	-0.5108246992464335	-0.3509944329643085	23.529210741977693	50.826449480310885	0.7022707154620547	46.0	108.0	186.0	0.0	0.8245595097541809	0.9636340737342834	0.5607843399047852	5.6999993324279785	27.4999942779541	0.2105262875556945	72.2	0.9104477631989308	0.175438594952293	batch-2025-12-04_3_bgl1120_7	batch-2025-12-04_3_bgl1120	499.3
112.0	20.0	4.0	2.5525601661507964	1.1704067931847113	0.6625701001752291	-0.1921772233692324	0.8673666838088678	0.910260945419647	0.0235849056603773	0.9636363636363636	0.4392156862745098	0.0012484120796298	0.0057336140512266	0.010010039867261	0.0520851161566237	-0.9090552759901608	-0.1921772233709351	23.529210741977693	38.7810125198334	32.8314855202948	0.6696945192352554	0.6157518772925353	0.8136452569151376	0.0112469064829443	-0.5113086130340919	-0.3035196385285467	23.529210741977693	50.81213805315421	0.7025090685322735	46.0	108.0	186.0	0.0	0.8224279284477234	0.9636340737342834	0.5607843399047852	5.63157844543457	27.4999942779541	0.2105262875556945	72.2	0.9104477631989308	0.1775700917984103	batch-2025-12-04_3_bgl1120_8	batch-2025-12-04_3_bgl1120	502.54
110.0	19.0	4.0	2.690614615020311	1.1945266909585868	0.6818182837238296	-0.0710711123176734	0.4061990844101878	0.6110758096370645	0.0235849056603773	0.9626168224299064	0.4313725490196078	0.0014517725520869	0.0060549805025557	0.010551429862826	-0.2091109397071539	-0.6499300316215658	-0.0710711123311628	22.97418262330708	38.43164255492676	32.525311220528486	0.7044396103104946	0.656183594901753	0.8731815192452386	0.0317003006321551	-0.3350225054065383	-0.1163856582074323	22.97418262330708	50.34766150936798	0.7023513783576184	45.0	108.0	185.0	0.0	0.8240721225738525	0.9626144766807556	0.5686274766921997	5.684209823608398	26.7499942779541	0.2105262875556945	70.8	0.9076923098224852	0.1759259242969822	batch-2025-12-04_3_bgl1120_9	batch-2025-12-04_3_bgl1120	607.73
111.0	19.0	4.0	2.453754205199312	1.0053838042557497	0.7018028149659515	-0.6883958136281167	0.6306126884957313	0.7711052905904616	0.0233644859813084	0.9636363636363636	0.4352941176470588	0.0012388229274117	0.0062102720260351	0.0096225655105849	0.1069848725749355	-0.8501287024295064	-0.688395813669029	23.186562458213523	38.77370143877096	32.8205091483736	0.623132127202702	0.6546184436233847	0.7802566398630428	-0.4682852605921142	-1.0999184666571766	-0.6362759966618952	23.186562458213523	50.79946598165599	0.7024371488650893	45.0	108.0	186.0	0.0	0.8272708058357239	0.9636340737342834	0.5647058486938477	5.789473056793213	27.4999942779541	0.2105262875556945	71.19999999999999	0.9097744381253886	0.1727272711570248	batch-2025-12-04_3_bgl1120_11	batch-2025-12-04_3_bgl1120	343.81
113.0	20.0	4.0	2.88740466069546	1.1442192394309845	0.6734603982141162	-0.6954863188289703	0.4919247943016603	0.4228728481841722	0.0235849056603773	0.963963963963964	0.4431372549019607	0.0013079574124543	0.005877576617436	0.011323155532145	-0.1686478767542944	-0.5238217432904676	-0.6954863188901813	23.6263095788876	39.128692192347714	33.30016236923338	0.7350563636387707	0.7435831524645345	0.910388921738922	-0.5212648100196684	-0.9587923876987852	-0.8012369965740501	23.6263095788876	51.38049597367468	0.7050987162491421	46.0	108.0	187.0	0.0	0.8245595097541809	0.9639617204666138	0.5568627119064331	5.6999993324279785	27.7499942779541	0.2105262875556945	72.39999999999999	0.9104477631989308	0.175438594952293	batch-2025-12-04_3_bgl1120_12	batch-2025-12-04_3_bgl1120	313.52
102.0	16.0	4.0	2.6521669116032323	0.9399181126225178	0.771468590418359	-0.1220387456879499	0.3092568856296153	-0.7610226858127207	0.0218855218855218	0.9615384615384616	0.4	0.0011656161418971	0.0070259350540407	0.0104006545553071	-0.1223305460878004	0.9135966718402228	-0.1220387457297323	20.847056880877982	36.7430445705251	29.73529296671708	0.6714074016812355	0.7555649531517096	0.6826956205917988	-0.0710940052610057	-0.218864578054015	0.0354367884491636	20.847056880877982	47.26773711664318	0.680371976517551	40.0	110.0	182.0	0.0	0.8383816480636597	0.9615360498428344	0.6000000238418579	6.187499046325684	25.9999942779541	0.2352940887212753	65.19999999999999	0.903225808792924	0.1616161599836751	batch-2025-12-04_3_bgl1120_13	batch-2025-12-04_3_bgl1120	406.0
103.0	17.0	4.0	2.2342027038467096	0.9792884337892316	0.6792729948509069	-0.7468234405187939	0.3716645287742371	-0.3978951105995451	0.0216666666666666	0.9611650485436892	0.403921568627451	0.001206393590293	0.0060562943340656	0.0087615792307755	0.5983257723918064	0.5934000151650691	-0.7468234405201778	21.18545497845372	36.754256300828125	30.170008658083745	0.5780130185846568	0.6255611735376505	0.5833465750028465	-0.4722402149371472	-1.2281033261400285	-0.373009806150333	21.18545497845372	47.55107547317738	0.6873301983189644	41.0	110.0	182.0	0.0	0.8365364074707031	0.9611626267433168	0.5960783958435059	6.117646217346191	25.7499942779541	0.2352940887212753	66.0	0.903225808792924	0.1634615368897929	batch-2025-12-04_3_bgl1120_14	batch-2025-12-04_3_bgl1120	396.81
102.0	16.0	4.0	2.553446672681041	0.948418366382791	0.8009097335970433	-0.7640540555225112	0.2790356776315712	-0.99085580471407	0.0216666666666666	0.9615384615384616	0.4	0.0013258942098682	0.0073605659799565	0.0100135163634503	0.6115149447100409	1.151701844433329	-0.7640540555710726	20.847056880877982	36.7430445705251	29.73529296671708	0.6444990011929819	0.7478002742469521	0.6498954797612003	-0.651237192604807	-0.8990901790412138	-0.763701026417505	20.847056880877982	47.26773711664318	0.680371976517551	40.0	110.0	182.0	0.0	0.8383816480636597	0.9615360498428344	0.6000000238418579	6.187499046325684	25.9999942779541	0.2352940887212753	65.19999999999999	0.903225808792924	0.1616161599836751	batch-2025-12-04_3_bgl1120_15	batch-2025-12-04_3_bgl1120	538.24
98.0	15.0	3.0	2.58859477260491	0.847937759966619	0.8786022922693691	-0.3624704239286572	0.4915917958141646	-0.1555674404251905	0.0219780219780219	0.9696969696969696	0.3843137254901961	0.0012830234228817	0.0089389722419306	0.0101513520494322	-0.6121351888279174	0.2037355098457358	-0.3624704240060515	19.71314174937092	35.667604681686974	28.354570503879668	0.6540715311781589	0.7374110411867623	0.8657772997576622	-0.3034979791859797	-0.3422472609600381	-0.6321613059862288	19.71314174937092	45.56489539314868	0.6716645275615852	38.0	111.0	180.0	0.0	0.8469365239143372	0.969694435596466	0.615686297416687	6.533332824707031	32.9999885559082	0.1874999850988388	62.2	0.92372881549842	0.1530612229279467	batch-2025-12-04_3_bgl1120_16	batch-2025-12-04_3_bgl1120	468.2
97.0	15.0	3.0	2.499119130355281	0.836750064290718	0.8450190647455127	-0.4149480310348173	0.4971062025151242	-0.0897566837353713	0.0219780219780219	0.9696969696969696	0.3803921568627451	0.0011786701381486	0.0086223622542308	0.0098004671778644	-0.4749771693911729	0.1391132315331616	-0.4149480311173107	19.50297219291333	35.621157699591485	28.38090404838407	0.631671878971096	0.7145836697678841	0.8407886031947323	-0.3583872446475478	-0.4095463869489553	-0.6333362731994513	19.50297219291333	45.544951316943454	0.672751740236504	38.0	111.0	180.0	0.0	0.8469365239143372	0.969694435596466	0.6196078062057495	6.533332824707031	32.9999885559082	0.1874999850988388	61.6	0.92372881549842	0.1530612229279467	batch-2025-12-04_3_bgl1120_17	batch-2025-12-04_3_bgl1120	469.55
90.0	14.0	3.0	2.2908422670968376	0.8173638859160447	0.8198702099178947	-0.7187783919085985	-0.3947082441530114	-0.4911113188381919	0.0205992509363295	0.967032967032967	0.3529411764705882	0.00191941461977	0.0091632768493613	0.0089836951650838	-0.0876863341750709	0.444479794589861	-0.7187783919572208	17.886123960603975	33.64324351788911	26.36755631035149	0.591343298535773	0.6454968266137819	0.8897298254739535	-0.5740423629269321	-1.303718284629258	-0.4001160194499887	17.886123960603975	42.744775823292656	0.6647473837730873	35.0	112.0	176.0	0.0	0.8478236794471741	0.9670302271842957	0.6470588445663452	6.571428298950195	30.333324432373047	0.2142857015132904	57.4	0.9166666689814814	0.152173911389414	batch-2025-12-04_3_bgl1120_18	batch-2025-12-04_3_bgl1120	527.15
90.0	14.0	3.0	2.4048185856170448	0.8143737188665746	0.8604974693122676	-0.6563279544223338	-0.7931404254253949	-0.4027862704203252	0.0208333333333333	0.967032967032967	0.3529411764705882	0.0019678024044971	0.0095342106080627	0.0094306611200659	-0.2142150606615132	0.3726810097792718	-0.6563279544576942	17.886123960603975	33.64324351788911	26.36755631035149	0.6168601797969069	0.6853561795072419	0.9105077035326468	-0.6285914849861224	-1.0186396970396436	-0.3157565403149598	17.886123960603975	42.744775823292656	0.6647473837730873	35.0	112.0	176.0	0.0	0.8478236794471741	0.9670302271842957	0.6470588445663452	6.571428298950195	30.333324432373047	0.2142857015132904	57.4	0.9166666689814814	0.152173911389414	batch-2025-12-04_3_bgl1120_19	batch-2025-12-04_3_bgl1120	523.9
89.0	13.0	3.0	2.426213763869681	0.8633630719276701	0.7511954917326195	0.2171660693514818	-0.0997948360696375	-0.3436894644091837	0.0196078431372549	0.9659090909090908	0.3490196078431372	0.0017728186353883	0.0084573874027055	0.009514563779878	-0.0768637781822963	0.2925947672471771	0.217166069320686	17.67892830388351	33.26632078482905	25.429081291641896	0.6320816355365817	0.6601267810493746	0.9207021925417846	0.2627555621971084	-0.1221697760461285	0.2213071614792284	17.67892830388351	41.87226138980412	0.6526593894858003	35.0	113.0	176.0	0.0	0.852270245552063	0.965906262397766	0.6509803533554077	6.769230365753174	29.333324432373047	0.2307692170143127	56.99999999999999	0.9134615409578402	0.1477272710485537	batch-2025-12-04_3_bgl1120_20	batch-2025-12-04_3_bgl1120	494.7
90.0	13.0	3.0	2.049076465139137	0.8609648197700714	0.7610452077543786	-0.1596723776919713	-0.3311661714162372	-0.5712256598108646	0.0196078431372549	0.9662921348314606	0.3529411764705882	0.0019293726137007	0.0085166730948508	0.0080355939809362	0.1271174378876723	0.5465403578278166	-0.1596723777278927	17.786847326111747	33.615850571625835	25.503243892171177	0.5441570143955358	0.544917594772219	0.819230264821478	-0.1127331614510974	-0.517854640291131	0.0691079587180216	17.786847326111747	42.195270572392864	0.6490250917660274	35.0	113.0	176.0	0.0	0.852270245552063	0.9662893414497375	0.6470588445663452	6.769230365753174	29.666656494140625	0.2307692170143127	57.4	0.9134615409578402	0.1477272710485537	batch-2025-12-04_3_bgl1120_21	batch-2025-12-04_3_bgl1120	628.02
85.0	12.0	3.0	2.6126625814365068	0.8240739868520081	0.7521831582487551	0.2896402570005852	0.2745259527580372	-0.4351527980714238	0.0185185185185185	0.9642857142857142	0.3333333333333333	0.0016255103477097	0.0086514165082846	0.0102457356134801	0.2523497277038591	0.4718392992457476	0.2896402569726926	16.643574809296346	31.9368451129812	23.84734337935258	0.6691082610030767	0.7669967108764988	0.9319242578927792	0.3367773086498439	0.0400427459978271	0.6082887564319199	16.643574809296346	39.85797112276668	0.6413877943261337	33.0	113.0	173.0	0.0	0.8571402430534363	0.964282751083374	0.6666666269302368	6.999999523162842	27.99999046325684	0.2499999850988388	54.4	0.90909091184573	0.1428571411564626	batch-2025-12-04_3_bgl1120_22	batch-2025-12-04_3_bgl1120	623.69
84.0	12.0	3.0	2.6372889221951765	0.7936019006967607	0.7510982723005728	-0.5587811562291953	-0.1213529530362759	-0.540844930921287	0.0185185185185185	0.963855421686747	0.3294117647058823	0.0015837823727588	0.0086379406830672	0.0103423094988017	0.1692113908019082	0.5606727073376093	-0.5587811562640872	16.28025177143048	31.898145767495723	23.753283915356626	0.6665791151899723	0.8191131487624447	0.8927211595087697	-0.5955486112717542	-0.5993135012321428	-0.4608062794985507	16.28025177143048	39.77072038784242	0.640074955244485	33.0	113.0	173.0	0.0	0.8536558747291565	0.9638524055480956	0.6705882549285889	6.833333015441895	27.66665840148925	0.2499999850988388	53.4	0.90909091184573	0.1463414616299821	batch-2025-12-04_3_bgl1120_23	batch-2025-12-04_3_bgl1120	633.42
98.0	15.0	5.0	2.465425153866991	0.9983329467594684	1.050531427502984	-0.5597868226543641	1.2279191367407445	-0.7007118656212145	0.017921146953405	0.9489795918367347	0.3843137254901961	0.0018865024281586	0.0104057669964441	0.0096683339367329	0.155440963546991	0.8669615518325177	-0.5597868226373665	19.843011073140524	35.751997295966895	27.95733102807393	0.6234445962504321	0.7225016787049537	0.8587442787174066	-0.2192887577994303	-1.0106717197565884	0.1399416665977234	19.843011073140524	45.38521420974159	0.6636558748086995	39.0	111.0	180.0	0.0	0.8469365239143372	0.9489771127700806	0.615686297416687	6.533332824707031	19.59999656677246	0.3333333134651184	62.8	0.8728813591640332	0.1530612229279467	batch-2025-12-04_4_bgl1050_1	batch-2025-12-04_4_bgl1050	578.91
98.0	15.0	5.0	2.396370575196765	0.7255090495185708	1.1388438656875877	-1.821983808939895	0.1112179083030068	-0.4560622056279823	0.017921146953405	0.9489795918367347	0.3843137254901961	0.0018021801743864	0.0113260130176702	0.0093975316674313	0.3606844543434632	0.6041678781595322	-1.821983808940953	19.843011073140524	35.751997295966895	27.95733102807393	0.5798092298295404	0.7631962207173106	0.8033029346826817	-1.8590581046401249	-1.7492770892316585	-0.4439460208501613	19.843011073140524	45.38521420974159	0.6636558748086995	39.0	111.0	180.0	0.0	0.8469365239143372	0.9489771127700806	0.615686297416687	6.533332824707031	19.59999656677246	0.3333333134651184	62.8	0.8728813591640332	0.1530612229279467	batch-2025-12-04_4_bgl1050_2	batch-2025-12-04_4_bgl1050	530.77
98.0	15.0	5.0	2.303360874380112	0.8376227871792643	1.208428713471265	-1.119985453009804	0.4775793786994853	-0.7680763809347997	0.017921146953405	0.9489795918367347	0.3843137254901961	0.0019249038423081	0.0120952383525052	0.0090327877426719	0.1967752041108771	0.8687637358758928	-1.119985452988412	19.843011073140524	35.751997295966895	27.95733102807393	0.5674697045488978	0.7122272991424785	0.8293864698074392	-1.004591196098107	-1.201549198211483	0.2442963409475705	19.843011073140524	45.38521420974159	0.6636558748086995	39.0	111.0	180.0	0.0	0.8469365239143372	0.9489771127700806	0.615686297416687	6.533332824707031	19.59999656677246	0.3333333134651184	62.8	0.8728813591640332	0.1530612229279467	batch-2025-12-04_4_bgl1050_3	batch-2025-12-04_4_bgl1050	538.35
98.0	15.0	5.0	3.006201091794044	0.8743364667530882	1.1098979704010898	-0.8284003639124146	0.0009769054575985	-0.8151725585134953	0.017921146953405	0.9489795918367347	0.3843137254901961	0.0016386545324496	0.011143876028828	0.0117890238893908	0.1341154655404385	0.8602904814036678	-0.8284003639807888	19.843011073140524	35.751997295966895	27.95733102807393	0.7494344477038212	0.876030244159987	0.976933547416251	-0.8151531694659576	-0.915795128238269	-0.1357404557157876	19.843011073140524	45.38521420974159	0.6636558748086995	39.0	111.0	180.0	0.0	0.8469365239143372	0.9489771127700806	0.615686297416687	6.533332824707031	19.59999656677246	0.3333333134651184	62.8	0.8728813591640332	0.1530612229279467	batch-2025-12-04_4_bgl1050_4	batch-2025-12-04_4_bgl1050	513.47
98.0	15.0	5.0	2.696779097307975	0.7537115390257046	1.1479030460723365	-1.1548258121736876	-0.1474705316137568	-0.4341936608115485	0.017921146953405	0.9489795918367347	0.3843137254901961	0.001724374784027	0.0112872086949636	0.0105756043031646	-0.103723724171951	0.5449119029217271	-1.1548258122363206	19.843011073140524	35.751997295966895	27.95733102807393	0.6560404975720916	0.8473606952812658	0.8036361856364967	-1.2285491757301032	-0.9463016631850116	-0.5013189217039458	19.843011073140524	45.38521420974159	0.6636558748086995	39.0	111.0	180.0	0.0	0.8469365239143372	0.9489771127700806	0.615686297416687	6.533332824707031	19.59999656677246	0.3333333134651184	62.8	0.8728813591640332	0.1530612229279467	batch-2025-12-04_4_bgl1050_5	batch-2025-12-04_4_bgl1050	571.88
93.0	14.0	5.0	3.73202124793908	1.1131319581836083	1.2429105872839743	-2.0017312714719098	-1.2473974229961635	-0.6224003425988768	0.0170454545454545	0.9489795918367347	0.3647058823529411	0.0018450694846409	0.0126133700819124	0.0146353774428959	0.826067527731653	0.7016076502494422	-2.0017312714415483	18.59664811107513	34.38871051247955	26.224728557777272	0.9467679373693352	1.1035292153494227	1.1349565605025378	-2.168826210750176	-2.3039418777727314	-2.832367668734726	18.59664811107513	43.24719411291581	0.6515145823823969	37.0	112.0	177.0	0.0	0.8494600057601929	0.9489771127700806	0.6352940797805786	6.642856597900391	19.59999656677246	0.3333333134651184	59.6	0.8728813591640332	0.1505376327899179	batch-2025-12-04_4_bgl1050_6	batch-2025-12-04_4_bgl1050	645.43
96.0	14.0	5.0	3.020034013759834	1.0389455870169144	1.1425226710708494	-0.2741230348222856	-1.0898915877324045	-0.6458952190800136	0.017921146953405	0.9489795918367347	0.3764705882352941	0.0016367957663525	0.0114575079700455	0.0118432706421964	-0.0445945155491574	0.6937735107285177	-0.2741230348586448	19.259022155197407	35.34302677782453	27.95733102807393	0.7728970396218837	0.8550186379146889	0.9000505635693703	-0.3495863066454598	-0.2121036804538218	-0.2975509582637275	19.259022155197407	45.06375372770589	0.6692463434826139	37.0	111.0	180.0	0.0	0.8494600057601929	0.9489771127700806	0.6235294342041016	6.642856597900391	19.59999656677246	0.3333333134651184	60.99999999999999	0.8728813591640332	0.1505376327899179	batch-2025-12-04_4_bgl1050_7	batch-2025-12-04_4_bgl1050	612.98
91.0	14.0	3.0	3.302624683981868	1.2166423962586457	1.2955299374387528	0.3841690637473262	-0.4546161923665812	-0.2224583452806871	0.017921146953405	0.9662921348314606	0.3568627450980392	0.0018790420322495	0.0131967918038138	0.0129514693489482	0.4580825263292888	0.3172424074473511	0.3841690637100919	17.89321518407629	34.29090471094767	26.09286873789744	0.8550983717683892	0.9560966760112778	0.8448136263076516	0.3891347713050621	-0.0074459041217201	0.8942155139102749	17.89321518407629	43.08948763757163	0.6504576682207542	35.0	112.0	177.0	0.0	0.8494600057601929	0.9662893414497375	0.6431372165679932	6.642856597900391	29.666656494140625	0.2499999850988388	57.6	0.915094342025632	0.1505376327899179	batch-2025-12-04_4_bgl1050_8	batch-2025-12-04_4_bgl1050	660.03
91.0	14.0	3.0	3.035117676655885	1.1259319524990437	1.426110736341872	0.395328023529699	-0.3468971787292222	0.0458644938058388	0.0203703703703703	0.9662921348314606	0.3568627450980392	0.002074934639414	0.0148657251707446	0.011902422261401	-0.2700835184625816	0.0377861398589979	0.3953280235309652	17.89321518407629	34.159504652542026	25.892271511828906	0.7848409353032473	0.9168677885018488	0.6752388859297569	0.3397152095664716	0.2640920169316698	1.1819479772615606	17.89321518407629	42.863521578952266	0.6485897098043572	35.0	112.0	177.0	0.0	0.8494600057601929	0.9662893414497375	0.6431372165679932	6.642856597900391	29.666656494140625	0.2142857015132904	57.6	0.915094342025632	0.1505376327899179	batch-2025-12-04_4_bgl1050_9	batch-2025-12-04_4_bgl1050	645.97
100.0	15.0	5.0	2.0896275024649302	0.7584329585199189	1.1904474568737513	-1.5992027039080474	0.3464050600096777	-0.3273824528174425	0.017921146953405	0.9489795918367347	0.392156862745098	0.0020663467151503	0.0118490888901951	0.008194617656726	0.4601552983453745	0.4584799394516128	-1.5992027039301429	20.18448342307156	36.61989790284614	28.106070195909844	0.4970715874769311	0.7030910447563423	0.7586155599277251	-1.5283377250587626	-1.6321590099028331	-0.0645074328558353	20.18448342307156	46.16241007868076	0.6546124863981474	39.0	111.0	181.0	0.0	0.8514829874038696	0.9489771127700806	0.6078431606292725	6.733333110809326	19.59999656677246	0.3333333134651184	63.8	0.8728813591640332	0.1485148500147044	batch-2025-12-04_4_bgl1050_10	batch-2025-12-04_4_bgl1050	611.36
93.0	14.0	5.0	3.0698782178043325	1.1872571078371272	1.1663531150499504	0.1633419346019755	-0.7660191584267398	-0.5268807219599028	0.0170454545454545	0.9489795918367347	0.3647058823529411	0.0015830956095883	0.0117893113284723	0.012038738109026	0.2910287853618585	0.5705793805750714	0.1633419345966875	18.59664811107513	34.38871051247955	26.224728557777272	0.8017185629831101	0.8434226640319651	0.8937882023733488	0.0775842947686419	0.0610180861129811	0.3884265866681863	18.59664811107513	43.24719411291581	0.6515145823823969	37.0	112.0	177.0	0.0	0.8494600057601929	0.9489771127700806	0.6352940797805786	6.642856597900391	19.59999656677246	0.3333333134651184	59.6	0.8728813591640332	0.1505376327899179	batch-2025-12-04_4_bgl1050_11	batch-2025-12-04_4_bgl1050	643.81
96.0	14.0	5.0	3.11438420013766	1.0424367781087889	1.1595898812018317	-0.1365749007530144	-1.0378012950982192	-0.6056427084448495	0.017921146953405	0.9489795918367347	0.3764705882352941	0.0017007883074237	0.0117009565667768	0.0122132713730969	-0.1891541486255287	0.6488577845072897	-0.1365749007535778	19.062277518412287	35.34302677782453	27.01695317584739	0.7912503395218908	0.8985549873649675	0.9294830960527198	-0.1963444045024286	-0.1385640693748399	-0.0863805725301811	19.062277518412287	44.486461993779095	0.6526668676550152	37.0	112.0	180.0	0.0	0.8494600057601929	0.9489771127700806	0.6235294342041016	6.642856597900391	19.59999656677246	0.3333333134651184	60.99999999999999	0.8728813591640332	0.1505376327899179	batch-2025-12-04_4_bgl1050_12	batch-2025-12-04_4_bgl1050	650.84
80.0	12.0	1.0	2.558034002775039	1.0853959544993106	0.939462580439823	0.6797319698203377	-0.031622186057395	1.3452286184765017	0.0244444444444444	0.988095238095238	0.3137254901960784	0.0023923249934078	0.0117175157107322	0.010031505893231	-0.2876857472787567	-1.361064300163774	0.6797319698173546	15.323564132758062	30.377415052779188	23.57472350428278	0.6432335344364591	0.8894248177475694	0.945795494809239	0.4867735038558909	0.6058339850627681	-0.0059549005308656	15.323564132758062	38.45198218027516	0.659972520007842	31.0	113.0	171.0	0.0	0.8499972820281982	0.9880921840667723	0.686274528503418	6.666666030883789	83.99992370605469	0.0714285671710968	50.4	0.9690721659049846	0.149999998125	batch-2025-12-04_4_bgl1050_13	batch-2025-12-04_4_bgl1050	742.78
80.0	12.0	1.0	2.507365374586496	0.946265230467034	0.8387533985512035	0.5597982840593633	0.2292268168078706	1.512218913133734	0.0249999999999999	0.988095238095238	0.3137254901960784	0.0020914547494532	0.0103254650155391	0.0098328053905367	-0.3664301612487892	-1.5365808446124616	0.5597982840715805	15.323564132758062	30.377415052779188	23.57472350428278	0.6221626381558318	0.8749482348017593	0.8522021904171551	0.4388228385410031	0.5319841621921041	-0.3088426305415113	15.323564132758062	38.45198218027516	0.659972520007842	31.0	113.0	171.0	0.0	0.8499972820281982	0.9880921840667723	0.686274528503418	6.666666030883789	83.99992370605469	0.0714285671710968	50.4	0.9690721659049846	0.149999998125	batch-2025-12-04_4_bgl1050_14	batch-2025-12-04_4_bgl1050	739.53
84.0	12.0	1.0	2.6086950509716145	1.0688861599343324	0.8144514832589048	0.5234885873421752	0.1439130083231344	1.5095031342797096	0.0220883534136546	0.988095238095238	0.3294117647058823	0.0021950434377426	0.0094102391678637	0.0102301766704822	0.3650569209766278	-1.3854415586624624	0.523488587366673	16.258361486331637	31.82821245838169	24.42624915116075	0.6505590310750325	0.929529434742414	0.7036045059650954	0.554139630045255	0.1438270932473078	-0.1441035655529997	16.258361486331637	40.12077710975281	0.6545697107875507	32.0	113.0	174.0	0.0	0.8499972820281982	0.9880921840667723	0.6705882549285889	6.666666030883789	83.99992370605469	0.0833333283662796	53.0	0.9690721659049846	0.149999998125	batch-2025-12-04_4_bgl1050_15	batch-2025-12-04_4_bgl1050	733.04
78.0	12.0	1.0	2.474621007203669	0.9497804444815316	0.6789376103205942	0.6756843136292945	-0.4128928751489497	1.4906131314570752	0.0241228070175438	0.9871794871794872	0.3058823529411765	0.0018343712353918	0.0085980976437164	0.0097043961066775	-1.1189190570600305	-1.434304772804298	0.675684313585919	14.643142732267872	29.333113477398616	22.155142755941604	0.625993916873207	0.8277487667785945	0.9327879369709726	0.4913014007186601	0.7680114172408006	0.5341512810800393	14.643142732267872	36.75978640871157	0.6468810619164972	30.0	114.0	169.0	0.0	0.8441530466079712	0.987176239490509	0.6941176652908325	6.416666030883789	77.99992370605469	0.0833333283662796	48.8	0.9666666677777778	0.1558441538202058	batch-2025-12-04_4_bgl1050_16	batch-2025-12-04_4_bgl1050	824.99
78.0	12.0	1.0	2.429429101241848	1.0424436795866552	0.7856533063608688	0.1610982415110441	-0.2915425128235883	1.3381928930595783	0.0241228070175438	0.9871794871794872	0.3058823529411765	0.0019482616582211	0.009923016302511	0.0095271729460484	-0.97410895930353	-1.290791337584325	0.1610982414426716	14.643142732267872	29.333113477398616	22.155142755941604	0.6364467760590242	0.7740755037561977	0.9357202008590372	-0.0079615947821527	0.4620181361509528	0.2687490225783583	14.643142732267872	36.75978640871157	0.6468810619164972	30.0	114.0	169.0	0.0	0.8441530466079712	0.987176239490509	0.6941176652908325	6.416666030883789	77.99992370605469	0.0833333283662796	48.8	0.9666666677777778	0.1558441538202058	batch-2025-12-04_4_bgl1050_17	batch-2025-12-04_4_bgl1050	842.83
71.0	10.0	1.0	2.3281121549808272	0.963373048374935	1.3746539708179235	1.511948895563873	0.8407379517377732	0.2487864480893136	0.0222222222222222	0.987012987012987	0.2784313725490196	0.0032771269172648	0.019338432264955	0.0091298515881818	-0.1078261881072771	-0.263170119812556	1.511948895458304	13.007312501309311	27.97758214256645	20.0962730523041	0.6418624353506719	0.6256559637835652	1.140737348854536	1.5151807219474485	1.1420091425167276	0.8815569170940155	13.007312501309311	34.44713766246504	0.6229019800168805	27.0	115.0	167.0	0.0	0.8591518402099609	0.9870097041130066	0.7215685844421387	7.09999942779541	76.99992370605469	0.0833333283662796	45.2	0.9666666677777778	0.1408450684388018	batch-2025-12-04_4_bgl1050_18	batch-2025-12-04_4_bgl1050	898.0
71.0	10.0	0.0	2.9374038780605303	1.0354551039321145	1.098801681342191	0.7597189629495688	0.7785772524308552	1.313419187348695	0.0234741784037558	1.0	0.2784313725490196	0.0024999852375184	0.0152312459302457	0.0115192308943565	-1.5203633329525998	-1.362487988404867	0.7597189629146223	13.007312501309311	27.97758214256645	20.0962730523041	0.8040563398121776	0.7841249959636467	1.2055921242510188	0.7477540848331761	0.8388326033125962	0.354060179569429	13.007312501309311	34.44713766246504	0.6229019800168805	27.0	115.0	167.0	0.0	0.8591518402099609	0.9999963641166688	0.7215685844421387	7.09999942779541	1000.0	0.0	45.2	1.0	0.1408450684388018	batch-2025-12-04_4_bgl1050_19	batch-2025-12-04_4_bgl1050	908.82
71.0	10.0	1.0	2.3367990571125565	0.9313552160590236	1.3725873540206752	1.3849754237219745	0.6573368035884097	0.292423550750595	0.0222222222222222	0.987012987012987	0.2784313725490196	0.0032541595751565	0.0193393762967329	0.0091639178710173	-0.268413198020707	-0.3102482210383224	1.3849754236338048	13.007312501309311	27.97758214256645	20.0962730523041	0.6435511450645742	0.6123249914407773	1.1620453609865076	1.3520295002892595	1.3255135372995503	0.7621669221553559	13.007312501309311	34.44713766246504	0.6229019800168805	27.0	115.0	167.0	0.0	0.8591518402099609	0.9870097041130066	0.7215685844421387	7.09999942779541	76.99992370605469	0.0833333283662796	45.2	0.9666666677777778	0.1408450684388018	batch-2025-12-04_4_bgl1050_20	batch-2025-12-04_4_bgl1050	904.49
71.0	10.0	1.0	2.386852771385919	0.9813654072857864	1.360898422211643	1.314663101266699	1.052048313222181	0.2580936088470778	0.0234741784037558	0.987012987012987	0.2784313725490196	0.0032160270769206	0.0191525732736758	0.009360206946609	-0.2796802437709058	-0.2771812363241576	1.314663101184372	13.007312501309311	27.97758214256645	20.0962730523041	0.6672941232778076	0.5910528170383814	1.1766970766459537	1.3200123715147265	1.1690357853713558	0.6822595534937959	13.007312501309311	34.44713766246504	0.6229019800168805	27.0	115.0	167.0	0.0	0.8591518402099609	0.9870097041130066	0.7215685844421387	7.09999942779541	76.99992370605469	0.0833333283662796	45.2	0.9666666677777778	0.1408450684388018	batch-2025-12-04_4_bgl1050_21	batch-2025-12-04_4_bgl1050	855.27
70.0	10.0	1.0	1.929120053469673	1.158683109686076	1.1264740911494555	0.9748695183636736	0.003174363269701	0.5382344876735825	0.017156862745098	0.9857142857142858	0.2745098039215686	0.003039762201582	0.015853545405948	0.0075651766802733	0.3149835199232745	-0.5309847286446259	0.974869518325544	12.469902125579722	27.97758214256645	18.92881656081297	0.5490443574526388	0.642134042790065	0.8222658377319266	1.119660478732767	-0.4598301306030959	1.6747961790411874	12.469902125579722	33.779360546596514	0.5948280399361138	26.0	116.0	167.0	0.0	0.8591518402099609	0.985710620880127	0.7254902124404907	7.09999942779541	69.99993133544922	0.1249999850988388	43.8	0.9620253178977728	0.1408450684388018	batch-2025-12-04_4_bgl1050_22	batch-2025-12-04_4_bgl1050	932.07
70.0	10.0	1.0	1.9376272630696327	1.0523583835061077	1.1001806499158266	-0.888911539886388	-0.4111519681595732	0.7343506046996973	0.0182291666666666	0.9852941176470588	0.2745098039215686	0.0029837207819214	0.0156365189577575	0.0075985382865512	-0.1017710106116903	-0.7364666225153731	-0.8889115399228725	12.469902125579722	27.84473278630588	18.92881656081297	0.5255720589620506	0.7195064202614141	0.7594090112472541	-0.8568952600994774	-0.5153686356578215	-0.7537318451497441	12.469902125579722	33.66941104821534	0.5970390785488364	26.0	116.0	167.0	0.0	0.8591518402099609	0.9852903485298156	0.7254902124404907	7.09999942779541	67.99993896484375	0.0999999940395355	43.8	0.9620253178977728	0.1408450684388018	batch-2025-12-04_4_bgl1050_23	batch-2025-12-04_4_bgl1050	852.57
99.0	16.0	3.0	2.8621530070821315	1.0813610787862673	0.8176662354978541	-0.1879075319390344	0.6481172612847074	-0.0395109302178577	0.0228070175438596	0.9693877551020408	0.388235294117647	0.001624782437697	0.0083158339006783	0.0112241294395346	0.1936620384552246	0.0009480901885486	-0.1879075319649877	20.050843784179328	35.367143730329786	28.93534610037089	0.7420890470753214	0.7471675185161679	1.0329624092193657	0.0105130630231656	-0.7576748413535692	0.0083425364617813	20.050843784179328	45.69561367998087	0.685705665638415	40.0	110.0	180.0	0.0	0.8333312273025513	0.9693852066993712	0.611764669418335	5.999999523162842	32.666656494140625	0.1874999850988388	63.0	0.9230769250493096	0.1666666650326797	batch-2025-12-04_4_bgl1100_1	batch-2025-12-04_4_bgl1100	578.91
98.0	16.0	3.0	2.7038271037689268	0.9048723812379796	0.8941689375378993	-0.4345999353025075	0.0168646146785805	-0.0019758013737689	0.0228070175438596	0.9693877551020408	0.3843137254901961	0.0016557337123742	0.0091455666512055	0.0106032435441858	-0.2827866615298497	-0.0161829005155791	-0.4345999353408621	19.94216829239366	35.36613880531869	28.884396579150167	0.6757384135899712	0.7972470703773576	0.9274706389712348	-0.3780992682472606	-0.5913045263420196	-0.5203975159425702	19.94216829239366	45.662590155823295	0.6848560162921844	39.0	110.0	180.0	0.0	0.8316810727119446	0.9693852066993712	0.615686297416687	5.941175937652588	32.666656494140625	0.1874999850988388	62.6	0.9230769250493096	0.168316830016665	batch-2025-12-04_4_bgl1100_2	batch-2025-12-04_4_bgl1100	530.77
99.0	16.0	3.0	2.532822662878524	0.90386156390649	0.8783497409252917	-0.6742620261045333	0.0884591594913805	0.0860653737968092	0.0228070175438596	0.9693877551020408	0.388235294117647	0.0014507550346585	0.0087905325930206	0.0099326378936436	0.0128529184286894	-0.0902319097666854	-0.6742620261253031	20.295137883299425	35.397598591640985	28.93534610037089	0.6401163289368575	0.7278135204148676	0.8534063986924585	-0.5338832065864983	-1.020817051776653	-0.3866759923254934	20.295137883299425	45.7191889692194	0.6852838600896003	40.0	110.0	180.0	0.0	0.8316810727119446	0.9693852066993712	0.611764669418335	5.941175937652588	32.666656494140625	0.1874999850988388	63.6	0.9230769250493096	0.168316830016665	batch-2025-12-04_4_bgl1100_3	batch-2025-12-04_4_bgl1100	538.35
96.0	16.0	3.0	3.06122145332694	1.0265640300995578	0.9214763289189492	0.2563494152503708	0.2256219704361436	-0.0663202600694151	0.0228070175438596	0.9693877551020408	0.3764705882352941	0.0017703418558287	0.0094466838714881	0.0120047900130556	-0.3195592575413093	0.0453104886963384	0.2563494151849778	19.59065798006232	34.708184599889776	28.39731879993032	0.7778091213735335	0.8509597113667297	1.053139914515584	0.3215151467091481	-0.0299240913385138	0.0952029735610497	19.59065798006232	44.84490821982917	0.6857245614733539	39.0	110.0	178.0	0.0	0.8315767049789429	0.9693852066993712	0.6235294342041016	5.937499523162842	32.666656494140625	0.1874999850988388	61.6	0.9230769250493096	0.1684210508587257	batch-2025-12-04_4_bgl1100_4	batch-2025-12-04_4_bgl1100	513.47
98.0	16.0	3.0	2.7074522560689847	0.9223234600830384	0.919465560356042	-0.2590153805737772	-0.0158096346657069	0.0662285508382758	0.0228070175438596	0.96875	0.3843137254901961	0.0016667131999545	0.0094060119264374	0.0106174598277144	-0.3067126441041043	-0.0941715116146636	-0.2590153806170764	19.94216829239366	35.32976541438298	28.83176634090669	0.6796496881906524	0.7895475901070397	0.9315851176975408	-0.2256400622200291	-0.3694647338919279	-0.4200778552376988	19.94216829239366	45.60113018963425	0.684466678430238	39.0	110.0	180.0	0.0	0.8316810727119446	0.96874737739563	0.615686297416687	5.941175937652588	31.99999046325684	0.1874999850988388	62.6	0.922413795109988	0.168316830016665	batch-2025-12-04_4_bgl1100_5	batch-2025-12-04_4_bgl1100	571.88
93.0	15.0	3.0	3.425231342204815	0.988305491426465	0.7957439124752238	-3.1509045099028765	-0.684579410596634	-0.1745618146310698	0.0222222222222222	0.9677419354838708	0.3647058823529411	0.0015160493909169	0.0083328152844709	0.0134322797733488	0.1682303305984829	-0.0791012769283236	-3.150904509915665	18.73849003572349	34.0216915187021	27.22459476815915	0.8729491521573489	0.9893843173855996	1.1725546264749624	-3.211806775535404	-3.8516385624393457	-3.888233408814324	18.73849003572349	43.573547641708096	0.6748707159818474	37.0	111.0	177.0	0.0	0.8387073874473572	0.9677392244338988	0.6352940797805786	6.199999809265137	30.99999046325684	0.199999988079071	59.6	0.9189189211102994	0.1612903208463406	batch-2025-12-04_4_bgl1100_6	batch-2025-12-04_4_bgl1100	645.43
95.0	15.0	3.0	2.739586062066868	0.8994508165307019	0.8644729573159184	-0.2533306323724662	-0.0395987697856284	-0.3055350761669702	0.0222222222222222	0.9677419354838708	0.3725490196078431	0.0016737495321864	0.0090205602330533	0.0107434747532046	0.2401621517451411	0.3265437002811268	-0.2533306324121934	19.157627448677765	34.708184599889776	27.40120555598813	0.6883990206127777	0.7996850513301861	0.96135943400291	-0.2480451320990432	-0.4065084916078243	0.0585076205666436	19.157627448677765	44.220856438354296	0.6682895464053594	38.0	111.0	178.0	0.0	0.8387073874473572	0.9677392244338988	0.6274509429931641	6.199999809265137	30.99999046325684	0.199999988079071	60.8	0.9189189211102994	0.1612903208463406	batch-2025-12-04_4_bgl1100_7	batch-2025-12-04_4_bgl1100	612.98
92.0	15.0	3.0	2.7137130824517364	0.8937891725250607	0.7714321380095581	0.3065165356307213	0.220391624025638	-0.1054311442681433	0.0222222222222222	0.9666666666666668	0.3607843137254902	0.0013890608259275	0.0080374901088868	0.0106420120880451	0.6633750851790586	0.2016830733988666	0.3065165356155443	18.373861194686675	33.95573837801516	26.76115372170301	0.6952922908357391	0.7685834807082693	0.8865540081407939	0.2671020179405502	0.2757291978305987	0.5484595392943051	18.373861194686675	43.23368498419757	0.6674541670430685	37.0	111.0	177.0	0.0	0.8390780091285706	0.966663897037506	0.6392157077789307	6.214285373687744	29.99999046325684	0.2142857015132904	58.400000000000006	0.9158878528255742	0.1609195383802352	batch-2025-12-04_4_bgl1100_8	batch-2025-12-04_4_bgl1100	660.03
90.0	14.0	3.0	2.6561038414516767	0.9422855926661964	0.7923802081863428	0.5942769676274121	0.5765229276029193	0.1639136897971448	0.0222222222222222	0.9666666666666668	0.3529411764705882	0.0013759690168351	0.0083203183099158	0.0104160934958923	0.3508629835793084	-0.1174060225504622	0.59427696762064	17.896046658063483	33.298172472589485	26.04153558071901	0.6947317162208051	0.7240339310217274	0.848817434876063	0.5911211275990765	0.4816610629027239	0.6763936414107241	17.896046658063483	42.27209322255251	0.6637126262443451	35.0	112.0	176.0	0.0	0.8409066200256348	0.966663897037506	0.6470588445663452	6.28571367263794	29.99999046325684	0.199999988079071	57.4	0.9158878528255742	0.1590909072830579	batch-2025-12-04_4_bgl1100_9	batch-2025-12-04_4_bgl1100	645.97
98.0	16.0	3.0	2.388565529264341	0.9030829196099354	0.840616983561773	-0.1604207255899749	0.1290742561237952	0.2053500436246029	0.0228070175438596	0.9696969696969696	0.3843137254901961	0.0014218605923571	0.0084417939866327	0.0093669236441706	-0.3632864530433958	-0.2526607655413916	-0.1604207256259744	19.94216829239366	35.367143730329786	28.884396579150167	0.6105657516519285	0.669800823832811	0.8030712096772004	-0.0162026912988243	-0.6395490480687801	-0.3154757281077617	19.94216829239366	45.663368484852576	0.684842095355233	39.0	110.0	180.0	0.0	0.8367325067520142	0.969694435596466	0.615686297416687	6.124999046325684	32.9999885559082	0.1874999850988388	62.6	0.9230769250493096	0.1632653044564765	batch-2025-12-04_4_bgl1100_10	batch-2025-12-04_4_bgl1100	611.36
94.0	15.0	3.0	2.624896679271695	0.901046951733949	0.8273609093913603	0.2444272572731332	0.2463716738178857	-0.1650194609244445	0.0222222222222222	0.9677419354838708	0.3686274509803922	0.0015419813532596	0.0085168343050664	0.0102937124677378	0.4288094546075449	0.2523895021456188	0.2444272572554158	19.0364922439729	34.0216915187021	27.22459476815915	0.6655517102825919	0.7636581320315343	0.8596050708075141	0.2578845187630806	0.0541076997574638	0.4606656961922685	19.0364922439729	43.573547641708096	0.6748707159818474	38.0	111.0	177.0	0.0	0.8387073874473572	0.9677392244338988	0.6313725709915161	6.199999809265137	30.99999046325684	0.2142857015132904	60.0	0.9189189211102994	0.1612903208463406	batch-2025-12-04_4_bgl1100_11	batch-2025-12-04_4_bgl1100	643.81
95.0	15.0	3.0	2.715679350404117	0.9166837841534728	0.8452852451677388	-0.2157702061273468	0.1195060884099175	-0.2522379331447217	0.0222222222222222	0.9677419354838708	0.3725490196078431	0.001668182573312	0.0087989162421212	0.0106497229427605	0.5092125336657071	0.3040004949230784	-0.2157702061595232	19.157627448677765	34.66807815230266	27.40120555598813	0.6838977234465198	0.796285198687516	0.9411195718239168	-0.2015081053033875	-0.3553433958635951	0.080206634363928	19.157627448677765	44.18938457022999	0.668851937955959	38.0	111.0	178.0	0.0	0.8404232263565063	0.9677392244338988	0.6274509429931641	6.266666412353516	30.99999046325684	0.199999988079071	60.6	0.9189189211102994	0.1595744663875057	batch-2025-12-04_4_bgl1100_12	batch-2025-12-04_4_bgl1100	650.84
82.0	12.0	3.0	2.245549424972941	0.9484115879270016	0.8298304815597927	0.2306483611866231	0.5711198267344225	-0.2042222290133739	0.0189873417721519	0.963855421686747	0.3215686274509804	0.001466759781545	0.0095702592858024	0.0088060761763582	1.9059542227734825	0.3138672768376562	0.2306483611310095	15.819269485162444	31.19815632130657	23.07682974768404	0.6142124741570731	0.606908118347319	0.7159128636154913	0.3958411005153752	-0.6226631672286734	1.0784796484922858	15.819269485162444	38.805476791971984	0.6368672028572739	32.0	114.0	172.0	0.0	0.8536558747291565	0.9638524055480956	0.6784313917160034	6.833333015441895	27.66665840148925	0.2499999850988388	52.2	0.908163268117451	0.1463414616299821	batch-2025-12-04_4_bgl1100_13	batch-2025-12-04_4_bgl1100	742.78
83.0	12.0	3.0	2.1347978981144218	0.8761835796027094	0.7290984287661705	-0.3137897793284381	0.9623193178328742	-0.1816524721109256	0.0189873417721519	0.963855421686747	0.3254901960784314	0.0014848395449146	0.0084540934494418	0.0083717564631983	1.8342046823394496	0.2875096287428144	-0.3137897793583615	16.04975532518236	31.549117639830897	23.41547458343801	0.5785845831216817	0.5725355186377865	0.7674009753407103	-0.0577843972094172	-1.154787633994874	0.4160387848662887	16.04975532518236	39.28907321151163	0.6384846569489067	32.0	114.0	173.0	0.0	0.8536558747291565	0.9638524055480956	0.6745097637176514	6.833333015441895	27.66665840148925	0.2499999850988388	52.8	0.908163268117451	0.1463414616299821	batch-2025-12-04_4_bgl1100_14	batch-2025-12-04_4_bgl1100	739.53
84.0	12.0	3.0	1.8510912135887432	0.9427942824741288	0.7667311921678372	0.3632523058566586	0.8733039208442833	-0.0198069260052468	0.0189873417721519	0.963855421686747	0.3294117647058823	0.0017172782869946	0.008982916296902	0.0072591812297584	1.2123070835944163	0.1218469246127503	0.3632523058232771	16.414969942866918	31.85622497694488	23.60563715503417	0.5186547538232867	0.4571149779713142	0.7559720736535566	0.5290525674288858	-0.2033554926679067	0.7538425183878772	16.414969942866918	39.64902489692346	0.6377197172030323	33.0	114.0	174.0	0.0	0.8554190397262573	0.9638524055480956	0.6705882549285889	6.916666030883789	27.66665840148925	0.2499999850988388	53.8	0.908163268117451	0.1445783115111046	batch-2025-12-04_4_bgl1100_15	batch-2025-12-04_4_bgl1100	733.04
81.0	12.0	2.0	2.7203270617421174	0.7634275478934018	0.9335332627206334	0.2837884200349077	0.1573524740380614	0.0481447481968157	0.0200803212851405	0.9746835443037976	0.3176470588235294	0.0015345796350374	0.0109326951260273	0.0106679492617283	0.2693032591549063	0.0560580510341174	0.2837884199926493	15.453761225770512	31.15532170816068	22.97333194907485	0.6984631438970568	0.8494026173938809	0.7597739124180566	0.3323792701663605	0.045746637778702	0.36738710407524	15.453761225770512	38.70953437567251	0.635375696496068	31.0	114.0	172.0	0.0	0.8554190397262573	0.9746803641319276	0.6823529005050659	6.916666030883789	39.49998092651367	0.1818181723356247	51.2	0.9354838730489072	0.1445783115111046	batch-2025-12-04_4_bgl1100_16	batch-2025-12-04_4_bgl1100	824.99
81.0	12.0	2.0	2.41643900897181	0.7275026858676777	0.9810877884151784	0.0111988055364239	0.1421208784150628	0.0912364295845885	0.0189873417721519	0.9746835443037976	0.3176470588235294	0.0015906611724312	0.0116415370672297	0.009476231407727	0.5001182208557144	0.0012433119696978	0.0111988055168972	15.453761225770512	31.15532170816068	22.97333194907485	0.622043534093707	0.7727068291253973	0.6331571425822924	0.0764440037199857	-0.1714357867540293	-0.4032210142184502	15.453761225770512	38.70953437567251	0.635375696496068	31.0	114.0	172.0	0.0	0.8554190397262573	0.9746803641319276	0.6823529005050659	6.916666030883789	39.49998092651367	0.1818181723356247	51.2	0.9354838730489072	0.1445783115111046	batch-2025-12-04_4_bgl1100_17	batch-2025-12-04_4_bgl1100	842.83
74.0	11.0	2.0	2.66767579775904	0.7071737715194073	0.6549569753704211	0.388644774932358	-0.1833582857663326	-0.2224567442662476	0.0214285714285714	0.9733333333333332	0.2901960784313726	0.001126875300145	0.0086208380829649	0.0104614737167039	-0.0732428147569427	0.3492087216549326	0.3886447749292309	13.696365157783063	28.98014399488721	20.508133217225765	0.6851595374997274	0.8410865126369654	0.9407025170086676	0.3177512778828495	0.3872239666467716	0.5567107482406052	13.696365157783063	35.50256714689624	0.6158494486026488	28.0	115.0	168.0	0.0	0.8533304333686829	0.9733299612998962	0.7098039388656616	6.818181037902832	37.49998092651367	0.1818181723356247	46.8	0.931818184142562	0.1466666647111111	batch-2025-12-04_4_bgl1100_18	batch-2025-12-04_4_bgl1100	898.0
75.0	11.0	2.0	2.33275300900773	0.6550933545191798	0.6667024288660502	0.2134410350187833	-0.0208391941126258	-0.2561697885348971	0.0205479452054794	0.9733333333333332	0.2941176470588235	0.0013547195695633	0.008685165144248	0.009148051015711	0.6456910011383614	0.3717643404818613	0.2134410349866967	14.059377811407494	29.019486723415174	20.89893343176256	0.592590350502134	0.753672303946743	0.8416237068373388	0.1641447342318354	0.1774511259260536	0.3465747654646435	14.059377811407494	35.761655838002135	0.624134315875778	29.0	115.0	168.0	0.0	0.8533304333686829	0.9733299612998962	0.7058823108673096	6.818181037902832	37.49998092651367	0.1818181723356247	47.6	0.931818184142562	0.1466666647111111	batch-2025-12-04_4_bgl1100_19	batch-2025-12-04_4_bgl1100	908.82
74.0	11.0	2.0	2.621383798798929	0.6571516236768821	0.6448773842452392	0.3524236163244258	-0.1093062885661216	-0.071920042387673	0.0214285714285714	0.9733333333333332	0.2901960784313726	0.00111824931803	0.0084956043686622	0.0102799364658786	-0.3733897108059786	0.1857478943551821	0.3524236163100967	13.734471929400474	29.019486723415174	20.508133217225765	0.6625908470464255	0.8528724526646874	0.9293274867134548	0.2639263329518699	0.3942017731701857	0.5939883096232795	13.734471929400474	35.53468921696021	0.6152098929280531	28.0	115.0	168.0	0.0	0.8533304333686829	0.9733299612998962	0.7098039388656616	6.818181037902832	37.49998092651367	0.1818181723356247	46.8	0.931818184142562	0.1466666647111111	batch-2025-12-04_4_bgl1100_20	batch-2025-12-04_4_bgl1100	904.49
74.0	11.0	2.0	2.498671367506484	0.6638581308691316	0.6318180909082064	0.3217996039168791	-0.1466130460897881	-0.3565571278464317	0.0214285714285714	0.9733333333333332	0.2901960784313726	0.0011229362526557	0.0083001151365445	0.0097987112451292	-0.0149131694039906	0.5159489549608529	0.3217996039034163	13.696365157783063	29.019486723415174	20.508133217225765	0.6360164308035824	0.8086521883092866	0.873086553903173	0.2564122053728226	0.3157114525253708	0.6095817396541243	13.696365157783063	35.53468921696021	0.6152098929280531	28.0	115.0	168.0	0.0	0.8533304333686829	0.9733299612998962	0.7098039388656616	6.818181037902832	37.49998092651367	0.1818181723356247	46.8	0.931818184142562	0.1466666647111111	batch-2025-12-04_4_bgl1100_21	batch-2025-12-04_4_bgl1100	855.27
70.0	10.0	2.0	2.432142195877624	0.9824419063502612	0.7964944488804601	1.0523240902311828	0.4161046077486688	-0.6044574948469389	0.0205479452054794	0.9722222222222224	0.2745098039215686	0.0020254055200376	0.0111132851661581	0.0095378125328613	-0.2785782365287342	0.6712557215465008	1.0523240901631497	12.745901343199066	27.58562382927656	19.35196627474431	0.688067411911712	0.618766631943668	0.9597490070966576	0.8998900710182097	1.3135714279789328	0.6904570475785454	12.745901343199066	33.69666512800921	0.6117477863136545	27.0	115.0	166.0	0.0	0.8591518402099609	0.9722187519073486	0.7254902124404907	7.09999942779541	35.99998474121094	0.1818181723356247	44.2	0.9294117671972316	0.1408450684388018	batch-2025-12-04_4_bgl1100_22	batch-2025-12-04_4_bgl1100	932.07
70.0	10.0	1.0	2.273182094296217	0.9413703211703164	0.862985124806346	0.5359259738557042	0.3001088502138112	-0.1777820399971608	0.0214285714285714	0.9852941176470588	0.2745098039215686	0.0019677394130318	0.0121855932019761	0.0089144395854776	-0.7069850619113693	0.1750958498003729	0.5359259737779907	12.48395659263447	27.58562382927656	19.19527573783383	0.6419995011610599	0.6135772596390267	0.8725280393205644	0.5266564253348615	0.2555347082752996	0.0835813053080562	12.48395659263447	33.60692269015154	0.6079308847135374	26.0	115.0	166.0	0.0	0.8591518402099609	0.9852903485298156	0.7254902124404907	7.09999942779541	67.99993896484375	0.1111110970377922	43.8	0.9610389625569236	0.1408450684388018	batch-2025-12-04_4_bgl1100_23	batch-2025-12-04_4_bgl1100	852.57
97.0	17.0	4.0	2.2804612556197843	0.8959936734793736	0.7700194806435581	-0.2649282110883174	-0.32509521244879	-0.1350149340231191	0.0222222222222222	0.9578947368421052	0.3803921568627451	0.0014452160394428	0.0075017577112606	0.0089429853161546	-0.1724834919857839	0.2247148996368355	-0.2649282110982083	19.950988637679536	34.74106445237771	28.06039083079717	0.586443296211027	0.6525573846572784	0.7011645622167104	-0.2902649225372268	-0.2581719931475056	0.0166652201829276	19.950988637679536	44.65788948059848	0.6794190368403938	39.0	111.0	178.0	0.0	0.8282806873321533	0.957892119884491	0.6196078062057495	5.82352876663208	23.7499942779541	0.2499999701976776	62.8	0.8947368448753462	0.1717171699826548	batch-2025-12-04_4_bgl1100_Baffle_1	batch-2025-12-04_4_bgl1100_Baffle	578.91
96.0	16.0	4.0	2.8220663168766853	1.186825268936463	0.7660525762968304	0.8231086817435298	0.5777079621683434	-0.0215604124390865	0.0222222222222222	0.9574468085106383	0.3764705882352941	0.0015191959290278	0.0073531095609669	0.0110669267328461	-0.170448184047724	0.1444768378610443	0.8231086817293355	19.51201203211913	34.66807815230266	27.460590351279784	0.7533620654781482	0.7043828975720559	0.8919802947812255	0.8393261212173052	0.5217231269508555	0.9565241800678308	19.51201203211913	44.22623277213385	0.6699053716629139	39.0	111.0	178.0	0.0	0.8297849297523499	0.957444190979004	0.6235294342041016	5.874999523162842	23.4999942779541	0.2631578743457794	61.79999999999999	0.8947368448753462	0.1702127641466727	batch-2025-12-04_4_bgl1100_Baffle_2	batch-2025-12-04_4_bgl1100_Baffle	530.77
97.0	17.0	4.0	2.34697447550871	0.9130955917105162	0.7350197869443281	0.2351229975315003	0.0727075518376498	-0.2008546307481556	0.0235507246376811	0.9578947368421052	0.3803921568627451	0.0014045320146177	0.0071728023183203	0.0092038214725823	-0.2733576286271074	0.3147710970671043	0.2351229975351325	19.950988637679536	34.74106445237771	28.06039083079717	0.6039740283924633	0.6580747745889463	0.7464567048749612	0.2230628432357838	0.1623046272871905	0.5336843178766941	19.950988637679536	44.65788948059848	0.6794190368403938	39.0	111.0	178.0	0.0	0.8282806873321533	0.957892119884491	0.6196078062057495	5.82352876663208	23.7499942779541	0.2499999701976776	62.8	0.8947368448753462	0.1717171699826548	batch-2025-12-04_4_bgl1100_Baffle_3	batch-2025-12-04_4_bgl1100_Baffle	538.35
95.0	16.0	4.0	2.6058207861975657	1.1008186567636458	0.773786040916519	0.4475573176365172	0.328492664092231	-0.1959832149431104	0.0222222222222222	0.9574468085106383	0.3725490196078431	0.0015087741624888	0.0075602200482599	0.0102189050439276	-0.0405422743404237	0.2580725931239321	0.4475573176097921	19.41435759763143	34.362798822901915	27.460590351279784	0.6919993446536927	0.6792389896982013	0.8118225221325713	0.4941715427145088	0.0195635108363404	0.5605026250507297	19.41435759763143	43.98733869403819	0.6742146145955239	39.0	111.0	178.0	0.0	0.8297849297523499	0.957444190979004	0.6274509429931641	5.874999523162842	23.4999942779541	0.2499999701976776	61.4	0.8947368448753462	0.1702127641466727	batch-2025-12-04_4_bgl1100_Baffle_4	batch-2025-12-04_4_bgl1100_Baffle	513.47
95.0	16.0	4.0	2.35029229889983	0.996107516163814	0.7689869985392084	-0.0726241796405252	-0.0947004392691186	0.013536734082995	0.0222222222222222	0.9578947368421052	0.3725490196078431	0.0014512132649305	0.0075379281215197	0.0092168325446992	-0.1588591127261074	0.047840381778447	-0.0726241796732187	19.41435759763143	34.362798822901915	27.518275741867505	0.619016743459773	0.6418218931118376	0.7220061884993006	-0.0719436909278709	-0.1839092386500514	-0.0771707841540367	19.41435759763143	44.02337382287599	0.6752382456036106	39.0	111.0	178.0	0.0	0.8297849297523499	0.957892119884491	0.6274509429931641	5.874999523162842	23.7499942779541	0.2499999701976776	61.4	0.8947368448753462	0.1702127641466727	batch-2025-12-04_4_bgl1100_Baffle_5	batch-2025-12-04_4_bgl1100_Baffle	571.88
93.0	15.0	4.0	1.9816362345812524	0.9051388718761252	0.8632415177760059	0.1807539950759988	0.1070078882738447	0.1538942091620746	0.0222222222222222	0.9578947368421052	0.3647058823529411	0.0017545794419922	0.0090447649775844	0.0077711224885523	-0.1518140551805858	-0.2167734005264014	0.1807539950916641	18.697158075316544	33.99234155735131	27.157374505151576	0.5256324771392359	0.5535521071013714	0.6799597990832077	0.2076282698186255	-0.0579013386669801	-0.6638010224655614	18.697158075316544	43.50864597484838	0.6740858832204673	37.0	111.0	177.0	0.0	0.8369541764259338	0.957892119884491	0.6352940797805786	6.1333327293396	23.7499942779541	0.2499999701976776	59.4	0.8947368448753462	0.1630434764886578	batch-2025-12-04_4_bgl1100_Baffle_6	batch-2025-12-04_4_bgl1100_Baffle	645.43
94.0	16.0	4.0	2.2437335511155405	0.9770830577303118	0.862952652150005	-0.0807969782196953	0.1906219261735886	-0.0333768274194411	0.0222222222222222	0.9578947368421052	0.3686274509803922	0.0015206295893882	0.0087366632230331	0.0087989551024143	-0.3051633960983996	-0.0240454500533272	-0.0807969782413212	19.05505145172667	34.0216915187021	27.22459476815915	0.5975380013744924	0.6054008091662952	0.6901040267787372	-0.0597645692386698	-0.1492261003498977	-0.7484072322291548	19.05505145172667	43.573547641708096	0.6748707159818474	38.0	111.0	177.0	0.0	0.8333311080932617	0.957892119884491	0.6313725709915161	5.999999523162842	23.7499942779541	0.2499999701976776	60.4	0.8947368448753462	0.1666666649305555	batch-2025-12-04_4_bgl1100_Baffle_7	batch-2025-12-04_4_bgl1100_Baffle	612.98
92.0	15.0	4.0	1.8790086791533016	1.0671973966349149	0.8361970256783878	0.5468045325473438	0.1530903397257625	-0.0600273022366936	0.0191570881226053	0.956043956043956	0.3607843137254902	0.002085700256485	0.0089853914533995	0.007368661486876	0.570449757938703	0.0588097530425072	0.5468045325346101	18.490728572895208	33.67453720254554	26.043821896973345	0.5288094779370656	0.4592188720775725	0.7416719252940156	0.4973160547443614	0.0679222993079343	0.2290004786538019	18.490728572895208	42.57058978692792	0.6583084730825414	37.0	112.0	176.0	0.0	0.8372067809104919	0.9560412764549256	0.6392157077789307	6.142856597900391	22.7499942779541	0.2857142686843872	59.0	0.8899082599107818	0.1627906957815035	batch-2025-12-04_4_bgl1100_Baffle_8	batch-2025-12-04_4_bgl1100_Baffle	660.03
91.0	14.0	4.0	1.89192667209679	1.03762907307312	0.8174271531122512	-0.4295739746572949	0.2500109716666455	0.0054999896100227	0.0191570881226053	0.956043956043956	0.3568627450980392	0.0018718541299546	0.0089180472053737	0.0074193202827306	1.0609838695847615	-0.0257536303231719	-0.4295739747048	18.133013750555342	33.67453720254554	25.97188882192017	0.526980227726076	0.477749776669959	0.7452468994403744	-0.1858210218860043	-1.2116280138534563	-0.2327932747903215	18.133013750555342	42.52662066028531	0.6569704615665493	36.0	112.0	176.0	0.0	0.8421030044555664	0.9560412764549256	0.6431372165679932	6.333333015441895	22.7499942779541	0.2857142686843872	58.2	0.8899082599107818	0.1578947351800554	batch-2025-12-04_4_bgl1100_Baffle_9	batch-2025-12-04_4_bgl1100_Baffle	645.97
98.0	17.0	4.0	2.4250484247048965	0.9828927810351265	0.7765258924882299	-0.0316553736857486	0.1650717346394319	-0.0623335100204856	0.0212765957446808	0.9583333333333334	0.3843137254901961	0.0015916501859404	0.0076042118694296	0.0095099938223729	0.0859119631341591	0.1642470842480838	-0.0316553737096621	19.950988637679536	35.39379138201146	28.48706530573872	0.6254138276743582	0.686302176978808	0.7773112877954422	0.0258035997524725	-0.2761540575550289	0.2976759666659118	19.950988637679536	45.43383494849154	0.6776976544443525	39.0	111.0	180.0	0.0	0.8282806873321533	0.9583307504653932	0.615686297416687	5.82352876663208	23.9999942779541	0.2499999701976776	62.8	0.8974359000657461	0.1717171699826548	batch-2025-12-04_4_bgl1100_Baffle_10	batch-2025-12-04_4_bgl1100_Baffle	611.36
93.0	15.0	4.0	2.011541525470683	0.9235726709488032	0.9062376252997602	0.6190337068475175	0.1065205541700161	0.1899221319168025	0.0222222222222222	0.9583333333333334	0.3647058823529411	0.0017562870875475	0.0094689685786681	0.0078883981390933	-0.1741568176082329	-0.2134479514390888	0.61903370687145	18.697158075316544	33.99234155735131	27.157374505151576	0.5342474315014415	0.5624980932732189	0.6685571008746123	0.5881180818572048	0.23768505035443	-0.2106543860003187	18.697158075316544	43.50864597484838	0.6740858832204673	37.0	111.0	177.0	0.0	0.8387073874473572	0.9583307504653932	0.6352940797805786	6.199999809265137	23.9999942779541	0.2352940887212753	59.4	0.8974359000657461	0.1612903208463406	batch-2025-12-04_4_bgl1100_Baffle_11	batch-2025-12-04_4_bgl1100_Baffle	643.81
93.0	15.0	4.0	2.596088466160378	0.9525311215789556	0.8996503183134481	0.2939582547225224	0.0401552272617188	0.1059775529204933	0.0222222222222222	0.9578947368421052	0.3647058823529411	0.0016806823520984	0.0093142473670968	0.0101807390829806	-0.1770493363014559	-0.162802311452605	0.2939582547027123	18.697158075316544	33.99234155735131	27.157374505151576	0.6736873671216503	0.7135532952811386	0.8569922540585615	0.2860628321835828	0.0974116440192244	-0.2199524296123323	18.697158075316544	43.50864597484838	0.6740858832204673	37.0	111.0	177.0	0.0	0.8369541764259338	0.957892119884491	0.6352940797805786	6.1333327293396	23.7499942779541	0.2499999701976776	59.4	0.8947368448753462	0.1630434764886578	batch-2025-12-04_4_bgl1100_Baffle_12	batch-2025-12-04_4_bgl1100_Baffle	650.84
81.0	13.0	3.0	2.439781853650354	0.7595390405407748	0.9008808276867052	0.8490922312207413	0.3387360401631122	0.1170317967325033	0.0197368421052631	0.9625	0.3176470588235294	0.0017780729468226	0.0104468913891625	0.0095677719750904	0.5597792765455457	0.0998824397313596	0.8490922312226925	15.70678863785146	30.49024230943434	23.293965133648115	0.6296588613135526	0.7421317445150588	0.7790586791751053	0.7357941478996385	1.008829054428498	0.0506263533086467	15.70678863785146	38.370088450974855	0.6523890531530562	32.0	113.0	171.0	0.0	0.8480985164642334	0.9624968767166138	0.6823529005050659	6.583333015441895	26.66665840148925	0.2499999850988388	51.6	0.9052631608864266	0.1518987322544464	batch-2025-12-04_4_bgl1100_Baffle_13	batch-2025-12-04_4_bgl1100_Baffle	742.78
82.0	13.0	3.0	2.583790090423734	0.703272138402631	0.9776882304691624	0.4601721800301572	-0.0818360215708101	0.1840263373786327	0.0208333333333333	0.963855421686747	0.3215686274509804	0.0018294363735247	0.0110715207409732	0.0101325101585192	0.1568285069355294	-0.0214367502469371	0.4601721799850116	15.808008561771778	31.16194647845005	23.46995312781137	0.6571586385224484	0.8075200836401691	0.744885382240701	0.3881969519266069	0.5385849726032087	-0.2399357896700289	15.808008561771778	39.01160863316776	0.6455208837144794	32.0	113.0	172.0	0.0	0.8433709144592285	0.9638524055480956	0.6784313917160034	6.384614944458008	27.66665840148925	0.2307692170143127	52.0	0.90909091184573	0.15662650413703	batch-2025-12-04_4_bgl1100_Baffle_14	batch-2025-12-04_4_bgl1100_Baffle	739.53
83.0	13.0	3.0	2.5957676239047656	0.755661550296095	0.9998765808309554	0.5196016603460153	0.0947710256994405	0.1200620312609784	0.0208333333333333	0.963855421686747	0.3254901960784314	0.0017785902958271	0.0110612792457391	0.0101794808780639	0.2719117075782261	0.0003803431142329	0.5196016602733224	16.175400521848154	31.196884146596105	23.5727390648914	0.6574703270138832	0.8294884012690932	0.6667764353476109	0.5267497458009072	0.3245223295712426	0.6165015516524717	16.175400521848154	39.10140160502685	0.647083104776025	33.0	113.0	172.0	0.0	0.8433709144592285	0.9638524055480956	0.6745097637176514	6.384614944458008	27.66665840148925	0.2307692170143127	53.0	0.90909091184573	0.15662650413703	batch-2025-12-04_4_bgl1100_Baffle_15	batch-2025-12-04_4_bgl1100_Baffle	733.04
79.0	12.0	3.0	1.9853512513172256	0.6459974791948363	0.6147662676528497	-0.1054419143874814	0.3086176789453644	-0.3085299339398812	0.0197368421052631	0.962025316455696	0.3098039215686274	0.0013224956700457	0.0077132215944872	0.0077856911816363	1.0747896532191648	0.4005916941562141	-0.1054419144282328	15.12798686897118	30.133189766529483	22.05610947583332	0.5067755152677004	0.6220106141348426	0.7511978501692048	0.0313029133501986	-0.5080755880078544	0.2265856465961527	15.12798686897118	37.34275151506141	0.6318512945209397	31.0	114.0	170.0	0.0	0.8480985164642334	0.9620221853256226	0.6901960372924805	6.583333015441895	26.333324432373047	0.2499999850988388	50.4	0.9042553222046174	0.1518987322544464	batch-2025-12-04_4_bgl1100_Baffle_16	batch-2025-12-04_4_bgl1100_Baffle	824.99
79.0	12.0	3.0	2.145774091338216	0.6910009807562298	0.6598412860278711	0.1089831095515411	0.1409880763409415	-0.3734415558475938	0.0197368421052631	0.962025316455696	0.3098039215686274	0.0014318437305946	0.0081023396312524	0.0084148003581903	1.0256539826388211	0.5213513165510517	0.1089831095033351	15.12798686897118	30.133189766529483	22.05610947583332	0.5537416908948688	0.6534976807441791	0.7806533930461244	0.1090315373753832	-0.0148971699365955	0.1686658485743555	15.12798686897118	37.34275151506141	0.6318512945209397	31.0	114.0	170.0	0.0	0.8480985164642334	0.9620221853256226	0.6901960372924805	6.583333015441895	26.333324432373047	0.2499999850988388	50.4	0.9042553222046174	0.1518987322544464	batch-2025-12-04_4_bgl1100_Baffle_17	batch-2025-12-04_4_bgl1100_Baffle	842.83
73.0	11.0	3.0	2.00819721839233	0.9800711936897318	0.752193856056168	0.330165925031233	0.5185791414042347	-0.597113907745912	0.0197368421052631	0.9605263157894736	0.2862745098039215	0.0021347246427706	0.0100951979546436	0.0078752832093797	-0.2123834610248683	0.5857920497464225	0.3301659249307498	13.47523940136707	28.70378649730543	20.415392318064985	0.5728996313113369	0.5249864680197471	0.8135370909823292	0.456502886467281	-0.313630999019997	0.1437079285385618	13.47523940136707	35.22350923436505	0.618232395429115	28.0	115.0	167.0	0.0	0.8513484001159668	0.9605230689048768	0.7137254476547241	6.727272033691406	25.333324432373047	0.2499999850988388	46.4	0.9010989043593768	0.1486486466398831	batch-2025-12-04_4_bgl1100_Baffle_18	batch-2025-12-04_4_bgl1100_Baffle	898.0
74.0	11.0	3.0	2.222472943205679	0.954399038850438	0.7710290293760695	0.1486018580264578	-0.0103013907445385	-0.4078046965113063	0.0205479452054794	0.962025316455696	0.2901960784313726	0.0017918441013824	0.0100436560935557	0.0087155801694272	-0.9027128075933152	0.3920951020220731	0.1486018580038331	13.8271236936479	28.70378649730543	20.55053853631152	0.621466975015929	0.5971860634340076	0.8132499735696077	0.0898888355772603	0.0892404929758634	-0.1545612539070557	13.8271236936479	35.30201118088484	0.6213520874582886	29.0	115.0	167.0	0.0	0.8513484001159668	0.9620221853256226	0.7098039388656616	6.727272033691406	26.333324432373047	0.2499999850988388	47.0	0.9042553222046174	0.1486486466398831	batch-2025-12-04_4_bgl1100_Baffle_19	batch-2025-12-04_4_bgl1100_Baffle	908.82
74.0	11.0	3.0	1.8854143947926632	0.9838223827044804	0.7340567308413338	0.7295417168620254	0.4028862678845382	-0.6481029755880247	0.0197368421052631	0.9605263157894736	0.2901960784313726	0.0021145093048115	0.009794743827816	0.0073937819403653	-0.1078387711965863	0.6692033438379531	0.7295417167703612	13.8271236936479	28.70378649730543	20.415392318064985	0.5472411614741453	0.4687861220144405	0.7770703743231502	0.6887005763578048	0.4198613691211809	0.4126756047368199	13.8271236936479	35.22350923436505	0.618232395429115	29.0	115.0	167.0	0.0	0.8513484001159668	0.9605230689048768	0.7098039388656616	6.727272033691406	25.333324432373047	0.2499999850988388	47.0	0.9010989043593768	0.1486486466398831	batch-2025-12-04_4_bgl1100_Baffle_20	batch-2025-12-04_4_bgl1100_Baffle	904.49
74.0	11.0	3.0	1.918976812510941	0.9715302004704016	0.7932773568464594	0.6720072870136635	0.4216992838260296	-0.6609350239358927	0.0205479452054794	0.9605263157894736	0.2901960784313726	0.0020728225985118	0.010562456173667	0.0075253992647611	-0.1951297620612492	0.6606781424963356	0.6720072869334601	13.8271236936479	28.70378649730543	20.415392318064985	0.554586678664372	0.4832446045978209	0.7670393266020277	0.6467393911075945	0.261902272219743	0.3629602424712606	13.8271236936479	35.22350923436505	0.618232395429115	29.0	115.0	167.0	0.0	0.8513484001159668	0.9605230689048768	0.7098039388656616	6.727272033691406	25.333324432373047	0.2499999850988388	47.0	0.9010989043593768	0.1486486466398831	batch-2025-12-04_4_bgl1100_Baffle_21	batch-2025-12-04_4_bgl1100_Baffle	855.27
71.0	10.0	3.0	2.240597234300429	0.7755757461170414	0.8246443163672971	0.1400426570421728	0.2054800702856143	0.0095023784209068	0.0196078431372548	0.958904109589041	0.2784313725490196	0.0023611568609449	0.011942963705659	0.0087866558207876	-0.4763592785713256	-0.0860749935596733	0.1400426570200836	13.095098103995056	27.59518938230071	19.11195802706836	0.5909052552629074	0.680545215993296	0.983366969798831	0.1838320106531358	0.0180249367977462	0.0595583752495701	13.095098103995056	33.56726704206741	0.6057307226246011	28.0	116.0	166.0	0.0	0.8571397066116333	0.95890074968338	0.7215685844421387	6.999999523162842	24.33332633972168	0.2727272510528564	45.39999999999999	0.8953488408599242	0.1428571408163265	batch-2025-12-04_4_bgl1100_Baffle_22	batch-2025-12-04_4_bgl1100_Baffle	932.07
70.0	10.0	3.0	2.304509983547079	0.7728239660616388	0.8814339027475361	0.0273134201262151	-0.043315093693192	-0.1972429661645264	0.0166666666666666	0.958904109589041	0.2745098039215686	0.0023251791040231	0.0127278322478108	0.0090372940531266	0.0031604653817091	0.126539568155188	0.0273134201068547	12.759687416425706	27.5658142655352	18.96319660123072	0.6063734022095139	0.7167626219611238	0.9719786802588464	-0.0433509648609722	0.0457142186896684	0.0357720038704468	12.759687416425706	33.45858546709517	0.6025754846940442	27.0	116.0	166.0	0.0	0.8571397066116333	0.95890074968338	0.7254902124404907	6.999999523162842	24.33332633972168	0.2999999821186065	44.4	0.8953488408599242	0.1428571408163265	batch-2025-12-04_4_bgl1100_Baffle_23	batch-2025-12-04_4_bgl1100_Baffle	852.57
104.0	16.0	4.0	2.308237479956429	1.0252578373425123	0.6126717276805945	-0.8651398476443208	0.5124693654030426	-0.4321980114389307	0.0214521452145214	0.9615384615384616	0.4078431372549019	0.001373380510436	0.005476665681245	0.0090519116861071	0.4458480418652724	0.4467513234948761	-0.8651398476537692	21.29499544855364	37.12251351888207	30.353752161069814	0.5934951604947	0.6573430355829659	0.6449580194351229	-0.5079845546351371	-1.4116813326162407	-0.518355801100006	21.29499544855364	47.952385552913135	0.6854194035718846	41.0	110.0	182.0	0.0	0.8380932211875916	0.9615360498428344	0.5921568870544434	6.176469802856445	25.9999942779541	0.2499999701976776	66.39999999999999	0.903225808792924	0.1619047603628118	batch-2025-12-04_4_bgl1120_1	batch-2025-12-04_4_bgl1120	578.91
102.0	16.0	4.0	2.6518929515798297	1.0234034340320437	0.7560065086122387	-0.4549657172487741	0.5390918617156186	-1.0004600147355696	0.0218855218855218	0.9611650485436892	0.4	0.0013636410463189	0.0069153136206962	0.0103995802022705	0.3474767368763954	1.1351160285732862	-0.4549657172849257	20.847056880877982	36.7430445705251	29.73529296671708	0.6760978316032688	0.7505604301937697	0.7168389688623116	-0.2344747970173288	-0.9472000383340976	-0.124115812778885	20.847056880877982	47.26773711664318	0.680371976517551	40.0	110.0	182.0	0.0	0.8383816480636597	0.9611626267433168	0.6000000238418579	6.187499046325684	25.7499942779541	0.2352940887212753	65.19999999999999	0.903225808792924	0.1616161599836751	batch-2025-12-04_4_bgl1120_2	batch-2025-12-04_4_bgl1120	530.77
103.0	17.0	4.0	2.4147486484888065	1.067222129307891	0.6806948049742817	-0.8533953420607671	0.439551157297509	-0.7169488721692809	0.0216666666666666	0.9611650485436892	0.403921568627451	0.0014258539043153	0.0061736281154455	0.0094696025430878	0.5682091213991548	0.8664111497162134	-0.8533953420845012	21.18545497845372	36.754256300828125	30.170008658083745	0.6261365037694032	0.6687006418562831	0.6839784226571872	-0.5460385649828162	-1.401162198784176	-0.3739208665479566	21.18545497845372	47.55107547317738	0.6873301983189644	41.0	110.0	182.0	0.0	0.8365364074707031	0.9611626267433168	0.5960783958435059	6.117646217346191	25.7499942779541	0.2352940887212753	66.0	0.903225808792924	0.1634615368897929	batch-2025-12-04_4_bgl1120_3	batch-2025-12-04_4_bgl1120	538.35
102.0	16.0	4.0	2.9087628302083046	1.150881067270684	0.803956537194888	-0.2175693952648759	0.6140679182131669	-0.6272168292535587	0.0217391304347826	0.9611650485436892	0.4	0.0013443319728449	0.0072551303219787	0.0114069130596329	0.3224231224673766	0.8561329882151338	-0.2175693953288999	20.847056880877982	36.7430445705251	29.73529296671708	0.7556630745118298	0.7727206710734648	0.7900619056962772	-0.0010923866330263	-0.7865588839546841	0.134271368884824	20.847056880877982	47.26773711664318	0.680371976517551	40.0	110.0	182.0	0.0	0.8383816480636597	0.9611626267433168	0.6000000238418579	6.187499046325684	25.7499942779541	0.2352940887212753	65.19999999999999	0.903225808792924	0.1616161599836751	batch-2025-12-04_4_bgl1120_4	batch-2025-12-04_4_bgl1120	513.47
102.0	16.0	4.0	2.511964691554451	0.9063183180289328	0.7755252411271985	-0.6175384238926515	0.0746577353649182	-0.91663017311045	0.0218855218855218	0.9615384615384616	0.4	0.0012853577426515	0.0071342035570279	0.0098508419276656	0.2140443020118053	1.0428662525943262	-0.6175384239271912	20.847056880877982	36.7430445705251	29.73529296671708	0.6267933845990163	0.755827427388443	0.6331984013194341	-0.5879437801605318	-0.5784356753704958	-0.7514631852723829	20.847056880877982	47.26773711664318	0.680371976517551	40.0	110.0	182.0	0.0	0.8383816480636597	0.9615360498428344	0.6000000238418579	6.187499046325684	25.9999942779541	0.2352940887212753	65.19999999999999	0.903225808792924	0.1616161599836751	batch-2025-12-04_4_bgl1120_5	batch-2025-12-04_4_bgl1120	571.88
98.0	15.0	2.0	3.37390623729341	0.9719655409841644	0.9843595910058844	-3.744802973730551	-0.4574315055201153	0.2313788104641151	0.0225694444444444	0.978494623655914	0.3843137254901961	0.0012616911940962	0.0096445691530189	0.0132310048521297	-0.7852931914738687	-0.2046291720499696	-3.7448029738084574	19.81637711329421	35.667604681686974	29.14902670350022	0.8566657272865387	0.9678035745685416	1.0604605629620258	-3.661117094900929	-4.160738274663425	-5.681926512539764	19.81637711329421	46.06347556894146	0.6851656543668039	38.0	110.0	181.0	0.0	0.8469365239143372	0.9784919023513794	0.615686297416687	6.533332824707031	46.499977111816406	0.1428571343421936	62.2	0.944954129955391	0.1530612229279467	batch-2025-12-04_4_bgl1120_6	batch-2025-12-04_4_bgl1120	645.43
99.0	16.0	3.0	2.5797910453850936	0.8816340802934015	0.9475020747192602	-0.0100516205019715	0.341843166118491	-0.1447651353243745	0.0225694444444444	0.9696969696969696	0.388235294117647	0.0011931389211601	0.008972271127931	0.0101168276289569	-0.510677211350602	0.2082879527544909	-0.0100516205600439	20.16630106376269	35.70684367276444	29.198017511125908	0.6532701014058465	0.7433551725511296	0.6415316472779198	-0.007580976702891	0.0284944242513649	-0.7932458156288038	20.16630106376269	46.12486218571557	0.6854497483453281	39.0	110.0	181.0	0.0	0.8461517691612244	0.969694435596466	0.611764669418335	6.499999046325684	32.9999885559082	0.1874999850988388	63.2	0.92372881549842	0.1538461523668639	batch-2025-12-04_4_bgl1120_7	batch-2025-12-04_4_bgl1120	612.98
98.0	15.0	3.0	2.633793283398425	0.85748316203139	0.8563807475782798	0.1050119587623479	0.4568425275945933	-0.2236166695738859	0.0217391304347826	0.968421052631579	0.3843137254901961	0.0012109213058263	0.0086310955399277	0.0103286011113628	-0.491975699371242	0.2923809211932763	0.1050119586736553	19.81637711329421	35.621157699591485	28.354570503879668	0.6661386933927395	0.7438815232326251	0.8616877826716522	0.1144503073175104	0.1402362812739723	-0.2257384200336419	19.81637711329421	45.52854647711311	0.6722993707150816	38.0	111.0	180.0	0.0	0.8431351184844971	0.9684184193611144	0.615686297416687	6.374999046325684	31.666656494140625	0.199999988079071	62.2	0.920353984415381	0.1568627435601692	batch-2025-12-04_4_bgl1120_8	batch-2025-12-04_4_bgl1120	660.03
95.0	15.0	3.0	2.814446501327479	0.9424590038349662	0.8870341495689822	0.5061050397667368	0.9524241985655127	-0.0508443303161171	0.0219780219780219	0.9693877551020408	0.3725490196078431	0.0011258672721809	0.0090433929955388	0.0110370451032492	-0.3974842480395827	0.1123452548173567	0.5061050397276406	19.148404378302907	34.65361151015922	27.7978424757979	0.7296467683417032	0.7426876544182585	0.9093996938094582	0.5492874941388538	0.4349044954720399	0.2080656458108471	19.148404378302907	44.42513744499069	0.6760584099723874	37.0	111.0	178.0	0.0	0.8469365239143372	0.9693852066993712	0.6274509429931641	6.533332824707031	32.666656494140625	0.1874999850988388	60.6	0.9230769250493096	0.1530612229279467	batch-2025-12-04_4_bgl1120_9	batch-2025-12-04_4_bgl1120	645.97
104.0	16.0	4.0	2.0387688596205176	0.9840133970663244	0.6573644517069261	-0.8214001793929832	0.5326504882048073	-0.6244764873279192	0.0204081632653061	0.9615384615384616	0.4078431372549019	0.0012572675040766	0.0059411879371196	0.0079951719985084	0.7086340022364592	0.787271994229415	-0.8214001793972651	21.18645145353637	37.11543499811029	30.170008658083745	0.5297183786000547	0.5842275705390823	0.5369855792329095	-0.4616092329832805	-1.4578936179068631	-0.4827659774202761	21.18645145353637	47.8307948661508	0.6825391419403419	41.0	110.0	182.0	0.0	0.8431351184844971	0.9615360498428344	0.5921568870544434	6.374999046325684	25.9999942779541	0.2499999701976776	66.0	0.903225808792924	0.1568627435601692	batch-2025-12-04_4_bgl1120_10	batch-2025-12-04_4_bgl1120	611.36
98.0	15.0	3.0	2.5557980324861567	0.8688558678998761	1.0066878838890734	0.2090467639276086	0.4233967876683485	-0.1041300687791851	0.0225694444444444	0.9696969696969696	0.3843137254901961	0.0013669891165072	0.0098055482634714	0.0100227373823029	-0.4068260665824419	0.1624389730783949	0.2090467638341959	19.81637711329421	35.667604681686974	29.14902670350022	0.6453238260004688	0.7399037600716839	0.7097910978231717	0.2452110914290641	0.0825503302781446	-0.6233725078003491	19.81637711329421	46.06347556894146	0.6851656543668039	38.0	110.0	181.0	0.0	0.8469365239143372	0.969694435596466	0.615686297416687	6.533332824707031	32.9999885559082	0.1874999850988388	62.2	0.92372881549842	0.1530612229279467	batch-2025-12-04_4_bgl1120_11	batch-2025-12-04_4_bgl1120	643.81
99.0	15.0	3.0	2.670567788799077	0.8189744284549535	0.9570767417967948	0.0073840076028469	0.3458556839202427	-0.0974636657228166	0.0219780219780219	0.9696969696969696	0.388235294117647	0.0012740679387278	0.0090962069853697	0.0104728148580398	-0.3217135708411386	0.1698642142218741	0.0073840075030725	20.1583503248644	35.70684367276444	29.198017511125908	0.6690310751307901	0.7775713817321366	0.6844643174015032	0.0424664055012871	-0.0506908646486432	-0.732010711643422	20.1583503248644	46.12486218571557	0.6854497483453281	39.0	110.0	181.0	0.0	0.8469365239143372	0.969694435596466	0.611764669418335	6.533332824707031	32.9999885559082	0.1874999850988388	63.2	0.92372881549842	0.1530612229279467	batch-2025-12-04_4_bgl1120_12	batch-2025-12-04_4_bgl1120	650.84
86.0	13.0	3.0	2.655913166667028	0.8528906413113889	0.785560867802366	0.5854177037495659	0.006312124116439	-0.6732324880260339	0.0196078431372548	0.963855421686747	0.3372549019607843	0.0018287696184646	0.0091258660650083	0.0104153457516361	0.2087139434997825	0.6708087843723765	0.5854177037160195	16.75186408095753	32.21829027806916	24.032097767361225	0.6799217424845667	0.7678964070304153	0.9954000464188404	0.5950569204000238	0.3154955371583357	0.7040476657275289	16.75186408095753	40.19402880456168	0.6408814143629974	34.0	113.0	174.0	0.0	0.8470562696456909	0.9638524055480956	0.6627451181411743	6.538461208343506	27.66665840148925	0.2499999850988388	54.6	0.90909091184573	0.1529411746712803	batch-2025-12-04_4_bgl1120_13	batch-2025-12-04_4_bgl1120	742.78
86.0	13.0	3.0	2.5419308827524114	0.7928679220800918	0.8096563152383722	0.3686193610055445	-0.1093329806575416	-0.5969975305166104	0.0196078431372549	0.9642857142857142	0.3372549019607843	0.0017826676525471	0.0094636631419379	0.0099683564029476	-0.0223587241338265	0.5582598517232855	0.3686193609639426	16.851101368838492	32.2520203078778	24.968908902166685	0.6490955157310172	0.7267627932433193	0.9931789386356537	0.3996513308054165	0.1410031513373305	0.4098086982370824	16.851101368838492	40.78773376524443	0.6587983369865539	34.0	113.0	174.0	0.0	0.8470562696456909	0.964282751083374	0.6627451181411743	6.538461208343506	27.99999046325684	0.2499999850988388	54.8	0.90909091184573	0.1529411746712803	batch-2025-12-04_4_bgl1120_14	batch-2025-12-04_4_bgl1120	739.53
88.0	13.0	3.0	2.591483701295174	0.8557903193644146	0.8201612303718991	0.2618919691407073	-0.2340389478795955	-0.3061466329355875	0.0205992509363295	0.9659090909090908	0.3450980392156862	0.0018596102890006	0.0092527849774841	0.0101626811815497	-0.4154140509485188	0.2368307096539865	0.2618919691178072	17.31926484452716	32.94625943360025	25.23831949442064	0.6659034752229851	0.7398535419065985	0.9420366305476252	0.2776176745661148	-0.0085866804217124	0.2226494920951582	17.31926484452716	41.50215393890474	0.6536911161555888	34.0	112.0	175.0	0.0	0.8488346338272095	0.965906262397766	0.6549019813537598	6.615384101867676	29.333324432373047	0.2142857015132904	56.0	0.9134615409578402	0.1511627889399675	batch-2025-12-04_4_bgl1120_15	batch-2025-12-04_4_bgl1120	733.04
84.0	12.0	3.0	2.7904315827840365	0.8275094465911178	0.76099780190198	0.7438285263674426	0.12875483136757	-0.2988516397159332	0.0189873417721519	0.963855421686747	0.3294117647058823	0.0014723538688205	0.0086636344932532	0.0109428689520995	0.0352911354785729	0.3758839490028605	0.7438285263377444	16.28025177143048	31.851075609391792	23.674151682861783	0.7163764390120367	0.8163048832581006	0.9425558967238408	0.6734295699220544	0.7165150416321207	0.9939049692868328	16.28025177143048	39.68572130349076	0.6391840762215183	33.0	113.0	173.0	0.0	0.8536558747291565	0.9638524055480956	0.6705882549285889	6.833333015441895	27.66665840148925	0.2499999850988388	53.4	0.90909091184573	0.1463414616299821	batch-2025-12-04_4_bgl1120_16	batch-2025-12-04_4_bgl1120	824.99
84.0	12.0	3.0	2.6072791710343948	0.7984595939487819	0.7471083113932593	0.4222728829270388	-0.0038418315739577	-0.3309022089356304	0.0189873417721519	0.9634146341463414	0.3294117647058823	0.0014973512995781	0.0085946414541604	0.0102246242001319	0.0702615483254201	0.4100283047702326	0.4222728829020769	16.28025177143048	31.886459663250378	23.674151682861783	0.6661522236224185	0.7809891339847168	0.8967629727721269	0.3165794829390117	0.5248282785294558	0.6880076781588537	16.28025177143048	39.71412554443621	0.6386525768550911	33.0	113.0	173.0	0.0	0.8536558747291565	0.9634115695953368	0.6705882549285889	6.833333015441895	27.333324432373047	0.2499999850988388	53.4	0.9072164977149536	0.1463414616299821	batch-2025-12-04_4_bgl1120_17	batch-2025-12-04_4_bgl1120	842.83
77.0	11.0	3.0	2.423916235069464	1.069544063503511	0.8193654541879789	0.7383548956725398	0.2370567760341433	-0.3725389372189124	0.018018018018018	0.961038961038961	0.3019607843137254	0.002175886415679	0.0105487283716007	0.0095055538630214	-0.4204965367221382	0.3481613471066898	0.7383548956715067	14.536288565154337	29.81624367436128	21.202089708981354	0.6803939957617432	0.5802635954271221	1.001659027521604	0.6370841246702456	0.8435070375259757	0.4994740894372311	14.536288565154337	36.58602185092801	0.6181314743744544	30.0	115.0	169.0	0.0	0.8589715361595154	0.9610357284545898	0.698039174079895	7.090908527374268	25.66665840148925	0.2727272510528564	49.0	0.9010989043593768	0.14102563921762	batch-2025-12-04_4_bgl1120_18	batch-2025-12-04_4_bgl1120	898.0
79.0	11.0	3.0	2.250450355855344	0.8917943304661864	0.7620981751925792	0.4919738307828192	-0.053532818254252	-0.4246398796328854	0.018018018018018	0.9615384615384616	0.3098039215686274	0.0015158465050542	0.0096471660568112	0.0088252955131561	-0.7587719988070408	0.4025327419544653	0.4919738307626314	15.139744899968282	30.17138781011964	21.663843177786045	0.6115978043574983	0.5927849826206776	0.8933251264792762	0.351114117014514	0.7912627446743515	0.2800130937235041	15.139744899968282	37.14343473105769	0.6227218327166127	31.0	115.0	170.0	0.0	0.8571400046348572	0.9615352749824524	0.6901960372924805	6.999999523162842	25.99999237060547	0.2727272510528564	50.6	0.9021739162334592	0.1428571410018553	batch-2025-12-04_4_bgl1120_19	batch-2025-12-04_4_bgl1120	908.82
77.0	11.0	3.0	2.226920449194598	1.0403783901151098	0.8004262692628635	0.549436814849361	0.1756123569697256	-0.5475314633542254	0.0177777777777777	0.96	0.3019607843137254	0.0022482171954748	0.010411820552067	0.0087330213693922	-0.2916343750807869	0.5133957921719978	0.5494368148517165	14.536288565154337	29.81624367436128	21.202089708981354	0.6318475741629447	0.5131880375038314	0.9671935840340196	0.4489844540628058	0.7237380277768222	0.3933234305338358	14.536288565154337	36.58602185092801	0.6181314743744544	30.0	115.0	169.0	0.0	0.8589715361595154	0.9599967002868652	0.698039174079895	7.090908527374268	24.99999237060547	0.2999999821186065	49.0	0.8965517277051128	0.14102563921762	batch-2025-12-04_4_bgl1120_20	batch-2025-12-04_4_bgl1120	904.49
77.0	11.0	3.0	2.256697704175927	1.0348145214686542	0.8009610952720195	0.4357119411862774	0.08272451515027	-0.5760878620299517	0.0177777777777777	0.96	0.3019607843137254	0.0021283093198759	0.0103573439925921	0.0088497949183373	-0.4093067894876321	0.5521655563471962	0.4357119411820929	14.54850640564602	29.81888910949288	21.202089708981354	0.637155461793695	0.5346382500360367	0.9546118149770648	0.363809556543099	0.4050802808511891	0.3621438760038997	14.54850640564602	36.5881778140416	0.6180895738157298	30.0	115.0	169.0	0.0	0.8589715361595154	0.9599967002868652	0.698039174079895	7.090908527374268	24.99999237060547	0.2999999821186065	49.2	0.8965517277051128	0.14102563921762	batch-2025-12-04_4_bgl1120_21	batch-2025-12-04_4_bgl1120	855.27
75.0	10.0	3.0	2.1947745364358577	0.9234843485839614	0.7138687792468461	0.5262564887332919	0.7271789146063862	-0.4102411783821071	0.0164319248826291	0.9594594594594594	0.2941176470588235	0.0017187823950677	0.0089680527772287	0.0086069589664294	0.1197768466649325	0.5479331444970132	0.5262564887230565	13.81686281909725	29.735962583823216	20.173079465804083	0.6133970837771052	0.5799038503628078	0.7771283606118725	0.600193223456296	0.082644512975102	1.236833916095963	13.81686281909725	35.93300162691924	0.5960864144605047	28.0	116.0	169.0	0.0	0.8648618459701538	0.9594560861587524	0.7058823108673096	7.399999141693115	24.66665840148925	0.2999999821186065	47.4	0.8965517277051128	0.1351351333089847	batch-2025-12-04_4_bgl1120_22	batch-2025-12-04_4_bgl1120	932.07
74.0	10.0	3.0	2.4790639158510466	0.9140129090920176	0.7873205468929233	0.2718038657280979	0.7906131030734453	-0.5949772750237726	0.0164319248826291	0.9594594594594594	0.2901960784313726	0.0017172512017827	0.0099473889406322	0.0097218192778495	0.2988540288224344	0.7329463586261002	0.2718038656907011	13.709283453054304	29.0634645375032	19.987893684723645	0.6788243339070618	0.6888372120016194	0.8448410519196127	0.3985499027031491	-0.3320159856119228	0.9932928265090109	13.709283453054304	35.27323156268108	0.6024453134936874	28.0	116.0	168.0	0.0	0.8648618459701538	0.9594560861587524	0.7098039388656616	7.399999141693115	24.66665840148925	0.2999999821186065	47.0	0.8965517277051128	0.1351351333089847	batch-2025-12-04_4_bgl1120_23	batch-2025-12-04_4_bgl1120	852.57
